length,$p_{stable}$,SpinGlass,Magnetization
74.0,0,1.0,0.02702702702702703
74.0,0,-3.0,0.0810810810810811
74.0,0,1.0,0.0810810810810811
74.0,0,-11.0,0.0810810810810811
74.0,0,-7.0,0.13513513513513514
74.0,0,9.0,0.13513513513513514
74.0,0,5.0,0.02702702702702703
74.0,0,-23.0,0.10810810810810811
74.0,0,13.0,0.02702702702702703
74.0,0,5.0,0.013333333333333334
74.0,0,-11.0,0.13513513513513511
74.0,0,13.0,0.02702702702702703
74.0,0,-7.0,0.21621621621621617
74.0,0,-11.0,0.05405405405405406
74.0,0,-11.0,0.02702702702702703
74.0,0,13.0,0.0810810810810811
74.0,0,1.0,0.1891891891891892
74.0,0,5.0,0.1621621621621622
74.0,0,-3.0,0.13513513513513514
74.0,0,-3.0,0.10810810810810811
74.0,0,-3.0,0.1621621621621622
74.0,0,-3.0,0.10810810810810811
74.0,0,1.0,0.10810810810810811
74.0,0,1.0,0.05405405405405405
74.0,0,-7.0,0.0810810810810811
74.0,0,1.0,0.013333333333333334
74.0,0,-11.0,0.10810810810810811
74.0,0,-7.0,0.05405405405405405
74.0,0,-11.0,0.2972972972972973
74.0,0,-11.0,0.027027027027027032
74.0,0,-19.0,0.02702702702702703
74.0,0,-3.0,0.02702702702702703
74.0,0,-15.0,0.21621621621621617
74.0,0,-7.0,0.10810810810810811
74.0,0,1.0,0.02702702702702703
74.0,0,-3.0,0.13513513513513514
74.0,0,9.0,0.08108108108108109
74.0,0,1.0,0.02702702702702703
74.0,0,-7.0,0.05405405405405406
74.0,0,-19.0,0.05405405405405405
74.0,0,-7.0,0.10810810810810811
74.0,0,-3.0,0.18918918918918917
74.0,0,-7.0,0.18918918918918917
74.0,0,21.0,0.013333333333333334
74.0,0,9.0,0.05405405405405405
74.0,0,-3.0,0.0810810810810811
74.0,0,1.0,0.013333333333333334
74.0,0,1.0,0.08108108108108109
74.0,0,-7.0,0.1891891891891892
74.0,0,5.0,0.16216216216216217
74.0,0,-11.0,0.18918918918918917
74.0,0,-7.0,0.13513513513513514
74.0,0,1.0,0.027027027027027032
74.0,0,-7.0,0.02702702702702703
74.0,0,-15.0,0.1621621621621622
74.0,0,-11.0,0.0810810810810811
74.0,0,-3.0,0.02702702702702703
74.0,0,-15.0,0.05405405405405404
74.0,0,-3.0,0.05405405405405405
74.0,0,-7.0,0.02702702702702703
74.0,0,-7.0,0.10810810810810811
74.0,0,-3.0,0.0810810810810811
74.0,0,1.0,0.2972972972972973
74.0,0,-3.0,0.05405405405405406
74.0,0,1.0,0.05405405405405404
74.0,0,-15.0,0.05405405405405406
74.0,0,-3.0,0.05405405405405405
74.0,0,-3.0,0.02702702702702703
74.0,0,9.0,0.16216216216216217
74.0,0,-7.0,0.013333333333333334
74.0,0,-7.0,0.0810810810810811
74.0,0,-7.0,0.10810810810810811
74.0,0,-3.0,0.21621621621621617
74.0,0,1.0,0.16216216216216217
74.0,0,-11.0,0.0810810810810811
74.0,0,-3.0,0.02702702702702703
74.0,0,5.0,0.05405405405405406
74.0,0,-3.0,0.18918918918918917
74.0,0,-15.0,0.10810810810810811
74.0,0,1.0,0.027027027027027032
74.0,0,1.0,0.0810810810810811
74.0,0,-7.0,0.10810810810810811
74.0,0,9.0,0.05405405405405405
74.0,0,-19.0,0.05405405405405406
74.0,0,1.0,0.16216216216216217
74.0,0,9.0,0.02702702702702703
74.0,0,-15.0,0.1891891891891892
74.0,0,-7.0,0.13513513513513514
74.0,0,-15.0,0.18918918918918917
74.0,0,-3.0,0.0810810810810811
74.0,0,-3.0,0.21621621621621617
74.0,0,13.0,0.0810810810810811
74.0,0,1.0,0.13513513513513514
74.0,0,-11.0,0.10810810810810811
74.0,0,1.0,0.1621621621621622
74.0,0,-15.0,0.02702702702702703
74.0,0,-7.0,0.05405405405405406
74.0,0,-7.0,0.13513513513513514
74.0,0,-7.0,0.02702702702702703
74.0,0,13.0,0.1621621621621622
74.0,0,-3.0,0.0810810810810811
74.0,0,5.0,0.08108108108108109
74.0,0,17.0,0.05405405405405405
74.0,0,-7.0,0.13513513513513514
74.0,0,-7.0,0.1891891891891892
74.0,0,9.0,0.0810810810810811
74.0,0,-11.0,0.24324324324324326
74.0,0,-15.0,0.13513513513513514
74.0,0,1.0,0.1621621621621622
74.0,0,-7.0,0.18918918918918917
74.0,0,1.0,0.013333333333333334
74.0,0,-3.0,0.13513513513513514
74.0,0,-15.0,0.13513513513513514
74.0,0,5.0,0.13513513513513514
74.0,0,-15.0,0.13513513513513514
74.0,0,-3.0,0.13513513513513514
74.0,0,-15.0,0.24324324324324326
74.0,0,-11.0,0.1621621621621622
74.0,0,-3.0,0.1621621621621622
74.0,0,-11.0,0.1891891891891892
74.0,0,1.0,0.10810810810810811
74.0,0,-3.0,0.05405405405405406
74.0,0,1.0,0.0810810810810811
74.0,0,17.0,0.05405405405405405
74.0,0,1.0,0.013333333333333334
74.0,0,5.0,0.013333333333333334
74.0,0,5.0,0.027027027027027032
74.0,0,5.0,0.0810810810810811
74.0,0,1.0,0.0810810810810811
74.0,0,-3.0,0.08108108108108109
74.0,0,29.0,0.08108108108108109
74.0,0,9.0,0.10810810810810811
74.0,0,-7.0,0.13513513513513514
74.0,0,9.0,0.05405405405405406
74.0,0,5.0,0.1621621621621622
74.0,0,1.0,0.05405405405405405
74.0,0,-3.0,0.18918918918918917
74.0,0,9.0,0.013333333333333334
74.0,0,-11.0,0.05405405405405405
74.0,0,1.0,0.013333333333333334
74.0,0,-11.0,0.05405405405405404
74.0,0,-7.0,0.10810810810810813
74.0,0,-3.0,0.08108108108108109
74.0,0,5.0,0.0810810810810811
74.0,0,-11.0,0.02702702702702703
74.0,0,-3.0,0.0810810810810811
74.0,0,5.0,0.0810810810810811
74.0,0,-7.0,0.1621621621621622
74.0,0,-11.0,0.10810810810810811
74.0,0,-7.0,0.02702702702702703
74.0,0,-15.0,0.10810810810810811
74.0,0,1.0,0.13513513513513514
74.0,0,-3.0,0.0810810810810811
74.0,0,-3.0,0.02702702702702703
74.0,0,5.0,0.10810810810810811
74.0,0,-15.0,0.10810810810810811
74.0,0,5.0,0.10810810810810811
74.0,0,-7.0,0.18918918918918914
74.0,0,1.0,0.05405405405405406
74.0,0,-7.0,0.10810810810810811
74.0,0,13.0,0.13513513513513514
74.0,0,-7.0,0.08108108108108109
74.0,0,-7.0,0.027027027027027032
74.0,0,-7.0,0.10810810810810811
74.0,0,-11.0,0.02702702702702703
74.0,0,1.0,0.27027027027027034
74.0,0,9.0,0.05405405405405406
74.0,0,-3.0,0.027027027027027032
74.0,0,-3.0,0.18918918918918914
74.0,0,1.0,0.05405405405405406
74.0,0,5.0,0.05405405405405405
74.0,0,-15.0,0.27027027027027034
74.0,0,-11.0,0.05405405405405404
74.0,0,-15.0,0.05405405405405406
74.0,0,-15.0,0.013333333333333334
74.0,0,-3.0,0.18918918918918917
74.0,0,-19.0,0.24324324324324328
74.0,0,1.0,0.02702702702702703
74.0,0,-7.0,0.02702702702702703
74.0,0,9.0,0.0810810810810811
74.0,0,5.0,0.0810810810810811
74.0,0,-15.0,0.18918918918918917
74.0,0,-23.0,0.10810810810810811
74.0,0,-15.0,0.10810810810810813
74.0,0,1.0,0.02702702702702703
74.0,0,1.0,0.02702702702702703
74.0,0,-15.0,0.08108108108108109
74.0,0,-11.0,0.1621621621621622
74.0,0,-15.0,0.013333333333333334
74.0,0,1.0,0.05405405405405405
74.0,0,-19.0,0.02702702702702703
74.0,0,5.0,0.02702702702702703
74.0,0,-19.0,0.08108108108108109
74.0,0,-3.0,0.1621621621621622
74.0,0,-3.0,0.05405405405405405
74.0,0,1.0,0.05405405405405406
74.0,0,5.0,0.02702702702702703
74.0,0,-11.0,0.0810810810810811
74.0,0,-11.0,0.24324324324324326
74.0,0,-11.0,0.02702702702702703
74.0,0,-15.0,0.18918918918918917
74.0,0,-7.0,0.013333333333333334
74.0,0,5.0,0.02702702702702703
74.0,0,1.0,0.18918918918918917
74.0,0,17.0,0.21621621621621617
74.0,0,1.0,0.13513513513513514
74.0,0,-23.0,0.013333333333333334
74.0,0,-3.0,0.08108108108108109
74.0,0,-15.0,0.2162162162162162
74.0,0,-3.0,0.027027027027027032
74.0,0,9.0,0.18918918918918917
74.0,0,-19.0,0.05405405405405405
74.0,0,-7.0,0.013333333333333334
74.0,0,-7.0,0.27027027027027034
74.0,0,-7.0,0.08108108108108109
74.0,0,5.0,0.05405405405405406
74.0,0,9.0,0.05405405405405405
74.0,0,5.0,0.18918918918918917
74.0,0,1.0,0.1621621621621622
74.0,0,-3.0,0.02702702702702703
74.0,0,-3.0,0.013333333333333334
74.0,0,9.0,0.10810810810810811
74.0,0,-3.0,0.08108108108108109
74.0,0,-7.0,0.05405405405405405
74.0,0,1.0,0.10810810810810811
74.0,0,-15.0,0.21621621621621617
74.0,0,9.0,0.08108108108108109
74.0,0,1.0,0.16216216216216217
74.0,0,9.0,0.10810810810810813
74.0,0,-7.0,0.0810810810810811
74.0,0,5.0,0.13513513513513511
74.0,0,-31.0,0.027027027027027032
74.0,0,-7.0,0.13513513513513514
74.0,0,-3.0,0.013333333333333334
74.0,0,-3.0,0.13513513513513514
74.0,0,-15.0,0.027027027027027032
74.0,0,5.0,0.05405405405405405
74.0,0,5.0,0.13513513513513514
74.0,0,1.0,0.02702702702702703
74.0,0,-3.0,0.013333333333333334
74.0,0,-7.0,0.027027027027027032
74.0,0,-3.0,0.013333333333333334
74.0,0,5.0,0.16216216216216217
74.0,0,5.0,0.02702702702702703
74.0,0,-19.0,0.10810810810810811
74.0,0,5.0,0.05405405405405405
74.0,0,-11.0,0.10810810810810811
74.0,0,-7.0,0.02702702702702703
74.0,0,-3.0,0.1621621621621622
74.0,0,-3.0,0.13513513513513514
74.0,0,1.0,0.18918918918918914
74.0,0,-3.0,0.013333333333333334
74.0,0,5.0,0.05405405405405405
74.0,0,-3.0,0.24324324324324328
74.0,0,9.0,0.08108108108108109
74.0,0,1.0,0.0810810810810811
74.0,0,-3.0,0.10810810810810811
74.0,0,-3.0,0.02702702702702703
74.0,0,-7.0,0.13513513513513514
74.0,0,-3.0,0.013333333333333334
74.0,0,13.0,0.13513513513513514
74.0,0,-3.0,0.18918918918918917
74.0,0,9.0,0.013333333333333334
74.0,0,-27.0,0.21621621621621617
74.0,0,-15.0,0.24324324324324326
74.0,0,-7.0,0.02702702702702703
74.0,0,9.0,0.27027027027027034
74.0,0,-3.0,0.05405405405405405
74.0,0,9.0,0.0810810810810811
74.0,0,1.0,0.05405405405405406
74.0,0,5.0,0.02702702702702703
74.0,0,5.0,0.013333333333333334
74.0,0,-3.0,0.0810810810810811
74.0,0,-3.0,0.02702702702702703
74.0,0,-7.0,0.08108108108108109
74.0,0,1.0,0.13513513513513514
74.0,0,1.0,0.05405405405405405
74.0,0,-11.0,0.13513513513513514
74.0,0,1.0,0.18918918918918917
74.0,0,-7.0,0.02702702702702703
74.0,0,5.0,0.05405405405405406
74.0,0,-11.0,0.0810810810810811
74.0,0,-3.0,0.13513513513513514
74.0,0,5.0,0.02702702702702703
74.0,0,1.0,0.013333333333333334
74.0,0,-3.0,0.10810810810810813
74.0,0,-3.0,0.02702702702702703
74.0,0,-7.0,0.1891891891891892
74.0,0,5.0,0.08108108108108109
74.0,0,5.0,0.02702702702702703
74.0,0,-3.0,0.013333333333333334
74.0,0,5.0,0.013333333333333334
74.0,0,9.0,0.027027027027027032
74.0,0,-19.0,0.21621621621621617
74.0,0,-7.0,0.13513513513513514
74.0,0,-3.0,0.27027027027027034
74.0,0,-3.0,0.02702702702702703
74.0,0,9.0,0.013333333333333334
74.0,0,-19.0,0.0810810810810811
74.0,0,1.0,0.10810810810810811
74.0,0,-11.0,0.13513513513513514
74.0,0,5.0,0.02702702702702703
74.0,0,9.0,0.02702702702702703
74.0,0,1.0,0.08108108108108109
74.0,0,-3.0,0.0810810810810811
74.0,0,5.0,0.02702702702702703
74.0,0,-7.0,0.02702702702702703
74.0,0,-3.0,0.02702702702702703
74.0,0,-3.0,0.05405405405405406
74.0,0,-15.0,0.0810810810810811
74.0,0,-3.0,0.0810810810810811
74.0,0,9.0,0.013333333333333334
74.0,0,-15.0,0.21621621621621617
74.0,0,-3.0,0.0810810810810811
74.0,0,5.0,0.05405405405405405
74.0,0,-15.0,0.027027027027027032
74.0,0,17.0,0.10810810810810811
74.0,0,1.0,0.16216216216216217
74.0,0,5.0,0.05405405405405405
74.0,0,1.0,0.05405405405405406
74.0,0,-7.0,0.10810810810810811
74.0,0,1.0,0.02702702702702703
74.0,0,1.0,0.13513513513513514
74.0,0,13.0,0.13513513513513511
74.0,0,-11.0,0.13513513513513514
74.0,0,17.0,0.0810810810810811
74.0,0,1.0,0.18918918918918917
74.0,0,-11.0,0.08108108108108109
74.0,0,1.0,0.21621621621621617
74.0,0,13.0,0.13513513513513514
74.0,0,5.0,0.05405405405405405
74.0,0,5.0,0.02702702702702703
74.0,0,-11.0,0.10810810810810811
74.0,0,5.0,0.10810810810810811
74.0,0,-7.0,0.02702702702702703
74.0,0,-11.0,0.02702702702702703
74.0,0,-11.0,0.02702702702702703
74.0,0,-11.0,0.21621621621621617
74.0,0,9.0,0.013333333333333334
74.0,0,1.0,0.08108108108108109
74.0,0,1.0,0.05405405405405405
74.0,0,-11.0,0.02702702702702703
74.0,0,5.0,0.13513513513513514
74.0,0,-3.0,0.1621621621621622
74.0,0,5.0,0.05405405405405405
74.0,0,9.0,0.1621621621621622
74.0,0,-3.0,0.13513513513513514
74.0,0,1.0,0.08108108108108109
74.0,0,5.0,0.0810810810810811
74.0,0,5.0,0.0810810810810811
74.0,0,1.0,0.24324324324324328
74.0,0,-15.0,0.05405405405405405
74.0,0,17.0,0.02702702702702703
74.0,0,-7.0,0.18918918918918914
74.0,0,1.0,0.05405405405405406
74.0,0,-3.0,0.10810810810810811
74.0,0,5.0,0.18918918918918917
74.0,0,1.0,0.16216216216216217
74.0,0,5.0,0.02702702702702703
74.0,0,-11.0,0.2972972972972973
74.0,0,5.0,0.0810810810810811
74.0,0,5.0,0.05405405405405405
74.0,0,9.0,0.10810810810810811
74.0,0,-7.0,0.3783783783783784
74.0,0,-11.0,0.1621621621621622
74.0,0,-15.0,0.0810810810810811
74.0,0,1.0,0.08108108108108109
74.0,0,1.0,0.10810810810810811
74.0,0,9.0,0.013333333333333334
74.0,0,-3.0,0.02702702702702703
74.0,0,-3.0,0.02702702702702703
74.0,0,-7.0,0.05405405405405406
74.0,0,-15.0,0.02702702702702703
74.0,0,-3.0,0.08108108108108109
74.0,0,1.0,0.013333333333333334
74.0,0,-7.0,0.10810810810810811
74.0,0,-3.0,0.08108108108108109
74.0,0,-15.0,0.05405405405405404
74.0,0,-3.0,0.13513513513513514
74.0,0,-3.0,0.05405405405405405
74.0,0,-7.0,0.02702702702702703
74.0,0,1.0,0.0810810810810811
74.0,0,-7.0,0.1621621621621622
74.0,0,-15.0,0.013333333333333334
74.0,0,5.0,0.013333333333333334
74.0,0,1.0,0.02702702702702703
74.0,0,1.0,0.05405405405405406
74.0,0,9.0,0.10810810810810811
74.0,0,-7.0,0.0810810810810811
74.0,0,-11.0,0.08108108108108109
74.0,0,1.0,0.10810810810810811
74.0,0,1.0,0.02702702702702703
74.0,0,-11.0,0.08108108108108109
74.0,0,-11.0,0.10810810810810811
74.0,0,-3.0,0.05405405405405405
74.0,0,1.0,0.013333333333333334
74.0,0,1.0,0.13513513513513514
74.0,0,-3.0,0.05405405405405406
74.0,0,17.0,0.0810810810810811
74.0,0,-7.0,0.05405405405405405
70.0,0.1,-71.0,0.4266666666666667
70.0,0.1,-71.0,0.42666666666666675
1.0,0.1,-75.0,1.0
1.0,0.1,-75.0,1.0
30.0,0.1,-71.0,0.33599999999999997
1.0,0.1,-75.0,1.0
1.0,0.1,-75.0,1.0
1.0,0.1,-75.0,1.0
210.0,0.1,-71.0,0.21155555555555558
90.0,0.1,-71.0,0.21362962962962964
30.0,0.1,-71.0,0.52
210.0,0.1,-71.0,0.29244444444444445
210.0,0.1,-71.0,0.2924444444444445
42.0,0.1,-71.0,0.21333333333333335
30.0,0.1,-71.0,0.3066666666666667
63.0,0.1,-71.0,0.44
1.0,0.1,-75.0,1.0
30.0,0.1,-71.0,0.52
30.0,0.1,-71.0,0.3066666666666666
6.0,0.1,-71.0,0.3866666666666667
30.0,0.1,-71.0,0.3066666666666667
210.0,0.1,-71.0,0.21155555555555558
30.0,0.1,-71.0,0.21066666666666664
30.0,0.1,-71.0,0.31377777777777766
1.0,0.1,-75.0,1.0
1.0,0.1,-75.0,1.0
90.0,0.1,-71.0,0.21362962962962964
90.0,0.1,-67.0,0.3117037037037037
1.0,0.1,-75.0,1.0
42.0,0.1,-71.0,0.21333333333333326
30.0,0.1,-71.0,0.6000000000000001
630.0,0.1,-67.0,0.21324867724867724
30.0,0.1,-71.0,0.21066666666666664
18.0,0.1,-71.0,0.07111111111111112
90.0,0.1,-67.0,0.22251851851851848
63.0,0.1,-71.0,0.44
30.0,0.1,-71.0,0.21066666666666664
210.0,0.1,-71.0,0.21155555555555558
30.0,0.1,-71.0,0.21066666666666664
63.0,0.1,-71.0,0.4400000000000001
1.0,0.1,-75.0,1.0
63.0,0.1,-71.0,0.44000000000000006
210.0,0.1,-71.0,0.21155555555555552
1.0,0.1,-75.0,1.0
1.0,0.1,-75.0,1.0
18.0,0.1,-71.0,0.6133333333333334
1.0,0.1,-75.0,1.0
1.0,0.1,-75.0,1.0
1.0,0.1,-75.0,1.0
1.0,0.1,-75.0,1.0
30.0,0.1,-71.0,0.32977777777777784
90.0,0.1,-71.0,0.21362962962962964
42.0,0.1,-71.0,0.21333333333333335
30.0,0.1,-71.0,0.6
1.0,0.1,-75.0,1.0
7.0,0.1,-71.0,0.6533333333333334
630.0,0.1,-67.0,0.2151957671957672
210.0,0.1,-71.0,0.29244444444444445
30.0,0.1,-71.0,0.3066666666666667
1.0,0.1,-75.0,1.0
63.0,0.1,-71.0,0.44
210.0,0.1,-71.0,0.29244444444444445
1.0,0.1,-75.0,1.0
210.0,0.1,-71.0,0.29244444444444445
30.0,0.1,-71.0,0.3066666666666666
90.0,0.1,-71.0,0.21362962962962959
30.0,0.1,-71.0,0.31377777777777766
90.0,0.1,-71.0,0.4802962962962964
30.0,0.1,-71.0,0.52
30.0,0.1,-71.0,0.21066666666666664
70.0,0.1,-71.0,0.4266666666666667
1.0,0.1,-75.0,1.0
90.0,0.1,-71.0,0.48000000000000004
210.0,0.1,-71.0,0.2924444444444444
1.0,0.1,-75.0,1.0
1.0,0.1,-75.0,1.0
210.0,0.1,-71.0,0.21155555555555558
1.0,0.1,-75.0,1.0
30.0,0.1,-71.0,0.2124444444444445
1.0,0.1,-75.0,1.0
30.0,0.1,-71.0,0.5199999999999999
30.0,0.1,-71.0,0.3333333333333333
1.0,0.1,-75.0,1.0
30.0,0.1,-71.0,0.7866666666666667
210.0,0.1,-71.0,0.2924444444444444
90.0,0.1,-71.0,0.48000000000000004
90.0,0.1,-71.0,0.21362962962962964
1.0,0.1,-75.0,1.0
30.0,0.1,-71.0,0.3333333333333332
1.0,0.1,-75.0,1.0
90.0,0.1,-71.0,0.21362962962962959
70.0,0.1,-71.0,0.4266666666666667
63.0,0.1,-71.0,0.44
42.0,0.1,-71.0,0.21333333333333332
70.0,0.1,-71.0,0.4266666666666667
1.0,0.1,-75.0,1.0
30.0,0.1,-71.0,0.21511111111111117
210.0,0.1,-71.0,0.29244444444444445
90.0,0.1,-71.0,0.21362962962962964
210.0,0.1,-71.0,0.21155555555555558
1.0,0.1,-75.0,1.0
1.0,0.1,-75.0,1.0
30.0,0.1,-71.0,0.2133333333333333
7.0,0.1,-71.0,0.6533333333333333
1.0,0.1,-75.0,1.0
1.0,0.1,-75.0,1.0
1.0,0.1,-75.0,1.0
1.0,0.1,-75.0,1.0
210.0,0.1,-71.0,0.21155555555555558
90.0,0.1,-71.0,0.21362962962962964
42.0,0.1,-71.0,0.21333333333333335
18.0,0.1,-71.0,0.06814814814814814
30.0,0.1,-71.0,0.7866666666666668
1.0,0.1,-75.0,1.0
90.0,0.1,-71.0,0.4802962962962963
1.0,0.1,-75.0,1.0
30.0,0.1,-71.0,0.31999999999999995
1.0,0.1,-75.0,1.0
1.0,0.1,-75.0,1.0
30.0,0.1,-71.0,0.3066666666666667
30.0,0.1,-71.0,0.3297777777777779
30.0,0.1,-71.0,0.30666666666666653
30.0,0.1,-71.0,0.3137777777777779
70.0,0.1,-71.0,0.4266666666666666
30.0,0.1,-71.0,0.5999999999999999
30.0,0.1,-71.0,0.31999999999999995
1.0,0.1,-75.0,1.0
1.0,0.1,-75.0,1.0
210.0,0.1,-71.0,0.21155555555555558
1.0,0.1,-75.0,1.0
30.0,0.1,-71.0,0.21511111111111114
30.0,0.1,-71.0,0.21066666666666664
1.0,0.1,-75.0,1.0
30.0,0.1,-71.0,0.3066666666666667
1.0,0.1,-75.0,1.0
90.0,0.1,-71.0,0.21362962962962964
30.0,0.1,-71.0,0.7866666666666666
30.0,0.1,-71.0,0.7866666666666666
30.0,0.1,-71.0,0.21066666666666667
210.0,0.1,-71.0,0.21155555555555558
90.0,0.1,-71.0,0.21362962962962964
1.0,0.1,-75.0,1.0
7.0,0.1,-71.0,0.6533333333333334
18.0,0.1,-71.0,0.6133333333333332
90.0,0.1,-71.0,0.4802962962962964
1.0,0.1,-75.0,1.0
70.0,0.1,-71.0,0.4266666666666667
30.0,0.1,-71.0,0.5999999999999999
1.0,0.1,-75.0,1.0
1.0,0.1,-75.0,1.0
210.0,0.1,-71.0,0.21155555555555552
30.0,0.1,-71.0,0.31999999999999995
30.0,0.1,-71.0,0.21066666666666667
90.0,0.1,-71.0,0.21362962962962964
90.0,0.1,-71.0,0.47999999999999987
1.0,0.1,-75.0,1.0
30.0,0.1,-71.0,0.52
210.0,0.1,-71.0,0.29244444444444445
30.0,0.1,-71.0,0.3066666666666667
1.0,0.1,-75.0,1.0
1.0,0.1,-75.0,1.0
7.0,0.1,-71.0,0.6533333333333333
30.0,0.1,-67.0,0.25066666666666665
30.0,0.1,-71.0,0.3066666666666667
90.0,0.1,-71.0,0.48000000000000004
30.0,0.1,-71.0,0.31999999999999995
1.0,0.1,-75.0,1.0
70.0,0.1,-71.0,0.4266666666666666
70.0,0.1,-71.0,0.4266666666666667
63.0,0.1,-71.0,0.44000000000000006
30.0,0.1,-71.0,0.6
1.0,0.1,-75.0,1.0
1.0,0.1,-75.0,1.0
90.0,0.1,-71.0,0.4802962962962963
30.0,0.1,-71.0,0.33599999999999997
30.0,0.1,-71.0,0.3066666666666667
7.0,0.1,-71.0,0.6533333333333333
30.0,0.1,-71.0,0.21600000000000003
90.0,0.1,-71.0,0.21362962962962967
30.0,0.1,-71.0,0.5999999999999999
30.0,0.1,-71.0,0.31999999999999995
1.0,0.1,-75.0,1.0
210.0,0.1,-71.0,0.21155555555555552
1.0,0.1,-75.0,1.0
63.0,0.1,-71.0,0.44000000000000006
90.0,0.1,-71.0,0.21362962962962964
1.0,0.1,-75.0,1.0
1.0,0.1,-75.0,1.0
30.0,0.1,-71.0,0.30666666666666675
210.0,0.1,-71.0,0.21155555555555558
18.0,0.1,-71.0,0.07111111111111111
210.0,0.1,-71.0,0.29244444444444445
630.0,0.1,-67.0,0.2132486772486773
1.0,0.1,-75.0,1.0
90.0,0.1,-71.0,0.47999999999999987
1.0,0.1,-75.0,1.0
210.0,0.1,-71.0,0.2924444444444445
1.0,0.1,-75.0,1.0
30.0,0.1,-67.0,0.24000000000000005
30.0,0.1,-71.0,0.6
210.0,0.1,-71.0,0.21155555555555558
30.0,0.1,-71.0,0.6
90.0,0.1,-71.0,0.4802962962962964
18.0,0.1,-71.0,0.6133333333333334
1.0,0.1,-75.0,1.0
210.0,0.1,-71.0,0.2924444444444445
90.0,0.1,-71.0,0.21362962962962959
30.0,0.1,-71.0,0.7866666666666667
70.0,0.1,-71.0,0.42666666666666675
30.0,0.1,-71.0,0.6000000000000001
90.0,0.1,-71.0,0.21362962962962964
63.0,0.1,-71.0,0.44000000000000006
7.0,0.1,-71.0,0.6533333333333333
30.0,0.1,-71.0,0.2133333333333333
6.0,0.1,-71.0,0.38666666666666666
1.0,0.1,-75.0,1.0
90.0,0.1,-71.0,0.21362962962962959
210.0,0.1,-71.0,0.29244444444444445
42.0,0.1,-71.0,0.21333333333333335
70.0,0.1,-71.0,0.4266666666666666
1.0,0.1,-75.0,1.0
210.0,0.1,-71.0,0.2924444444444444
90.0,0.1,-71.0,0.4802962962962964
1.0,0.1,-75.0,1.0
1.0,0.1,-75.0,1.0
7.0,0.1,-71.0,0.6533333333333334
30.0,0.1,-71.0,0.32
1.0,0.1,-75.0,1.0
42.0,0.1,-71.0,0.5599999999999999
1.0,0.1,-75.0,1.0
210.0,0.1,-71.0,0.2115555555555556
210.0,0.1,-71.0,0.21155555555555552
1.0,0.1,-75.0,1.0
90.0,0.1,-67.0,0.21837037037037033
70.0,0.1,-71.0,0.4266666666666667
1.0,0.1,-75.0,1.0
70.0,0.1,-71.0,0.42666666666666675
90.0,0.1,-71.0,0.21362962962962964
210.0,0.1,-71.0,0.21155555555555558
90.0,0.1,-71.0,0.48000000000000004
1.0,0.1,-75.0,1.0
30.0,0.1,-71.0,0.21066666666666664
6.0,0.1,-71.0,0.3866666666666667
210.0,0.1,-71.0,0.29244444444444445
30.0,0.1,-71.0,0.21333333333333335
30.0,0.1,-71.0,0.3377777777777778
30.0,0.1,-71.0,0.5999999999999999
1.0,0.1,-75.0,1.0
30.0,0.1,-71.0,0.32533333333333336
7.0,0.1,-71.0,0.6533333333333333
1.0,0.1,-75.0,1.0
90.0,0.1,-67.0,0.21688888888888894
30.0,0.1,-71.0,0.3066666666666667
210.0,0.1,-71.0,0.21155555555555558
90.0,0.1,-67.0,0.2251851851851852
30.0,0.1,-71.0,0.32533333333333336
1.0,0.1,-75.0,1.0
90.0,0.1,-71.0,0.4799999999999999
30.0,0.1,-71.0,0.21333333333333337
90.0,0.1,-71.0,0.4802962962962964
1.0,0.1,-75.0,1.0
1.0,0.1,-75.0,1.0
30.0,0.1,-71.0,0.52
90.0,0.1,-67.0,0.20385185185185187
1.0,0.1,-75.0,1.0
210.0,0.1,-71.0,0.2924444444444445
1.0,0.1,-75.0,1.0
90.0,0.1,-71.0,0.21362962962962964
18.0,0.1,-71.0,0.6133333333333332
1.0,0.1,-75.0,1.0
1.0,0.1,-75.0,1.0
70.0,0.1,-71.0,0.4266666666666666
210.0,0.1,-71.0,0.29244444444444445
30.0,0.1,-71.0,0.31377777777777766
70.0,0.1,-71.0,0.4266666666666667
1.0,0.1,-75.0,1.0
30.0,0.1,-71.0,0.5999999999999998
90.0,0.1,-71.0,0.21362962962962964
18.0,0.1,-71.0,0.6133333333333333
63.0,0.1,-71.0,0.4399999999999999
70.0,0.1,-71.0,0.4266666666666667
1.0,0.1,-75.0,1.0
42.0,0.1,-71.0,0.5599999999999999
7.0,0.1,-71.0,0.6533333333333333
210.0,0.1,-71.0,0.21155555555555552
30.0,0.1,-71.0,0.7866666666666666
30.0,0.1,-71.0,0.3066666666666667
30.0,0.1,-71.0,0.2106666666666666
210.0,0.1,-71.0,0.21155555555555558
1.0,0.1,-75.0,1.0
90.0,0.1,-71.0,0.4802962962962964
30.0,0.1,-71.0,0.6000000000000002
70.0,0.1,-71.0,0.4266666666666667
90.0,0.1,-71.0,0.21362962962962964
1.0,0.1,-75.0,1.0
30.0,0.1,-71.0,0.32
63.0,0.1,-71.0,0.43999999999999995
1.0,0.1,-75.0,1.0
70.0,0.1,-71.0,0.4266666666666666
30.0,0.1,-71.0,0.3066666666666666
1.0,0.1,-75.0,1.0
30.0,0.1,-71.0,0.5999999999999999
210.0,0.1,-71.0,0.21155555555555552
30.0,0.1,-71.0,0.5199999999999999
7.0,0.1,-71.0,0.6533333333333333
90.0,0.1,-71.0,0.21362962962962964
210.0,0.1,-71.0,0.29244444444444445
1.0,0.1,-75.0,1.0
7.0,0.1,-71.0,0.6533333333333333
210.0,0.1,-71.0,0.2924444444444445
30.0,0.1,-71.0,0.21511111111111111
1.0,0.1,-75.0,1.0
70.0,0.1,-71.0,0.4266666666666667
1.0,0.1,-75.0,1.0
210.0,0.1,-71.0,0.21155555555555558
210.0,0.1,-71.0,0.29244444444444445
30.0,0.1,-71.0,0.5999999999999999
18.0,0.1,-71.0,0.6133333333333333
30.0,0.1,-71.0,0.2133333333333333
18.0,0.1,-71.0,0.0711111111111111
210.0,0.1,-71.0,0.2115555555555556
18.0,0.1,-71.0,0.6133333333333333
210.0,0.1,-71.0,0.21155555555555558
210.0,0.1,-71.0,0.21155555555555558
30.0,0.1,-71.0,0.31377777777777766
1.0,0.1,-75.0,1.0
210.0,0.1,-71.0,0.21155555555555552
30.0,0.1,-71.0,0.5999999999999999
210.0,0.1,-71.0,0.21155555555555558
1.0,0.1,-75.0,1.0
90.0,0.1,-71.0,0.21362962962962964
1.0,0.1,-75.0,1.0
90.0,0.1,-67.0,0.21481481481481485
30.0,0.1,-71.0,0.3066666666666667
210.0,0.1,-71.0,0.21155555555555552
1.0,0.1,-75.0,1.0
1.0,0.1,-75.0,1.0
90.0,0.1,-71.0,0.21362962962962964
1.0,0.1,-75.0,1.0
90.0,0.1,-71.0,0.4802962962962962
30.0,0.1,-67.0,0.22577777777777774
42.0,0.1,-71.0,0.56
30.0,0.1,-71.0,0.7866666666666665
1.0,0.1,-75.0,1.0
1.0,0.1,-75.0,1.0
210.0,0.1,-71.0,0.21155555555555552
1.0,0.1,-75.0,1.0
18.0,0.1,-71.0,0.06814814814814815
30.0,0.1,-71.0,0.6000000000000001
90.0,0.1,-71.0,0.21362962962962964
30.0,0.1,-71.0,0.33777777777777784
90.0,0.1,-71.0,0.47999999999999987
30.0,0.1,-71.0,0.30666666666666653
90.0,0.1,-71.0,0.4802962962962964
30.0,0.1,-71.0,0.3066666666666666
1.0,0.1,-75.0,1.0
1.0,0.1,-75.0,1.0
210.0,0.1,-71.0,0.21155555555555552
1.0,0.1,-75.0,1.0
1.0,0.1,-75.0,1.0
1.0,0.1,-75.0,1.0
30.0,0.1,-71.0,0.3066666666666667
1.0,0.1,-75.0,1.0
30.0,0.1,-71.0,0.5999999999999999
210.0,0.1,-71.0,0.21155555555555558
210.0,0.1,-71.0,0.21155555555555552
7.0,0.1,-71.0,0.6533333333333332
90.0,0.1,-71.0,0.47999999999999987
30.0,0.1,-71.0,0.786666666666667
1.0,0.1,-75.0,1.0
210.0,0.1,-71.0,0.2924444444444445
63.0,0.1,-71.0,0.44
210.0,0.1,-71.0,0.2924444444444444
18.0,0.1,-71.0,0.06814814814814814
63.0,0.1,-71.0,0.4400000000000001
90.0,0.1,-71.0,0.4802962962962962
70.0,0.1,-71.0,0.42666666666666664
1.0,0.1,-75.0,1.0
63.0,0.1,-71.0,0.43999999999999995
90.0,0.1,-71.0,0.48000000000000004
30.0,0.1,-71.0,0.3333333333333332
1.0,0.1,-75.0,1.0
1.0,0.1,-75.0,1.0
30.0,0.1,-71.0,0.3066666666666666
1.0,0.1,-75.0,1.0
210.0,0.1,-71.0,0.21155555555555552
1.0,0.1,-75.0,1.0
210.0,0.1,-71.0,0.29244444444444445
1.0,0.1,-75.0,1.0
90.0,0.1,-71.0,0.4802962962962963
30.0,0.1,-71.0,0.3066666666666667
7.0,0.1,-71.0,0.6533333333333332
1.0,0.1,-75.0,1.0
1.0,0.1,-75.0,1.0
30.0,0.1,-71.0,0.3066666666666667
63.0,0.1,-71.0,0.4400000000000001
1.0,0.1,-75.0,1.0
30.0,0.1,-71.0,0.3066666666666667
210.0,0.1,-71.0,0.2924444444444445
1.0,0.1,-75.0,1.0
12.0,0.3,-71.0,0.04888888888888888
4.0,0.3,-67.0,0.026666666666666665
60.0,0.3,-63.0,0.07911111111111112
12.0,0.3,-63.0,0.19999999999999996
60.0,0.3,-67.0,0.14666666666666667
84.0,0.3,-63.0,0.2419047619047619
84.0,0.3,-63.0,0.1692063492063492
20.0,0.3,-63.0,0.18666666666666668
4.0,0.3,-71.0,0.6533333333333333
420.0,0.3,-59.0,0.10793650793650793
4.0,0.3,-67.0,0.05333333333333333
4.0,0.3,-67.0,0.17333333333333334
12.0,0.3,-67.0,0.38666666666666666
12.0,0.3,-63.0,0.25333333333333335
12.0,0.3,-63.0,0.10222222222222221
12.0,0.3,-67.0,0.22666666666666666
12.0,0.3,-71.0,0.8266666666666665
4.0,0.3,-71.0,0.6533333333333333
1.0,0.3,-75.0,1.0
60.0,0.3,-63.0,0.52
140.0,0.3,-67.0,0.15580952380952381
60.0,0.3,-59.0,0.32000000000000006
420.0,0.3,-59.0,0.14876190476190476
84.0,0.3,-67.0,0.16857142857142854
420.0,0.3,-63.0,0.17200000000000001
12.0,0.3,-67.0,0.42666666666666675
12.0,0.3,-63.0,0.13333333333333333
12.0,0.3,-59.0,0.25333333333333335
20.0,0.3,-63.0,0.2666666666666666
42.0,0.3,-71.0,0.2933333333333333
60.0,0.3,-63.0,0.28
60.0,0.3,-63.0,0.4666666666666667
12.0,0.3,-63.0,0.10222222222222223
420.0,0.3,-67.0,0.13428571428571429
60.0,0.3,-67.0,0.5466666666666667
420.0,0.3,-63.0,0.12317460317460317
4.0,0.3,-63.0,0.18666666666666665
6.0,0.3,-67.0,0.17333333333333334
84.0,0.3,-67.0,0.5466666666666666
20.0,0.3,-67.0,0.13333333333333333
420.0,0.3,-63.0,0.10603174603174603
12.0,0.3,-71.0,0.8666666666666667
60.0,0.3,-63.0,0.09422222222222221
12.0,0.3,-67.0,0.16
420.0,0.3,-63.0,0.21492063492063487
4.0,0.3,-67.0,0.45333333333333337
84.0,0.3,-67.0,0.4266666666666665
140.0,0.3,-63.0,0.15580952380952381
12.0,0.3,-67.0,0.09555555555555556
30.0,0.3,-67.0,0.34666666666666673
12.0,0.3,-67.0,0.24000000000000002
4.0,0.3,-63.0,0.64
28.0,0.3,-63.0,0.11714285714285715
12.0,0.3,-67.0,0.42666666666666675
6.0,0.3,-71.0,0.4666666666666666
84.0,0.3,-63.0,0.23047619047619047
60.0,0.3,-67.0,0.21333333333333335
60.0,0.3,-63.0,0.07644444444444444
12.0,0.3,-71.0,0.6133333333333334
60.0,0.3,-63.0,0.24000000000000002
28.0,0.3,-67.0,0.13333333333333336
20.0,0.3,-63.0,0.28
60.0,0.3,-67.0,0.6666666666666666
84.0,0.3,-67.0,0.2006349206349206
84.0,0.3,-63.0,0.29333333333333333
14.0,0.3,-67.0,0.10476190476190475
28.0,0.3,-67.0,0.4
6.0,0.3,-67.0,0.3466666666666667
60.0,0.3,-67.0,0.3333333333333333
28.0,0.3,-71.0,0.13333333333333336
28.0,0.3,-67.0,0.42666666666666664
20.0,0.3,-67.0,0.5999999999999999
140.0,0.3,-63.0,0.16114285714285712
420.0,0.3,-63.0,0.13625396825396827
84.0,0.3,-63.0,0.11269841269841271
420.0,0.3,-63.0,0.13555555555555557
84.0,0.3,-63.0,0.27999999999999997
12.0,0.3,-63.0,0.06666666666666667
140.0,0.3,-63.0,0.17257142857142854
12.0,0.3,-67.0,0.16
28.0,0.3,-67.0,0.28
60.0,0.3,-67.0,0.48000000000000004
140.0,0.3,-63.0,0.32
6.0,0.3,-67.0,0.1466666666666667
84.0,0.3,-67.0,0.16476190476190478
60.0,0.3,-63.0,0.17333333333333334
12.0,0.3,-67.0,0.6133333333333334
60.0,0.3,-63.0,0.32
210.0,0.3,-67.0,0.6
4.0,0.3,-63.0,0.25333333333333335
84.0,0.3,-63.0,0.17968253968253967
420.0,0.3,-63.0,0.15504761904761905
84.0,0.3,-67.0,0.2266666666666667
12.0,0.3,-67.0,0.26666666666666666
42.0,0.3,-71.0,0.2533333333333333
84.0,0.3,-63.0,0.10698412698412699
12.0,0.3,-63.0,0.09333333333333332
15.0,0.3,-67.0,0.09333333333333332
84.0,0.3,-67.0,0.10984126984126984
60.0,0.3,-67.0,0.4
140.0,0.3,-63.0,0.256
6.0,0.3,-71.0,0.4000000000000001
84.0,0.3,-63.0,0.11523809523809525
60.0,0.3,-63.0,0.26666666666666666
60.0,0.3,-63.0,0.2933333333333332
60.0,0.3,-67.0,0.05555555555555556
20.0,0.3,-67.0,0.8133333333333332
60.0,0.3,-67.0,0.043555555555555556
28.0,0.3,-71.0,0.13523809523809524
4.0,0.3,-67.0,0.32
4.0,0.3,-67.0,0.5333333333333333
60.0,0.3,-67.0,0.22666666666666666
60.0,0.3,-63.0,0.3333333333333333
20.0,0.3,-67.0,0.6933333333333331
70.0,0.3,-67.0,0.11047619047619046
20.0,0.3,-67.0,0.10666666666666666
84.0,0.3,-63.0,0.10412698412698414
20.0,0.3,-63.0,0.38666666666666666
60.0,0.3,-63.0,0.18844444444444447
420.0,0.3,-63.0,0.13936507936507936
12.0,0.3,-67.0,0.05555555555555555
6.0,0.3,-71.0,0.9066666666666667
6.0,0.3,-63.0,0.19999999999999998
420.0,0.3,-67.0,0.25346031746031744
4.0,0.3,-71.0,0.26666666666666666
12.0,0.3,-63.0,0.062222222222222213
42.0,0.3,-67.0,0.4000000000000001
140.0,0.3,-67.0,0.09904761904761905
42.0,0.3,-67.0,0.17587301587301588
84.0,0.3,-67.0,0.11746031746031745
60.0,0.3,-67.0,0.07111111111111111
20.0,0.3,-67.0,0.4
20.0,0.3,-67.0,0.6799999999999999
30.0,0.3,-63.0,0.07111111111111111
30.0,0.3,-63.0,0.11022222222222221
28.0,0.3,-71.0,0.5466666666666666
1.0,0.3,-75.0,1.0
12.0,0.3,-67.0,0.4266666666666667
4.0,0.3,-71.0,0.5066666666666666
420.0,0.3,-63.0,0.12863492063492066
28.0,0.3,-63.0,0.12095238095238094
12.0,0.3,-67.0,0.44
60.0,0.3,-63.0,0.08266666666666665
30.0,0.3,-71.0,0.16
30.0,0.3,-67.0,0.2
84.0,0.3,-67.0,0.37333333333333335
60.0,0.3,-63.0,0.10933333333333334
20.0,0.3,-67.0,0.6133333333333332
10.0,0.3,-71.0,0.64
12.0,0.3,-63.0,0.09333333333333334
140.0,0.3,-67.0,0.13885714285714285
2.0,0.3,-71.0,0.29333333333333333
60.0,0.3,-67.0,0.4
140.0,0.3,-63.0,0.4266666666666667
84.0,0.3,-63.0,0.0965079365079365
210.0,0.3,-67.0,0.10412698412698412
84.0,0.3,-59.0,0.11174603174603175
140.0,0.3,-63.0,0.36
84.0,0.3,-59.0,0.36000000000000004
20.0,0.3,-63.0,0.16
84.0,0.3,-67.0,0.16666666666666666
60.0,0.3,-67.0,0.5733333333333334
84.0,0.3,-63.0,0.1787301587301587
12.0,0.3,-63.0,0.19999999999999998
14.0,0.3,-71.0,0.37333333333333335
12.0,0.3,-67.0,0.27999999999999997
70.0,0.3,-71.0,0.5866666666666666
420.0,0.3,-63.0,0.11936507936507938
12.0,0.3,-67.0,0.14666666666666664
12.0,0.3,-67.0,0.64
84.0,0.3,-63.0,0.24
42.0,0.3,-67.0,0.20126984126984127
10.0,0.3,-67.0,0.44000000000000006
210.0,0.3,-67.0,0.16038095238095237
420.0,0.3,-67.0,0.10222222222222223
12.0,0.3,-63.0,0.062222222222222234
6.0,0.3,-71.0,0.5333333333333333
84.0,0.3,-63.0,0.5466666666666667
420.0,0.3,-63.0,0.12406349206349206
28.0,0.3,-67.0,0.33333333333333337
20.0,0.3,-67.0,0.06933333333333333
12.0,0.3,-67.0,0.6933333333333334
4.0,0.3,-63.0,0.33333333333333337
60.0,0.3,-63.0,0.5866666666666668
4.0,0.3,-71.0,0.41333333333333333
60.0,0.3,-63.0,0.4266666666666667
30.0,0.3,-67.0,0.13333333333333333
4.0,0.3,-71.0,0.76
12.0,0.3,-71.0,0.04888888888888889
42.0,0.3,-67.0,0.21333333333333335
60.0,0.3,-67.0,0.2
210.0,0.3,-67.0,0.1892063492063492
60.0,0.3,-63.0,0.64
140.0,0.3,-67.0,0.10666666666666669
60.0,0.3,-59.0,0.35999999999999993
12.0,0.3,-67.0,0.18666666666666668
12.0,0.3,-63.0,0.49333333333333335
210.0,0.3,-67.0,0.10222222222222223
20.0,0.3,-67.0,0.36
12.0,0.3,-63.0,0.07333333333333333
140.0,0.3,-63.0,0.11619047619047618
84.0,0.3,-59.0,0.36
12.0,0.3,-67.0,0.3866666666666667
12.0,0.3,-71.0,0.8533333333333334
20.0,0.3,-67.0,0.6266666666666667
84.0,0.3,-63.0,0.11365079365079363
140.0,0.3,-63.0,0.10666666666666667
60.0,0.3,-63.0,0.37333333333333335
42.0,0.3,-67.0,0.2273015873015873
12.0,0.3,-67.0,0.044444444444444446
84.0,0.3,-63.0,0.2431746031746032
12.0,0.3,-63.0,0.08222222222222222
420.0,0.3,-67.0,0.17942857142857147
60.0,0.3,-67.0,0.07111111111111112
12.0,0.3,-63.0,0.24000000000000002
14.0,0.3,-67.0,0.14476190476190473
84.0,0.3,-63.0,0.25333333333333335
140.0,0.3,-63.0,0.24076190476190473
4.0,0.3,-67.0,0.4666666666666667
60.0,0.3,-63.0,0.2533333333333333
12.0,0.3,-63.0,0.6
6.0,0.3,-71.0,0.56
14.0,0.3,-71.0,0.6266666666666668
12.0,0.3,-67.0,0.36000000000000004
12.0,0.3,-63.0,0.27999999999999997
6.0,0.3,-67.0,0.12
12.0,0.3,-67.0,0.64
12.0,0.3,-67.0,0.3333333333333333
12.0,0.3,-63.0,0.41333333333333333
84.0,0.3,-67.0,0.2533333333333334
70.0,0.3,-67.0,0.2533333333333333
12.0,0.3,-67.0,0.30666666666666664
1.0,0.3,-75.0,1.0
20.0,0.3,-67.0,0.21333333333333332
10.0,0.3,-71.0,0.26666666666666666
12.0,0.3,-67.0,0.64
20.0,0.3,-63.0,0.2666666666666666
30.0,0.3,-67.0,0.32000000000000006
12.0,0.3,-67.0,0.6266666666666666
12.0,0.3,-63.0,0.5199999999999999
60.0,0.3,-59.0,0.32000000000000006
28.0,0.3,-67.0,0.10285714285714287
12.0,0.3,-63.0,0.06666666666666667
4.0,0.3,-67.0,0.37333333333333335
12.0,0.3,-71.0,0.5333333333333333
60.0,0.3,-67.0,0.42666666666666664
12.0,0.3,-63.0,0.24000000000000002
210.0,0.3,-63.0,0.14273015873015873
12.0,0.3,-67.0,0.44
6.0,0.3,-67.0,0.48
84.0,0.3,-63.0,0.3466666666666667
10.0,0.3,-71.0,0.42666666666666664
20.0,0.3,-67.0,0.5333333333333334
60.0,0.3,-63.0,0.5333333333333333
12.0,0.3,-67.0,0.13333333333333333
30.0,0.3,-67.0,0.1733333333333333
210.0,0.3,-67.0,0.3333333333333333
30.0,0.3,-67.0,0.4133333333333334
4.0,0.3,-71.0,0.18666666666666665
28.0,0.3,-59.0,0.12666666666666668
60.0,0.3,-63.0,0.6
20.0,0.3,-63.0,0.09333333333333334
20.0,0.3,-67.0,0.09466666666666668
28.0,0.3,-67.0,0.20000000000000004
3.0,0.3,-67.0,0.7333333333333334
4.0,0.3,-63.0,0.03333333333333333
12.0,0.3,-67.0,0.6
12.0,0.3,-67.0,0.09333333333333334
420.0,0.3,-55.0,0.2836190476190476
12.0,0.3,-67.0,0.13333333333333333
15.0,0.3,-71.0,0.8133333333333332
12.0,0.3,-63.0,0.41333333333333333
20.0,0.3,-59.0,0.4
84.0,0.3,-67.0,0.25333333333333335
30.0,0.3,-71.0,0.16
4.0,0.3,-67.0,0.6000000000000001
420.0,0.3,-63.0,0.1323174603174603
60.0,0.3,-63.0,0.3866666666666667
12.0,0.3,-67.0,0.35999999999999993
60.0,0.3,-67.0,0.04844444444444444
210.0,0.3,-67.0,0.15834920634920632
140.0,0.3,-63.0,0.32
30.0,0.3,-67.0,0.04355555555555556
210.0,0.3,-63.0,0.18526984126984128
28.0,0.3,-67.0,0.1180952380952381
12.0,0.3,-67.0,0.3333333333333333
84.0,0.3,-63.0,0.1666666666666667
12.0,0.3,-71.0,0.45333333333333337
420.0,0.3,-63.0,0.28031746031746035
420.0,0.3,-63.0,0.11841269841269841
28.0,0.3,-71.0,0.38666666666666666
12.0,0.3,-71.0,0.28
6.0,0.3,-67.0,0.38666666666666666
42.0,0.3,-67.0,0.17714285714285713
12.0,0.3,-63.0,0.04666666666666666
28.0,0.3,-67.0,0.33333333333333337
84.0,0.3,-63.0,0.16285714285714287
12.0,0.3,-67.0,0.3733333333333333
12.0,0.3,-67.0,0.35999999999999993
4.0,0.3,-71.0,0.6533333333333333
12.0,0.3,-67.0,0.5866666666666666
12.0,0.3,-67.0,0.36000000000000004
420.0,0.3,-63.0,0.12126984126984128
420.0,0.3,-63.0,0.37333333333333335
60.0,0.3,-67.0,0.52
12.0,0.3,-67.0,0.44
60.0,0.3,-63.0,0.3733333333333333
12.0,0.3,-67.0,0.7066666666666666
60.0,0.3,-63.0,0.23999999999999996
28.0,0.3,-63.0,0.15238095238095237
2.0,0.3,-71.0,0.2666666666666667
28.0,0.3,-67.0,0.42666666666666664
420.0,0.3,-59.0,0.18285714285714286
4.0,0.3,-67.0,0.45333333333333337
3.0,0.3,-71.0,0.013333333333333334
140.0,0.3,-63.0,0.1382857142857143
12.0,0.3,-67.0,0.12
6.0,0.3,-71.0,0.9066666666666666
210.0,0.3,-67.0,0.1276190476190476
6.0,0.3,-71.0,0.7733333333333334
420.0,0.3,-59.0,0.11555555555555556
12.0,0.3,-67.0,0.20000000000000004
140.0,0.3,-63.0,0.1895238095238095
4.0,0.3,-71.0,0.6533333333333333
30.0,0.3,-71.0,0.6400000000000002
84.0,0.3,-63.0,0.15333333333333332
60.0,0.3,-63.0,0.038222222222222234
12.0,0.3,-59.0,0.062222222222222213
420.0,0.3,-63.0,0.17904761904761907
60.0,0.3,-59.0,0.27999999999999997
12.0,0.3,-67.0,0.5866666666666667
4.0,0.3,-67.0,0.3733333333333333
12.0,0.3,-63.0,0.6933333333333334
60.0,0.3,-63.0,0.30666666666666664
60.0,0.3,-63.0,0.5599999999999999
12.0,0.3,-63.0,0.6266666666666667
84.0,0.3,-63.0,0.4266666666666667
20.0,0.3,-71.0,0.7733333333333332
420.0,0.3,-59.0,0.14349206349206348
60.0,0.3,-67.0,0.25333333333333335
20.0,0.3,-67.0,0.36
140.0,0.3,-63.0,0.11047619047619046
20.0,0.3,-67.0,0.7466666666666666
60.0,0.3,-63.0,0.6
12.0,0.3,-63.0,0.4000000000000001
84.0,0.3,-63.0,0.27999999999999997
3.0,0.3,-71.0,0.09333333333333334
20.0,0.3,-63.0,0.06933333333333333
12.0,0.3,-67.0,0.4266666666666667
60.0,0.3,-67.0,0.21333333333333335
420.0,0.3,-63.0,0.16755555555555557
60.0,0.3,-67.0,0.46666666666666673
420.0,0.3,-63.0,0.3733333333333333
84.0,0.3,-67.0,0.4666666666666666
4.0,0.3,-71.0,0.7333333333333333
84.0,0.3,-67.0,0.4933333333333333
210.0,0.3,-67.0,0.4
210.0,0.3,-67.0,0.5733333333333334
420.0,0.3,-59.0,0.19333333333333338
6.0,0.3,-67.0,0.6933333333333334
84.0,0.3,-63.0,0.10412698412698412
14.0,0.3,-71.0,0.6266666666666667
420.0,0.3,-63.0,0.3333333333333333
84.0,0.3,-63.0,0.5599999999999999
4.0,0.3,-71.0,0.41333333333333333
20.0,0.3,-67.0,0.09333333333333334
30.0,0.3,-67.0,0.17333333333333337
4.0,0.3,-71.0,0.84
6.0,0.3,-71.0,0.56
20.0,0.3,-63.0,0.06133333333333334
6.0,0.3,-71.0,0.24
420.0,0.3,-67.0,0.10412698412698412
12.0,0.3,-67.0,0.17333333333333334
140.0,0.3,-67.0,0.4
30.0,0.3,-63.0,0.4800000000000001
210.0,0.3,-67.0,0.37333333333333335
60.0,0.3,-63.0,0.35999999999999993
12.0,0.3,-63.0,0.17333333333333334
30.0,0.3,-67.0,0.2933333333333333
4.0,0.3,-67.0,0.5866666666666667
210.0,0.3,-67.0,0.27999999999999997
84.0,0.3,-63.0,0.10603174603174605
210.0,0.3,-63.0,0.2419047619047619
20.0,0.3,-67.0,0.5733333333333333
70.0,0.3,-67.0,0.2533333333333334
84.0,0.3,-63.0,0.2403174603174603
84.0,0.3,-59.0,0.206984126984127
4.0,0.3,-71.0,0.30666666666666664
84.0,0.3,-63.0,0.11079365079365079
6.0,0.3,-67.0,0.25333333333333335
20.0,0.3,-63.0,0.2
12.0,0.3,-63.0,0.26666666666666666
42.0,0.3,-67.0,0.13460317460317459
20.0,0.3,-67.0,0.24
60.0,0.3,-63.0,0.11288888888888889
140.0,0.3,-63.0,0.10285714285714286
10.0,0.3,-67.0,0.08266666666666668
4.0,0.3,-71.0,0.3866666666666666
420.0,0.3,-67.0,0.3333333333333333
60.0,0.3,-59.0,0.12444444444444443
60.0,0.5,-59.0,0.13333333333333333
4.0,0.5,-63.0,0.38666666666666666
20.0,0.5,-67.0,0.38666666666666666
60.0,0.5,-63.0,0.2933333333333333
4.0,0.5,-59.0,0.08
60.0,0.5,-67.0,0.07377777777777779
60.0,0.5,-59.0,0.05422222222222221
4.0,0.5,-63.0,0.13333333333333333
12.0,0.5,-63.0,0.4000000000000001
30.0,0.5,-63.0,0.056
30.0,0.5,-63.0,0.14666666666666667
6.0,0.5,-67.0,0.6533333333333334
5.0,0.5,-71.0,0.7866666666666667
60.0,0.5,-59.0,0.051555555555555556
4.0,0.5,-63.0,0.10666666666666666
60.0,0.5,-59.0,0.13955555555555557
20.0,0.5,-63.0,0.5066666666666667
30.0,0.5,-67.0,0.23999999999999996
12.0,0.5,-59.0,0.17333333333333334
60.0,0.5,-63.0,0.49333333333333335
60.0,0.5,-63.0,0.3466666666666666
20.0,0.5,-59.0,0.096
12.0,0.5,-67.0,0.22666666666666666
60.0,0.5,-59.0,0.09733333333333336
10.0,0.5,-67.0,0.37333333333333335
20.0,0.5,-67.0,0.24
60.0,0.5,-63.0,0.33333333333333326
60.0,0.5,-67.0,0.04355555555555555
12.0,0.5,-63.0,0.6933333333333334
20.0,0.5,-67.0,0.24
60.0,0.5,-59.0,0.10933333333333332
60.0,0.5,-59.0,0.050666666666666665
12.0,0.5,-67.0,0.44
20.0,0.5,-67.0,0.22666666666666666
30.0,0.5,-59.0,0.1733333333333333
30.0,0.5,-63.0,0.26666666666666666
60.0,0.5,-63.0,0.21333333333333332
12.0,0.5,-59.0,0.16
12.0,0.5,-63.0,0.3333333333333333
12.0,0.5,-63.0,0.08
12.0,0.5,-63.0,0.42666666666666675
60.0,0.5,-55.0,0.24000000000000002
60.0,0.5,-59.0,0.21333333333333332
12.0,0.5,-67.0,0.6
20.0,0.5,-59.0,0.05466666666666666
12.0,0.5,-63.0,0.4133333333333334
4.0,0.5,-67.0,0.6133333333333333
30.0,0.5,-59.0,0.05333333333333333
12.0,0.5,-67.0,0.38666666666666666
20.0,0.5,-67.0,0.5866666666666667
30.0,0.5,-59.0,0.2533333333333333
60.0,0.5,-59.0,0.3466666666666666
15.0,0.5,-67.0,0.17333333333333334
12.0,0.5,-67.0,0.48
30.0,0.5,-67.0,0.06933333333333333
15.0,0.5,-67.0,0.17333333333333334
30.0,0.5,-67.0,0.16
60.0,0.5,-55.0,0.10666666666666667
60.0,0.5,-63.0,0.48000000000000004
60.0,0.5,-63.0,0.16044444444444442
30.0,0.5,-67.0,0.05866666666666667
12.0,0.5,-67.0,0.4133333333333334
20.0,0.5,-63.0,0.36
60.0,0.5,-67.0,0.053777777777777785
6.0,0.5,-67.0,0.8266666666666667
20.0,0.5,-63.0,0.48
60.0,0.5,-59.0,0.072
60.0,0.5,-59.0,0.11022222222222225
15.0,0.5,-71.0,0.28
60.0,0.5,-59.0,0.28
60.0,0.5,-59.0,0.05333333333333334
60.0,0.5,-55.0,0.29333333333333333
60.0,0.5,-67.0,0.6666666666666666
12.0,0.5,-67.0,0.11999999999999998
60.0,0.5,-59.0,0.32
60.0,0.5,-59.0,0.24000000000000002
60.0,0.5,-55.0,0.06844444444444445
12.0,0.5,-67.0,0.7333333333333334
12.0,0.5,-67.0,0.21333333333333335
12.0,0.5,-59.0,0.08222222222222222
60.0,0.5,-59.0,0.10888888888888888
60.0,0.5,-63.0,0.18666666666666665
60.0,0.5,-67.0,0.1466666666666666
60.0,0.5,-63.0,0.3733333333333333
12.0,0.5,-67.0,0.7466666666666667
60.0,0.5,-59.0,0.04355555555555555
15.0,0.5,-63.0,0.44000000000000006
20.0,0.5,-63.0,0.4800000000000001
60.0,0.5,-63.0,0.49333333333333335
60.0,0.5,-59.0,0.05333333333333333
30.0,0.5,-59.0,0.52
60.0,0.5,-59.0,0.043555555555555556
5.0,0.5,-67.0,0.6
20.0,0.5,-63.0,0.10533333333333335
60.0,0.5,-63.0,0.2533333333333333
60.0,0.5,-59.0,0.08311111111111112
20.0,0.5,-63.0,0.07066666666666667
60.0,0.5,-59.0,0.29333333333333333
60.0,0.5,-63.0,0.26666666666666666
6.0,0.5,-67.0,0.5466666666666667
60.0,0.5,-59.0,0.04844444444444444
60.0,0.5,-59.0,0.3733333333333333
60.0,0.5,-55.0,0.07377777777777778
60.0,0.5,-59.0,0.10755555555555557
60.0,0.5,-55.0,0.3333333333333333
60.0,0.5,-67.0,0.5333333333333333
60.0,0.5,-59.0,0.26666666666666666
10.0,0.5,-63.0,0.2533333333333333
20.0,0.5,-63.0,0.6533333333333333
20.0,0.5,-63.0,0.32
60.0,0.5,-63.0,0.2266666666666666
10.0,0.5,-67.0,0.034666666666666665
60.0,0.5,-59.0,0.084
4.0,0.5,-63.0,0.04666666666666667
12.0,0.5,-63.0,0.10666666666666669
6.0,0.5,-63.0,0.16
3.0,0.5,-71.0,0.6
60.0,0.5,-63.0,0.18666666666666665
60.0,0.5,-63.0,0.2933333333333332
30.0,0.5,-63.0,0.12000000000000002
12.0,0.5,-63.0,0.5599999999999999
3.0,0.5,-67.0,0.46666666666666673
60.0,0.5,-55.0,0.14844444444444443
60.0,0.5,-59.0,0.06222222222222222
30.0,0.5,-67.0,0.18666666666666665
60.0,0.5,-63.0,0.3066666666666667
30.0,0.5,-67.0,0.08088888888888889
6.0,0.5,-63.0,0.6666666666666666
12.0,0.5,-67.0,0.8133333333333334
12.0,0.5,-67.0,0.5333333333333333
60.0,0.5,-63.0,0.1466666666666666
30.0,0.5,-63.0,0.4800000000000001
20.0,0.5,-63.0,0.2266666666666667
60.0,0.5,-59.0,0.21333333333333335
60.0,0.5,-63.0,0.08266666666666668
30.0,0.5,-63.0,0.2
60.0,0.5,-59.0,0.05733333333333334
30.0,0.5,-67.0,0.14666666666666664
15.0,0.5,-67.0,0.06844444444444446
30.0,0.5,-63.0,0.39999999999999997
15.0,0.5,-59.0,0.33333333333333326
30.0,0.5,-63.0,0.12000000000000001
30.0,0.5,-67.0,0.37333333333333335
30.0,0.5,-63.0,0.3866666666666667
4.0,0.5,-67.0,0.7333333333333334
60.0,0.5,-63.0,0.1466666666666666
20.0,0.5,-67.0,0.16
60.0,0.5,-63.0,0.36
12.0,0.5,-67.0,0.22666666666666666
12.0,0.5,-63.0,0.14666666666666667
20.0,0.5,-59.0,0.3733333333333334
60.0,0.5,-59.0,0.3466666666666667
12.0,0.5,-63.0,0.4400000000000001
4.0,0.5,-63.0,0.08
10.0,0.5,-67.0,0.44000000000000006
60.0,0.5,-59.0,0.41333333333333333
12.0,0.5,-63.0,0.12
30.0,0.5,-63.0,0.13333333333333333
30.0,0.5,-59.0,0.13333333333333333
30.0,0.5,-63.0,0.13333333333333333
3.0,0.5,-71.0,0.8933333333333334
20.0,0.5,-63.0,0.3333333333333333
60.0,0.5,-63.0,0.42666666666666664
4.0,0.5,-67.0,0.09333333333333332
20.0,0.5,-67.0,0.12
30.0,0.5,-67.0,0.48000000000000004
12.0,0.5,-63.0,0.039999999999999994
60.0,0.5,-59.0,0.30666666666666664
10.0,0.5,-67.0,0.21333333333333332
60.0,0.5,-59.0,0.22666666666666666
60.0,0.5,-63.0,0.3066666666666667
20.0,0.5,-63.0,0.03333333333333333
12.0,0.5,-67.0,0.46666666666666673
12.0,0.5,-63.0,0.13333333333333333
60.0,0.5,-63.0,0.06222222222222222
20.0,0.5,-63.0,0.10666666666666669
12.0,0.5,-63.0,0.5599999999999999
60.0,0.5,-67.0,0.03777777777777778
12.0,0.5,-67.0,0.06666666666666667
60.0,0.5,-59.0,0.26666666666666666
10.0,0.5,-67.0,0.3866666666666666
60.0,0.5,-67.0,0.21333333333333332
60.0,0.5,-63.0,0.44
60.0,0.5,-63.0,0.07911111111111112
6.0,0.5,-67.0,0.022222222222222223
15.0,0.5,-67.0,0.3066666666666667
30.0,0.5,-55.0,0.1368888888888889
60.0,0.5,-59.0,0.10666666666666669
60.0,0.5,-59.0,0.1866666666666667
20.0,0.5,-63.0,0.4133333333333333
60.0,0.5,-63.0,0.35999999999999993
60.0,0.5,-63.0,0.04844444444444444
60.0,0.5,-59.0,0.08444444444444447
20.0,0.5,-63.0,0.25333333333333335
12.0,0.5,-67.0,0.22666666666666666
12.0,0.5,-67.0,0.3333333333333333
60.0,0.5,-55.0,0.22666666666666666
60.0,0.5,-55.0,0.08
20.0,0.5,-63.0,0.09866666666666667
12.0,0.5,-63.0,0.19999999999999998
12.0,0.5,-71.0,0.16
60.0,0.5,-59.0,0.16
60.0,0.5,-59.0,0.07511111111111111
12.0,0.5,-59.0,0.17333333333333334
30.0,0.5,-63.0,0.42666666666666664
4.0,0.5,-67.0,0.17333333333333334
20.0,0.5,-67.0,0.4666666666666667
30.0,0.5,-63.0,0.48000000000000004
20.0,0.5,-63.0,0.5733333333333335
12.0,0.5,-63.0,0.04666666666666667
60.0,0.5,-63.0,0.10800000000000003
15.0,0.5,-67.0,0.03466666666666666
12.0,0.5,-67.0,0.21333333333333335
30.0,0.5,-63.0,0.56
30.0,0.5,-59.0,0.13066666666666668
60.0,0.5,-55.0,0.31999999999999995
6.0,0.5,-59.0,0.09333333333333334
60.0,0.5,-59.0,0.29333333333333333
60.0,0.5,-59.0,0.36
30.0,0.5,-63.0,0.49333333333333335
20.0,0.5,-63.0,0.44000000000000006
60.0,0.5,-59.0,0.29333333333333333
60.0,0.5,-55.0,0.36000000000000004
60.0,0.5,-67.0,0.2933333333333333
30.0,0.5,-67.0,0.6666666666666666
60.0,0.5,-59.0,0.5866666666666667
60.0,0.5,-63.0,0.1733333333333333
60.0,0.5,-59.0,0.5466666666666666
2.0,0.5,-71.0,0.5733333333333333
60.0,0.5,-63.0,0.08622222222222224
60.0,0.5,-59.0,0.18666666666666662
12.0,0.5,-63.0,0.05555555555555555
20.0,0.5,-67.0,0.7466666666666666
60.0,0.5,-63.0,0.26666666666666666
20.0,0.5,-63.0,0.28
60.0,0.5,-55.0,0.10933333333333332
30.0,0.5,-67.0,0.26666666666666666
6.0,0.5,-67.0,0.4000000000000001
30.0,0.5,-63.0,0.3466666666666666
60.0,0.5,-55.0,0.08800000000000002
15.0,0.5,-67.0,0.08266666666666667
30.0,0.5,-63.0,0.22666666666666663
20.0,0.5,-67.0,0.23999999999999994
60.0,0.5,-63.0,0.22666666666666668
4.0,0.5,-63.0,0.02666666666666667
60.0,0.5,-63.0,0.3333333333333333
30.0,0.5,-63.0,0.27999999999999997
60.0,0.5,-63.0,0.22666666666666668
3.0,0.5,-71.0,0.9199999999999999
4.0,0.5,-67.0,0.16
60.0,0.5,-63.0,0.30666666666666664
60.0,0.5,-63.0,0.09822222222222222
20.0,0.5,-67.0,0.6133333333333333
60.0,0.5,-63.0,0.38666666666666666
60.0,0.5,-59.0,0.25333333333333335
60.0,0.5,-63.0,0.04355555555555555
12.0,0.5,-59.0,0.04666666666666666
20.0,0.5,-63.0,0.56
12.0,0.5,-63.0,0.16
60.0,0.5,-63.0,0.4533333333333333
60.0,0.5,-63.0,0.17333333333333334
12.0,0.5,-63.0,0.4666666666666666
30.0,0.5,-63.0,0.2933333333333333
60.0,0.5,-59.0,0.08000000000000002
60.0,0.5,-59.0,0.1484444444444444
60.0,0.5,-63.0,0.2666666666666667
60.0,0.5,-63.0,0.42666666666666664
20.0,0.5,-59.0,0.16
30.0,0.5,-59.0,0.14755555555555558
20.0,0.5,-71.0,0.08133333333333334
20.0,0.5,-67.0,0.21333333333333337
60.0,0.5,-63.0,0.18711111111111112
20.0,0.5,-59.0,0.30666666666666664
60.0,0.5,-59.0,0.25333333333333335
30.0,0.5,-63.0,0.07911111111111112
6.0,0.5,-63.0,0.3466666666666666
15.0,0.5,-67.0,0.03822222222222222
60.0,0.5,-55.0,0.24000000000000002
4.0,0.5,-67.0,0.6133333333333333
20.0,0.5,-67.0,0.14666666666666667
60.0,0.5,-59.0,0.23999999999999996
3.0,0.5,-71.0,0.022222222222222223
4.0,0.5,-71.0,0.29333333333333333
30.0,0.5,-67.0,0.5333333333333333
60.0,0.5,-63.0,0.16
60.0,0.5,-67.0,0.37333333333333335
20.0,0.5,-59.0,0.17333333333333334
60.0,0.5,-63.0,0.3066666666666667
6.0,0.5,-63.0,0.5333333333333333
30.0,0.5,-67.0,0.5333333333333333
10.0,0.5,-63.0,0.26666666666666666
30.0,0.5,-63.0,0.56
20.0,0.5,-67.0,0.06933333333333333
10.0,0.5,-67.0,0.38666666666666666
6.0,0.5,-63.0,0.5199999999999999
60.0,0.5,-59.0,0.44000000000000006
15.0,0.5,-59.0,0.3066666666666667
30.0,0.5,-67.0,0.32
4.0,0.5,-63.0,0.39999999999999997
12.0,0.5,-59.0,0.36000000000000004
12.0,0.5,-67.0,0.52
6.0,0.5,-71.0,0.7466666666666666
60.0,0.5,-63.0,0.09555555555555556
60.0,0.5,-59.0,0.055111111111111104
30.0,0.5,-67.0,0.058666666666666666
60.0,0.5,-67.0,0.048888888888888885
12.0,0.5,-67.0,0.7066666666666667
30.0,0.5,-63.0,0.072
60.0,0.5,-63.0,0.31999999999999995
60.0,0.5,-63.0,0.0688888888888889
12.0,0.5,-63.0,0.044444444444444446
60.0,0.5,-63.0,0.14666666666666664
60.0,0.5,-67.0,0.52
15.0,0.5,-67.0,0.2
20.0,0.5,-63.0,0.32000000000000006
6.0,0.5,-67.0,0.05333333333333332
20.0,0.5,-63.0,0.31999999999999995
5.0,0.5,-71.0,0.12
30.0,0.5,-67.0,0.5333333333333334
3.0,0.5,-67.0,0.25333333333333335
60.0,0.5,-59.0,0.18666666666666665
12.0,0.5,-67.0,0.09333333333333334
60.0,0.5,-63.0,0.062222222222222213
30.0,0.5,-67.0,0.18666666666666668
60.0,0.5,-63.0,0.38666666666666666
60.0,0.5,-67.0,0.16000000000000003
60.0,0.5,-63.0,0.5199999999999999
10.0,0.5,-67.0,0.4666666666666667
60.0,0.5,-63.0,0.30666666666666664
60.0,0.5,-55.0,0.36000000000000004
30.0,0.5,-63.0,0.05866666666666667
12.0,0.5,-63.0,0.5599999999999999
30.0,0.5,-63.0,0.11111111111111109
30.0,0.5,-67.0,0.08088888888888891
12.0,0.5,-63.0,0.48000000000000004
60.0,0.5,-55.0,0.14666666666666664
20.0,0.5,-59.0,0.08133333333333334
12.0,0.5,-63.0,0.3466666666666667
12.0,0.5,-63.0,0.07555555555555556
4.0,0.5,-71.0,0.06666666666666667
60.0,0.5,-59.0,0.5199999999999999
30.0,0.5,-55.0,0.06222222222222222
12.0,0.5,-59.0,0.30666666666666664
60.0,0.5,-67.0,0.07377777777777778
20.0,0.5,-63.0,0.3066666666666667
60.0,0.5,-59.0,0.04444444444444443
20.0,0.5,-63.0,0.04000000000000001
4.0,0.5,-63.0,0.07333333333333332
12.0,0.5,-59.0,0.21333333333333335
20.0,0.5,-63.0,0.4666666666666667
60.0,0.5,-63.0,0.52
12.0,0.5,-67.0,0.4400000000000001
12.0,0.5,-67.0,0.5733333333333334
60.0,0.5,-63.0,0.059555555555555556
15.0,0.5,-67.0,0.46666666666666673
12.0,0.5,-63.0,0.16
12.0,0.5,-63.0,0.45333333333333337
12.0,0.5,-63.0,0.13333333333333333
60.0,0.5,-55.0,0.2
60.0,0.5,-59.0,0.39999999999999997
12.0,0.5,-67.0,0.17333333333333334
30.0,0.5,-59.0,0.39999999999999997
2.0,0.5,-71.0,0.04
20.0,0.5,-67.0,0.44000000000000006
10.0,0.5,-67.0,0.14666666666666667
60.0,0.5,-67.0,0.09422222222222222
30.0,0.5,-63.0,0.34666666666666673
30.0,0.5,-63.0,0.30666666666666664
15.0,0.5,-67.0,0.6799999999999999
60.0,0.5,-55.0,0.18666666666666668
60.0,0.5,-59.0,0.08133333333333335
12.0,0.5,-67.0,0.28
10.0,0.5,-67.0,0.14666666666666667
60.0,0.5,-63.0,0.39999999999999997
15.0,0.5,-63.0,0.49333333333333335
10.0,0.5,-67.0,0.29333333333333333
60.0,0.5,-63.0,0.14666666666666664
60.0,0.5,-59.0,0.13333333333333333
60.0,0.5,-67.0,0.08266666666666668
60.0,0.5,-59.0,0.27999999999999997
6.0,0.5,-63.0,0.39999999999999997
6.0,0.5,-59.0,0.38666666666666666
12.0,0.5,-67.0,0.6533333333333334
10.0,0.5,-63.0,0.13333333333333333
60.0,0.5,-59.0,0.21333333333333335
60.0,0.5,-59.0,0.12000000000000001
12.0,0.5,-59.0,0.28
30.0,0.5,-67.0,0.6933333333333334
60.0,0.5,-63.0,0.56
60.0,0.5,-59.0,0.09866666666666667
10.0,0.5,-67.0,0.21333333333333332
60.0,0.5,-63.0,0.21333333333333332
12.0,0.5,-59.0,0.14222222222222222
12.0,0.5,-63.0,0.41333333333333333
15.0,0.5,-67.0,0.03822222222222222
12.0,0.5,-63.0,0.22666666666666668
60.0,0.5,-59.0,0.13333333333333336
20.0,0.5,-63.0,0.2666666666666667
12.0,0.5,-67.0,0.5333333333333332
60.0,0.5,-59.0,0.05333333333333334
30.0,0.7,-55.0,0.10755555555555558
30.0,0.7,-55.0,0.04355555555555556
6.0,0.7,-59.0,0.18666666666666668
2.0,0.7,-59.0,0.21333333333333332
30.0,0.7,-51.0,0.23999999999999996
6.0,0.7,-59.0,0.29333333333333333
30.0,0.7,-63.0,0.4400000000000001
6.0,0.7,-59.0,0.25333333333333335
6.0,0.7,-59.0,0.17333333333333334
6.0,0.7,-51.0,0.25333333333333335
6.0,0.7,-51.0,0.4266666666666667
6.0,0.7,-63.0,0.04
30.0,0.7,-63.0,0.20000000000000007
30.0,0.7,-55.0,0.2
30.0,0.7,-51.0,0.07111111111111111
10.0,0.7,-63.0,0.64
6.0,0.7,-55.0,0.48
3.0,0.7,-63.0,0.52
3.0,0.7,-59.0,0.17333333333333334
30.0,0.7,-55.0,0.09333333333333334
6.0,0.7,-63.0,0.022222222222222223
30.0,0.7,-59.0,0.3866666666666667
30.0,0.7,-63.0,0.08088888888888889
10.0,0.7,-55.0,0.22666666666666666
6.0,0.7,-55.0,0.16
30.0,0.7,-55.0,0.18666666666666665
2.0,0.7,-59.0,0.17333333333333334
6.0,0.7,-59.0,0.022222222222222223
6.0,0.7,-55.0,0.35999999999999993
6.0,0.7,-59.0,0.09333333333333334
10.0,0.7,-63.0,0.2533333333333333
6.0,0.7,-59.0,0.24000000000000002
2.0,0.7,-59.0,0.17333333333333334
6.0,0.7,-55.0,0.24000000000000002
30.0,0.7,-55.0,0.09155555555555556
6.0,0.7,-63.0,0.08
30.0,0.7,-63.0,0.38666666666666666
6.0,0.7,-59.0,0.031111111111111107
15.0,0.7,-63.0,0.3333333333333333
10.0,0.7,-59.0,0.039999999999999994
30.0,0.7,-47.0,0.13333333333333333
6.0,0.7,-55.0,0.31999999999999995
6.0,0.7,-55.0,0.5066666666666666
6.0,0.7,-55.0,0.09333333333333334
6.0,0.7,-59.0,0.2133333333333333
6.0,0.7,-55.0,0.22666666666666668
6.0,0.7,-63.0,0.19999999999999998
30.0,0.7,-63.0,0.16
6.0,0.7,-55.0,0.32
6.0,0.7,-55.0,0.3733333333333333
6.0,0.7,-55.0,0.32
30.0,0.7,-59.0,0.043555555555555577
6.0,0.7,-63.0,0.2666666666666667
2.0,0.7,-55.0,0.31999999999999995
2.0,0.7,-55.0,0.17333333333333334
10.0,0.7,-59.0,0.06933333333333333
10.0,0.7,-59.0,0.3866666666666666
6.0,0.7,-55.0,0.022222222222222223
30.0,0.7,-55.0,0.22666666666666668
30.0,0.7,-63.0,0.16000000000000003
6.0,0.7,-51.0,0.3066666666666667
6.0,0.7,-59.0,0.27999999999999997
6.0,0.7,-67.0,0.29333333333333333
6.0,0.7,-63.0,0.26666666666666666
6.0,0.7,-51.0,0.27999999999999997
30.0,0.7,-63.0,0.17333333333333334
30.0,0.7,-59.0,0.14666666666666667
6.0,0.7,-63.0,0.32
2.0,0.7,-67.0,0.31999999999999995
6.0,0.7,-51.0,0.022222222222222223
30.0,0.7,-59.0,0.2533333333333333
6.0,0.7,-55.0,0.21333333333333335
10.0,0.7,-63.0,0.48
6.0,0.7,-55.0,0.16
6.0,0.7,-59.0,0.38666666666666666
6.0,0.7,-55.0,0.4266666666666667
30.0,0.7,-59.0,0.20000000000000004
6.0,0.7,-51.0,0.22666666666666668
6.0,0.7,-55.0,0.26666666666666666
2.0,0.7,-59.0,0.3333333333333333
2.0,0.7,-59.0,0.16
10.0,0.7,-59.0,0.055999999999999994
6.0,0.7,-55.0,0.09333333333333334
6.0,0.7,-63.0,0.031111111111111114
30.0,0.7,-51.0,0.2533333333333333
6.0,0.7,-55.0,0.13333333333333333
6.0,0.7,-55.0,0.29333333333333333
30.0,0.7,-55.0,0.24000000000000002
6.0,0.7,-55.0,0.25333333333333335
30.0,0.7,-63.0,0.04355555555555556
6.0,0.7,-55.0,0.28
6.0,0.7,-59.0,0.12
6.0,0.7,-55.0,0.13333333333333333
6.0,0.7,-63.0,0.10666666666666667
6.0,0.7,-59.0,0.3333333333333333
2.0,0.7,-63.0,0.41333333333333333
6.0,0.7,-51.0,0.17333333333333334
30.0,0.7,-55.0,0.18666666666666665
6.0,0.7,-59.0,0.07999999999999999
30.0,0.7,-63.0,0.2
2.0,0.7,-63.0,0.21333333333333332
6.0,0.7,-59.0,0.022222222222222223
2.0,0.7,-63.0,0.04
6.0,0.7,-55.0,0.05333333333333334
6.0,0.7,-63.0,0.30666666666666664
6.0,0.7,-51.0,0.16
6.0,0.7,-55.0,0.3333333333333333
30.0,0.7,-51.0,0.13333333333333333
6.0,0.7,-63.0,0.44
6.0,0.7,-55.0,0.39999999999999997
30.0,0.7,-51.0,0.08088888888888889
6.0,0.7,-63.0,0.28
30.0,0.7,-59.0,0.18666666666666665
10.0,0.7,-51.0,0.3333333333333333
2.0,0.7,-63.0,0.24
30.0,0.7,-63.0,0.38666666666666677
30.0,0.7,-55.0,0.038222222222222234
6.0,0.7,-51.0,0.3733333333333333
2.0,0.7,-67.0,0.16
2.0,0.7,-63.0,0.2
30.0,0.7,-51.0,0.06488888888888888
30.0,0.7,-63.0,0.17333333333333334
2.0,0.7,-59.0,0.09333333333333334
30.0,0.7,-59.0,0.22666666666666666
6.0,0.7,-63.0,0.31999999999999995
6.0,0.7,-55.0,0.3066666666666667
6.0,0.7,-63.0,0.08
6.0,0.7,-63.0,0.22666666666666666
3.0,0.7,-67.0,0.3333333333333333
30.0,0.7,-55.0,0.16000000000000003
6.0,0.7,-59.0,0.09333333333333332
2.0,0.7,-59.0,0.4666666666666667
6.0,0.7,-47.0,0.12
2.0,0.7,-63.0,0.06666666666666667
6.0,0.7,-55.0,0.3466666666666667
6.0,0.7,-55.0,0.09333333333333332
3.0,0.7,-63.0,0.49333333333333335
6.0,0.7,-59.0,0.19999999999999998
10.0,0.7,-51.0,0.09333333333333334
30.0,0.7,-59.0,0.21333333333333332
6.0,0.7,-55.0,0.19999999999999998
6.0,0.7,-59.0,0.41333333333333333
30.0,0.7,-51.0,0.22666666666666668
30.0,0.7,-51.0,0.10666666666666667
6.0,0.7,-63.0,0.044444444444444446
6.0,0.7,-51.0,0.39999999999999997
30.0,0.7,-63.0,0.10666666666666669
30.0,0.7,-55.0,0.08444444444444445
2.0,0.7,-63.0,0.06666666666666667
30.0,0.7,-55.0,0.13333333333333333
6.0,0.7,-55.0,0.18666666666666668
2.0,0.7,-63.0,0.09333333333333332
6.0,0.7,-59.0,0.16
30.0,0.7,-55.0,0.06577777777777778
30.0,0.7,-55.0,0.18666666666666665
30.0,0.7,-59.0,0.14666666666666667
30.0,0.7,-51.0,0.14666666666666667
30.0,0.7,-51.0,0.23999999999999996
6.0,0.7,-55.0,0.0711111111111111
6.0,0.7,-59.0,0.044444444444444446
6.0,0.7,-59.0,0.19999999999999998
6.0,0.7,-63.0,0.044444444444444446
6.0,0.7,-51.0,0.3466666666666667
30.0,0.7,-51.0,0.05333333333333334
5.0,0.7,-63.0,0.04533333333333334
6.0,0.7,-59.0,0.56
6.0,0.7,-63.0,0.13333333333333333
6.0,0.7,-51.0,0.05333333333333332
30.0,0.7,-59.0,0.3066666666666667
30.0,0.7,-51.0,0.13333333333333333
6.0,0.7,-59.0,0.19999999999999998
6.0,0.7,-55.0,0.19999999999999998
30.0,0.7,-59.0,0.04355555555555557
30.0,0.7,-55.0,0.08711111111111113
10.0,0.7,-59.0,0.12000000000000002
30.0,0.7,-55.0,0.34666666666666673
30.0,0.7,-55.0,0.3733333333333333
6.0,0.7,-59.0,0.16
6.0,0.7,-63.0,0.16
30.0,0.7,-59.0,0.3466666666666667
6.0,0.7,-59.0,0.06666666666666667
6.0,0.7,-51.0,0.17333333333333334
6.0,0.7,-55.0,0.2933333333333334
30.0,0.7,-63.0,0.04355555555555556
6.0,0.7,-59.0,0.24000000000000002
6.0,0.7,-59.0,0.24
6.0,0.7,-55.0,0.3733333333333333
6.0,0.7,-55.0,0.12
6.0,0.7,-59.0,0.08
10.0,0.7,-59.0,0.06666666666666667
6.0,0.7,-47.0,0.013333333333333334
6.0,0.7,-63.0,0.14666666666666667
2.0,0.7,-63.0,0.36
6.0,0.7,-55.0,0.09333333333333334
6.0,0.7,-59.0,0.37333333333333335
6.0,0.7,-51.0,0.36000000000000004
10.0,0.7,-59.0,0.2533333333333333
6.0,0.7,-59.0,0.25333333333333335
2.0,0.7,-51.0,0.27999999999999997
6.0,0.7,-59.0,0.13333333333333333
6.0,0.7,-59.0,0.24
30.0,0.7,-51.0,0.2
6.0,0.7,-59.0,0.07555555555555556
6.0,0.7,-67.0,0.5733333333333334
6.0,0.7,-63.0,0.48
6.0,0.7,-59.0,0.05333333333333334
6.0,0.7,-51.0,0.26666666666666666
30.0,0.7,-51.0,0.14666666666666667
6.0,0.7,-51.0,0.3333333333333333
6.0,0.7,-59.0,0.12
30.0,0.7,-63.0,0.04355555555555557
6.0,0.7,-51.0,0.035555555555555556
30.0,0.7,-63.0,0.4
30.0,0.7,-67.0,0.7466666666666666
6.0,0.7,-59.0,0.035555555555555556
6.0,0.7,-63.0,0.25333333333333335
6.0,0.7,-55.0,0.26666666666666666
6.0,0.7,-63.0,0.7600000000000001
15.0,0.7,-63.0,0.20000000000000004
30.0,0.7,-55.0,0.25333333333333335
6.0,0.7,-55.0,0.3466666666666666
6.0,0.7,-63.0,0.05333333333333332
6.0,0.7,-55.0,0.26666666666666666
30.0,0.7,-51.0,0.06577777777777778
10.0,0.7,-63.0,0.13333333333333333
30.0,0.7,-59.0,0.36
2.0,0.7,-59.0,0.2
6.0,0.7,-59.0,0.32
30.0,0.7,-55.0,0.05866666666666667
6.0,0.7,-59.0,0.17333333333333334
6.0,0.7,-63.0,0.3733333333333333
6.0,0.7,-55.0,0.031111111111111114
6.0,0.7,-63.0,0.022222222222222223
10.0,0.7,-55.0,0.034666666666666665
30.0,0.7,-55.0,0.22666666666666666
30.0,0.7,-59.0,0.08444444444444445
2.0,0.7,-55.0,0.16
2.0,0.7,-63.0,0.18666666666666668
5.0,0.7,-67.0,0.09333333333333332
6.0,0.7,-59.0,0.18666666666666668
6.0,0.7,-63.0,0.05333333333333332
6.0,0.7,-59.0,0.022222222222222223
30.0,0.7,-55.0,0.04000000000000001
10.0,0.7,-59.0,0.11999999999999997
6.0,0.7,-59.0,0.12
3.0,0.7,-71.0,0.06666666666666667
6.0,0.7,-59.0,0.4666666666666666
30.0,0.7,-55.0,0.08088888888888889
30.0,0.7,-55.0,0.04888888888888889
6.0,0.7,-59.0,0.04
6.0,0.7,-59.0,0.39999999999999997
6.0,0.7,-55.0,0.3466666666666667
6.0,0.7,-59.0,0.09333333333333332
3.0,0.7,-59.0,0.52
6.0,0.7,-51.0,0.16
6.0,0.7,-51.0,0.12000000000000001
6.0,0.7,-59.0,0.3866666666666667
3.0,0.7,-55.0,0.17333333333333334
2.0,0.7,-59.0,0.04
10.0,0.7,-59.0,0.2666666666666667
30.0,0.7,-59.0,0.15999999999999998
6.0,0.7,-63.0,0.39999999999999997
6.0,0.7,-59.0,0.2133333333333333
6.0,0.7,-63.0,0.26666666666666666
6.0,0.7,-55.0,0.49333333333333335
6.0,0.7,-55.0,0.05333333333333332
30.0,0.7,-59.0,0.5733333333333334
30.0,0.7,-59.0,0.08088888888888889
6.0,0.7,-51.0,0.13333333333333333
6.0,0.7,-59.0,0.35999999999999993
2.0,0.7,-71.0,0.5733333333333333
3.0,0.7,-59.0,0.27999999999999997
6.0,0.7,-55.0,0.13333333333333333
2.0,0.7,-63.0,0.02666666666666667
30.0,0.7,-59.0,0.2533333333333333
3.0,0.7,-59.0,0.28
6.0,0.7,-59.0,0.18666666666666665
6.0,0.7,-51.0,0.031111111111111114
2.0,0.7,-59.0,0.42666666666666664
2.0,0.7,-63.0,0.22666666666666668
6.0,0.7,-59.0,0.05333333333333332
6.0,0.7,-55.0,0.22666666666666668
2.0,0.7,-63.0,0.36
30.0,0.7,-51.0,0.2533333333333333
6.0,0.7,-51.0,0.24
6.0,0.7,-55.0,0.08
30.0,0.7,-59.0,0.13333333333333333
6.0,0.7,-59.0,0.22666666666666666
30.0,0.7,-51.0,0.050666666666666665
6.0,0.7,-59.0,0.022222222222222223
30.0,0.7,-55.0,0.18666666666666668
2.0,0.7,-59.0,0.21333333333333332
30.0,0.7,-51.0,0.058666666666666666
2.0,0.7,-63.0,0.3733333333333333
2.0,0.7,-63.0,0.41333333333333333
15.0,0.7,-55.0,0.09333333333333334
30.0,0.7,-59.0,0.07111111111111111
6.0,0.7,-55.0,0.19999999999999998
6.0,0.7,-51.0,0.04
3.0,0.7,-67.0,0.44
30.0,0.7,-55.0,0.23999999999999996
10.0,0.7,-59.0,0.055999999999999994
2.0,0.7,-59.0,0.14666666666666667
30.0,0.7,-59.0,0.09777777777777777
30.0,0.7,-55.0,0.06133333333333334
30.0,0.7,-63.0,0.11999999999999998
30.0,0.7,-55.0,0.14666666666666667
6.0,0.7,-59.0,0.04
6.0,0.7,-55.0,0.2666666666666667
2.0,0.7,-63.0,0.04
6.0,0.7,-59.0,0.12
2.0,0.7,-63.0,0.3733333333333333
30.0,0.7,-51.0,0.16000000000000003
6.0,0.7,-55.0,0.38666666666666666
6.0,0.7,-59.0,0.22666666666666666
6.0,0.7,-63.0,0.022222222222222223
6.0,0.7,-63.0,0.12
10.0,0.7,-59.0,0.42666666666666664
6.0,0.7,-51.0,0.16
2.0,0.7,-59.0,0.16
30.0,0.7,-55.0,0.14666666666666664
30.0,0.7,-59.0,0.29333333333333333
6.0,0.7,-55.0,0.28
10.0,0.7,-59.0,0.37333333333333335
6.0,0.7,-59.0,0.3066666666666667
6.0,0.7,-55.0,0.05333333333333332
6.0,0.7,-59.0,0.05777777777777777
30.0,0.7,-59.0,0.056000000000000015
2.0,0.7,-59.0,0.36
6.0,0.7,-59.0,0.05333333333333332
6.0,0.7,-59.0,0.05777777777777778
15.0,0.7,-59.0,0.06844444444444445
30.0,0.7,-51.0,0.21333333333333335
30.0,0.7,-55.0,0.09688888888888889
30.0,0.7,-47.0,0.19999999999999998
30.0,0.7,-59.0,0.06844444444444445
30.0,0.7,-47.0,0.16000000000000003
6.0,0.7,-63.0,0.5333333333333333
30.0,0.7,-55.0,0.16000000000000003
30.0,0.7,-55.0,0.11022222222222225
30.0,0.7,-59.0,0.09511111111111113
6.0,0.7,-55.0,0.031111111111111114
6.0,0.7,-55.0,0.031111111111111114
2.0,0.7,-63.0,0.41333333333333333
6.0,0.7,-51.0,0.044444444444444446
15.0,0.7,-59.0,0.06844444444444446
30.0,0.7,-63.0,0.050666666666666665
6.0,0.7,-63.0,0.4133333333333333
30.0,0.7,-55.0,0.4133333333333334
6.0,0.7,-51.0,0.17333333333333334
30.0,0.7,-59.0,0.22666666666666663
6.0,0.7,-63.0,0.21333333333333335
6.0,0.7,-51.0,0.08
2.0,0.7,-59.0,0.14666666666666667
6.0,0.7,-59.0,0.05333333333333334
3.0,0.7,-59.0,0.22666666666666668
30.0,0.7,-51.0,0.26666666666666666
6.0,0.7,-55.0,0.42666666666666675
30.0,0.7,-55.0,0.18666666666666665
6.0,0.7,-63.0,0.41333333333333333
30.0,0.7,-55.0,0.19999999999999998
6.0,0.7,-55.0,0.09333333333333332
30.0,0.7,-63.0,0.14666666666666664
6.0,0.7,-67.0,0.6133333333333333
2.0,0.7,-63.0,0.3333333333333333
2.0,0.7,-63.0,0.10666666666666666
30.0,0.7,-51.0,0.3333333333333333
10.0,0.7,-59.0,0.52
30.0,0.7,-59.0,0.04977777777777778
6.0,0.7,-55.0,0.09333333333333332
30.0,0.7,-59.0,0.5733333333333335
30.0,0.7,-59.0,0.29333333333333333
10.0,0.7,-63.0,0.09333333333333334
30.0,0.7,-55.0,0.32
10.0,0.7,-59.0,0.21333333333333337
6.0,0.7,-55.0,0.18666666666666665
6.0,0.7,-55.0,0.18666666666666668
6.0,0.7,-55.0,0.24
30.0,0.7,-55.0,0.29333333333333333
6.0,0.7,-59.0,0.37333333333333335
6.0,0.7,-59.0,0.035555555555555556
3.0,0.7,-63.0,0.4666666666666666
6.0,0.7,-63.0,0.22666666666666668
6.0,0.7,-51.0,0.08
6.0,0.7,-59.0,0.05333333333333334
30.0,0.7,-55.0,0.16000000000000003
6.0,0.7,-59.0,0.4133333333333333
3.0,0.7,-63.0,0.04
6.0,0.7,-51.0,0.05777777777777778
6.0,0.7,-55.0,0.04
6.0,0.7,-59.0,0.19999999999999998
30.0,0.7,-63.0,0.08088888888888889
6.0,0.7,-63.0,0.45333333333333337
30.0,0.7,-51.0,0.27999999999999997
2.0,0.7,-59.0,0.42666666666666664
6.0,0.7,-51.0,0.14666666666666667
6.0,0.7,-59.0,0.16
30.0,0.7,-51.0,0.04355555555555556
30.0,0.7,-55.0,0.3466666666666667
2.0,0.7,-55.0,0.29333333333333333
2.0,0.9,-51.0,0.17333333333333334
2.0,0.9,-47.0,0.08
2.0,0.9,-47.0,0.10666666666666666
2.0,0.9,-47.0,0.04
2.0,0.9,-47.0,0.10666666666666666
2.0,0.9,-51.0,0.2666666666666667
2.0,0.9,-51.0,0.2666666666666667
2.0,0.9,-47.0,0.02666666666666667
2.0,0.9,-55.0,0.04
2.0,0.9,-55.0,0.13333333333333333
2.0,0.9,-47.0,0.22666666666666668
2.0,0.9,-55.0,0.04
1.0,0.9,-67.0,0.6533333333333333
2.0,0.9,-51.0,0.10666666666666666
2.0,0.9,-51.0,0.08
2.0,0.9,-55.0,0.10666666666666666
2.0,0.9,-51.0,0.36
2.0,0.9,-43.0,0.13333333333333333
2.0,0.9,-51.0,0.21333333333333332
2.0,0.9,-55.0,0.25333333333333335
1.0,0.9,-51.0,0.25333333333333335
2.0,0.9,-55.0,0.18666666666666668
2.0,0.9,-51.0,0.06666666666666667
2.0,0.9,-47.0,0.08
2.0,0.9,-55.0,0.2
2.0,0.9,-55.0,0.013333333333333334
2.0,0.9,-55.0,0.24
2.0,0.9,-55.0,0.18666666666666668
2.0,0.9,-39.0,0.38666666666666666
2.0,0.9,-51.0,0.13333333333333333
2.0,0.9,-51.0,0.12
2.0,0.9,-51.0,0.14666666666666667
2.0,0.9,-59.0,0.36
2.0,0.9,-51.0,0.05333333333333334
2.0,0.9,-55.0,0.13333333333333333
2.0,0.9,-59.0,0.013333333333333334
2.0,0.9,-51.0,0.17333333333333334
2.0,0.9,-47.0,0.05333333333333334
2.0,0.9,-63.0,0.2666666666666667
2.0,0.9,-55.0,0.05333333333333333
2.0,0.9,-59.0,0.21333333333333332
2.0,0.9,-51.0,0.38666666666666666
2.0,0.9,-55.0,0.5066666666666667
2.0,0.9,-55.0,0.16
2.0,0.9,-51.0,0.04
2.0,0.9,-47.0,0.08
2.0,0.9,-51.0,0.02666666666666667
1.0,0.9,-47.0,0.013333333333333334
2.0,0.9,-55.0,0.3466666666666667
2.0,0.9,-59.0,0.4666666666666667
2.0,0.9,-51.0,0.42666666666666664
2.0,0.9,-47.0,0.05333333333333333
2.0,0.9,-55.0,0.02666666666666667
2.0,0.9,-51.0,0.22666666666666666
2.0,0.9,-51.0,0.12
2.0,0.9,-55.0,0.08
2.0,0.9,-59.0,0.013333333333333334
2.0,0.9,-51.0,0.13333333333333333
2.0,0.9,-51.0,0.13333333333333333
2.0,0.9,-59.0,0.17333333333333334
2.0,0.9,-47.0,0.10666666666666666
2.0,0.9,-47.0,0.013333333333333334
2.0,0.9,-51.0,0.29333333333333333
1.0,0.9,-55.0,0.2
2.0,0.9,-47.0,0.21333333333333332
2.0,0.9,-59.0,0.2
1.0,0.9,-55.0,0.14666666666666667
2.0,0.9,-47.0,0.16
2.0,0.9,-59.0,0.41333333333333333
2.0,0.9,-55.0,0.13333333333333333
1.0,0.9,-55.0,0.06666666666666667
2.0,0.9,-55.0,0.48
2.0,0.9,-51.0,0.13333333333333333
1.0,0.9,-55.0,0.44
1.0,0.9,-55.0,0.22666666666666666
2.0,0.9,-55.0,0.08
2.0,0.9,-59.0,0.18666666666666668
2.0,0.9,-55.0,0.3466666666666667
1.0,0.9,-55.0,0.12
2.0,0.9,-55.0,0.18666666666666668
2.0,0.9,-51.0,0.14666666666666667
2.0,0.9,-47.0,0.25333333333333335
2.0,0.9,-47.0,0.06666666666666667
2.0,0.9,-51.0,0.08
2.0,0.9,-47.0,0.09333333333333334
2.0,0.9,-51.0,0.16
2.0,0.9,-55.0,0.13333333333333333
1.0,0.9,-51.0,0.30666666666666664
2.0,0.9,-51.0,0.38666666666666666
2.0,0.9,-47.0,0.18666666666666668
2.0,0.9,-51.0,0.13333333333333333
2.0,0.9,-47.0,0.2
2.0,0.9,-51.0,0.3333333333333333
2.0,0.9,-63.0,0.13333333333333333
2.0,0.9,-55.0,0.5466666666666666
2.0,0.9,-59.0,0.09333333333333332
2.0,0.9,-51.0,0.13333333333333333
2.0,0.9,-47.0,0.21333333333333332
2.0,0.9,-51.0,0.05333333333333333
2.0,0.9,-63.0,0.3466666666666667
1.0,0.9,-55.0,0.22666666666666666
1.0,0.9,-47.0,0.14666666666666667
1.0,0.9,-55.0,0.12
2.0,0.9,-55.0,0.27999999999999997
2.0,0.9,-51.0,0.31999999999999995
2.0,0.9,-55.0,0.08
2.0,0.9,-47.0,0.24
2.0,0.9,-47.0,0.22666666666666666
2.0,0.9,-47.0,0.25333333333333335
2.0,0.9,-39.0,0.13333333333333333
2.0,0.9,-39.0,0.02666666666666667
2.0,0.9,-59.0,0.17333333333333334
2.0,0.9,-47.0,0.06666666666666667
2.0,0.9,-59.0,0.16
2.0,0.9,-51.0,0.08
2.0,0.9,-51.0,0.08
2.0,0.9,-47.0,0.4
2.0,0.9,-55.0,0.13333333333333333
2.0,0.9,-67.0,0.5066666666666667
2.0,0.9,-55.0,0.3733333333333333
2.0,0.9,-47.0,0.22666666666666668
2.0,0.9,-43.0,0.2
2.0,0.9,-43.0,0.06666666666666667
2.0,0.9,-51.0,0.06666666666666667
1.0,0.9,-59.0,0.09333333333333334
2.0,0.9,-47.0,0.02666666666666667
2.0,0.9,-51.0,0.25333333333333335
1.0,0.9,-55.0,0.17333333333333334
2.0,0.9,-51.0,0.2
2.0,0.9,-51.0,0.13333333333333333
2.0,0.9,-59.0,0.21333333333333332
2.0,0.9,-51.0,0.29333333333333333
2.0,0.9,-47.0,0.31999999999999995
2.0,0.9,-59.0,0.02666666666666667
2.0,0.9,-51.0,0.10666666666666666
2.0,0.9,-43.0,0.04
2.0,0.9,-55.0,0.25333333333333335
2.0,0.9,-51.0,0.22666666666666668
2.0,0.9,-51.0,0.18666666666666668
1.0,0.9,-55.0,0.22666666666666666
2.0,0.9,-47.0,0.013333333333333334
2.0,0.9,-55.0,0.28
2.0,0.9,-55.0,0.02666666666666667
2.0,0.9,-43.0,0.05333333333333333
2.0,0.9,-47.0,0.06666666666666667
2.0,0.9,-47.0,0.18666666666666668
2.0,0.9,-63.0,0.21333333333333332
2.0,0.9,-51.0,0.48
2.0,0.9,-55.0,0.22666666666666668
2.0,0.9,-51.0,0.17333333333333334
2.0,0.9,-51.0,0.12
2.0,0.9,-59.0,0.12
2.0,0.9,-47.0,0.013333333333333334
2.0,0.9,-47.0,0.013333333333333334
2.0,0.9,-51.0,0.2666666666666667
2.0,0.9,-51.0,0.24
2.0,0.9,-51.0,0.4666666666666667
2.0,0.9,-43.0,0.4
2.0,0.9,-55.0,0.09333333333333334
2.0,0.9,-55.0,0.22666666666666666
2.0,0.9,-55.0,0.02666666666666667
2.0,0.9,-59.0,0.17333333333333334
2.0,0.9,-51.0,0.10666666666666666
2.0,0.9,-55.0,0.31999999999999995
2.0,0.9,-51.0,0.10666666666666666
1.0,0.9,-59.0,0.52
2.0,0.9,-51.0,0.09333333333333334
2.0,0.9,-39.0,0.17333333333333334
2.0,0.9,-59.0,0.08
2.0,0.9,-47.0,0.22666666666666668
2.0,0.9,-55.0,0.22666666666666668
2.0,0.9,-51.0,0.13333333333333333
2.0,0.9,-51.0,0.10666666666666666
2.0,0.9,-55.0,0.09333333333333332
2.0,0.9,-59.0,0.09333333333333332
2.0,0.9,-55.0,0.38666666666666666
2.0,0.9,-55.0,0.08
2.0,0.9,-51.0,0.13333333333333333
2.0,0.9,-55.0,0.16
1.0,0.9,-51.0,0.25333333333333335
1.0,0.9,-43.0,0.013333333333333334
2.0,0.9,-47.0,0.3466666666666667
2.0,0.9,-47.0,0.02666666666666667
2.0,0.9,-39.0,0.14666666666666667
2.0,0.9,-51.0,0.3466666666666667
2.0,0.9,-55.0,0.16
2.0,0.9,-51.0,0.12
2.0,0.9,-51.0,0.12
2.0,0.9,-47.0,0.13333333333333333
2.0,0.9,-51.0,0.05333333333333333
2.0,0.9,-43.0,0.2
2.0,0.9,-59.0,0.04
1.0,0.9,-63.0,0.28
1.0,0.9,-55.0,0.2
1.0,0.9,-59.0,0.22666666666666666
2.0,0.9,-47.0,0.21333333333333332
2.0,0.9,-55.0,0.02666666666666667
1.0,0.9,-43.0,0.2
1.0,0.9,-59.0,0.41333333333333333
2.0,0.9,-55.0,0.24
2.0,0.9,-51.0,0.24000000000000002
2.0,0.9,-47.0,0.18666666666666668
2.0,0.9,-55.0,0.09333333333333332
1.0,0.9,-55.0,0.09333333333333334
1.0,0.9,-59.0,0.49333333333333335
2.0,0.9,-59.0,0.17333333333333334
2.0,0.9,-43.0,0.14666666666666667
2.0,0.9,-43.0,0.05333333333333334
1.0,0.9,-47.0,0.3333333333333333
2.0,0.9,-47.0,0.22666666666666668
2.0,0.9,-55.0,0.21333333333333332
2.0,0.9,-51.0,0.04
2.0,0.9,-51.0,0.13333333333333333
2.0,0.9,-55.0,0.31999999999999995
1.0,0.9,-51.0,0.2
2.0,0.9,-51.0,0.08
2.0,0.9,-43.0,0.05333333333333334
2.0,0.9,-55.0,0.18666666666666668
2.0,0.9,-55.0,0.09333333333333334
2.0,0.9,-47.0,0.31999999999999995
2.0,0.9,-47.0,0.05333333333333333
2.0,0.9,-47.0,0.013333333333333334
2.0,0.9,-47.0,0.14666666666666667
2.0,0.9,-55.0,0.013333333333333334
1.0,0.9,-51.0,0.17333333333333334
2.0,0.9,-55.0,0.31999999999999995
2.0,0.9,-51.0,0.24
2.0,0.9,-51.0,0.04
2.0,0.9,-55.0,0.16
2.0,0.9,-51.0,0.013333333333333334
2.0,0.9,-47.0,0.25333333333333335
2.0,0.9,-51.0,0.04
2.0,0.9,-51.0,0.24
2.0,0.9,-47.0,0.013333333333333334
2.0,0.9,-51.0,0.5333333333333333
2.0,0.9,-55.0,0.04
2.0,0.9,-55.0,0.04
1.0,0.9,-59.0,0.38666666666666666
2.0,0.9,-59.0,0.2
2.0,0.9,-47.0,0.25333333333333335
2.0,0.9,-51.0,0.06666666666666667
2.0,0.9,-55.0,0.21333333333333332
2.0,0.9,-63.0,0.24
2.0,0.9,-55.0,0.2
1.0,0.9,-59.0,0.14666666666666667
2.0,0.9,-51.0,0.08
2.0,0.9,-55.0,0.09333333333333334
2.0,0.9,-51.0,0.10666666666666666
2.0,0.9,-51.0,0.13333333333333333
2.0,0.9,-55.0,0.04
2.0,0.9,-55.0,0.48
2.0,0.9,-59.0,0.28
2.0,0.9,-39.0,0.28
2.0,0.9,-55.0,0.5866666666666667
2.0,0.9,-47.0,0.14666666666666667
2.0,0.9,-51.0,0.02666666666666667
1.0,0.9,-59.0,0.2
2.0,0.9,-47.0,0.02666666666666667
2.0,0.9,-59.0,0.08
2.0,0.9,-47.0,0.16
2.0,0.9,-55.0,0.4666666666666667
2.0,0.9,-51.0,0.16
1.0,0.9,-55.0,0.06666666666666667
2.0,0.9,-55.0,0.29333333333333333
2.0,0.9,-43.0,0.12
2.0,0.9,-51.0,0.02666666666666667
1.0,0.9,-63.0,0.6
2.0,0.9,-55.0,0.2
2.0,0.9,-51.0,0.02666666666666667
2.0,0.9,-59.0,0.13333333333333333
2.0,0.9,-55.0,0.02666666666666667
2.0,0.9,-55.0,0.3333333333333333
2.0,0.9,-47.0,0.3466666666666667
2.0,0.9,-59.0,0.09333333333333334
2.0,0.9,-55.0,0.22666666666666668
2.0,0.9,-55.0,0.3333333333333333
2.0,0.9,-51.0,0.24
2.0,0.9,-55.0,0.10666666666666666
2.0,0.9,-51.0,0.3466666666666667
2.0,0.9,-59.0,0.05333333333333333
2.0,0.9,-47.0,0.24
1.0,0.9,-59.0,0.06666666666666667
2.0,0.9,-47.0,0.21333333333333335
2.0,0.9,-55.0,0.08
2.0,0.9,-47.0,0.09333333333333332
1.0,0.9,-59.0,0.5466666666666666
2.0,0.9,-47.0,0.3466666666666667
1.0,0.9,-63.0,0.14666666666666667
2.0,0.9,-43.0,0.10666666666666666
2.0,0.9,-43.0,0.10666666666666666
2.0,0.9,-47.0,0.04
2.0,0.9,-47.0,0.06666666666666667
2.0,0.9,-47.0,0.08
2.0,0.9,-55.0,0.22666666666666666
2.0,0.9,-47.0,0.05333333333333333
2.0,0.9,-55.0,0.17333333333333334
2.0,0.9,-51.0,0.05333333333333333
2.0,0.9,-63.0,0.05333333333333333
2.0,0.9,-47.0,0.16
2.0,0.9,-59.0,0.42666666666666664
2.0,0.9,-47.0,0.13333333333333333
2.0,0.9,-51.0,0.013333333333333334
1.0,0.9,-55.0,0.25333333333333335
2.0,0.9,-55.0,0.25333333333333335
1.0,0.9,-59.0,0.06666666666666667
2.0,0.9,-51.0,0.09333333333333332
2.0,0.9,-51.0,0.09333333333333332
2.0,0.9,-63.0,0.18666666666666668
2.0,0.9,-51.0,0.10666666666666666
2.0,0.9,-55.0,0.02666666666666667
2.0,0.9,-43.0,0.22666666666666668
2.0,0.9,-51.0,0.13333333333333333
2.0,0.9,-51.0,0.18666666666666668
1.0,0.9,-55.0,0.17333333333333334
2.0,0.9,-51.0,0.2
2.0,0.9,-55.0,0.18666666666666668
2.0,0.9,-59.0,0.24
2.0,0.9,-43.0,0.013333333333333334
2.0,0.9,-51.0,0.08
2.0,0.9,-55.0,0.05333333333333334
2.0,0.9,-51.0,0.18666666666666668
2.0,0.9,-55.0,0.21333333333333332
2.0,0.9,-55.0,0.04
2.0,0.9,-55.0,0.41333333333333333
2.0,0.9,-43.0,0.25333333333333335
2.0,0.9,-55.0,0.56
2.0,0.9,-55.0,0.30666666666666664
2.0,0.9,-55.0,0.05333333333333333
2.0,0.9,-63.0,0.4
2.0,0.9,-55.0,0.32
2.0,0.9,-47.0,0.08
2.0,0.9,-55.0,0.2
2.0,0.9,-55.0,0.12
2.0,0.9,-55.0,0.26666666666666666
2.0,0.9,-43.0,0.22666666666666668
2.0,0.9,-55.0,0.25333333333333335
2.0,0.9,-47.0,0.12
1.0,0.9,-59.0,0.41333333333333333
2.0,0.9,-59.0,0.16
1.0,0.9,-55.0,0.12
2.0,0.9,-55.0,0.3733333333333333
2.0,0.9,-55.0,0.02666666666666667
2.0,0.9,-43.0,0.04
2.0,0.9,-55.0,0.12
2.0,0.9,-51.0,0.08
2.0,0.9,-55.0,0.13333333333333333
2.0,0.9,-51.0,0.02666666666666667
2.0,0.9,-63.0,0.4
1.0,0.9,-55.0,0.09333333333333334
2.0,0.9,-39.0,0.13333333333333333
1.0,0.9,-59.0,0.38666666666666666
1.0,0.9,-55.0,0.04
2.0,0.9,-55.0,0.3733333333333333
2.0,0.9,-51.0,0.10666666666666666
2.0,0.9,-55.0,0.06666666666666667
2.0,0.9,-59.0,0.02666666666666667
2.0,0.9,-51.0,0.29333333333333333
2.0,0.9,-55.0,0.38666666666666666
2.0,0.9,-51.0,0.09333333333333334
2.0,0.9,-51.0,0.3333333333333333
2.0,0.9,-51.0,0.3733333333333333
2.0,0.9,-43.0,0.17333333333333334
2.0,0.9,-47.0,0.05333333333333333
2.0,0.9,-55.0,0.49333333333333335
2.0,0.9,-55.0,0.21333333333333332
2.0,0.9,-55.0,0.21333333333333332
2.0,0.9,-43.0,0.16
2.0,0.9,-55.0,0.12
2.0,0.9,-43.0,0.2
1.0,0.9,-39.0,0.12
2.0,0.9,-43.0,0.18666666666666668
2.0,0.9,-55.0,0.16
2.0,0.9,-55.0,0.05333333333333333
2.0,0.9,-51.0,0.36
2.0,0.9,-55.0,0.14666666666666667
2.0,0.9,-55.0,0.06666666666666667
2.0,0.9,-43.0,0.14666666666666667
2.0,0.9,-47.0,0.16
2.0,0.9,-55.0,0.16
2.0,0.9,-55.0,0.18666666666666668
1.0,0.9,-55.0,0.04
2.0,0.9,-51.0,0.12
2.0,0.9,-55.0,0.22666666666666666
2.0,0.9,-47.0,0.04
2.0,0.9,-55.0,0.13333333333333333
2.0,0.9,-47.0,0.18666666666666668
2.0,0.9,-47.0,0.02666666666666667
2.0,0.9,-55.0,0.4
2.0,0.9,-51.0,0.13333333333333333
2.0,0.9,-51.0,0.13333333333333333
2.0,0.9,-55.0,0.32
2.0,0.9,-51.0,0.10666666666666666
2.0,0.9,-43.0,0.2
2.0,0.9,-43.0,0.02666666666666667
2.0,0.9,-47.0,0.52
2.0,0.9,-59.0,0.08
2.0,0.9,-51.0,0.17333333333333334
2.0,0.9,-59.0,0.24
2.0,0.9,-55.0,0.10666666666666666
1.0,0.9,-51.0,0.06666666666666667
1.0,1,-51.0,0.06666666666666667
1.0,1,-43.0,0.013333333333333334
1.0,1,-43.0,0.09333333333333334
1.0,1,-47.0,0.06666666666666667
1.0,1,-51.0,0.09333333333333334
1.0,1,-55.0,0.25333333333333335
1.0,1,-47.0,0.17333333333333334
1.0,1,-47.0,0.04
1.0,1,-55.0,0.013333333333333334
1.0,1,-43.0,0.06666666666666667
1.0,1,-43.0,0.30666666666666664
1.0,1,-55.0,0.06666666666666667
1.0,1,-63.0,0.38666666666666666
1.0,1,-47.0,0.14666666666666667
1.0,1,-43.0,0.013333333333333334
1.0,1,-51.0,0.36
1.0,1,-43.0,0.36
1.0,1,-47.0,0.41333333333333333
1.0,1,-51.0,0.22666666666666666
1.0,1,-51.0,0.22666666666666666
1.0,1,-51.0,0.25333333333333335
1.0,1,-47.0,0.09333333333333334
1.0,1,-51.0,0.04
1.0,1,-47.0,0.06666666666666667
1.0,1,-51.0,0.09333333333333334
1.0,1,-55.0,0.013333333333333334
1.0,1,-55.0,0.14666666666666667
1.0,1,-55.0,0.17333333333333334
1.0,1,-39.0,0.41333333333333333
1.0,1,-51.0,0.14666666666666667
1.0,1,-51.0,0.17333333333333334
1.0,1,-51.0,0.17333333333333334
1.0,1,-55.0,0.41333333333333333
1.0,1,-51.0,0.013333333333333334
1.0,1,-47.0,0.09333333333333334
1.0,1,-55.0,0.17333333333333334
1.0,1,-51.0,0.17333333333333334
1.0,1,-47.0,0.013333333333333334
1.0,1,-59.0,0.2
1.0,1,-55.0,0.013333333333333334
1.0,1,-55.0,0.013333333333333334
1.0,1,-43.0,0.38666666666666666
1.0,1,-51.0,0.3333333333333333
1.0,1,-51.0,0.17333333333333334
1.0,1,-51.0,0.30666666666666664
1.0,1,-51.0,0.013333333333333334
1.0,1,-51.0,0.04
1.0,1,-43.0,0.09333333333333334
1.0,1,-51.0,0.30666666666666664
1.0,1,-51.0,0.30666666666666664
1.0,1,-51.0,0.25333333333333335
1.0,1,-47.0,0.04
1.0,1,-59.0,0.04
1.0,1,-47.0,0.09333333333333334
1.0,1,-51.0,0.013333333333333334
1.0,1,-55.0,0.04
1.0,1,-55.0,0.04
1.0,1,-51.0,0.013333333333333334
1.0,1,-51.0,0.12
1.0,1,-55.0,0.09333333333333334
1.0,1,-47.0,0.013333333333333334
1.0,1,-47.0,0.013333333333333334
1.0,1,-55.0,0.44
1.0,1,-55.0,0.06666666666666667
1.0,1,-43.0,0.14666666666666667
1.0,1,-59.0,0.2
1.0,1,-43.0,0.2
1.0,1,-47.0,0.2
1.0,1,-55.0,0.30666666666666664
1.0,1,-47.0,0.09333333333333334
1.0,1,-47.0,0.12
1.0,1,-51.0,0.3333333333333333
1.0,1,-51.0,0.28
1.0,1,-55.0,0.36
1.0,1,-55.0,0.14666666666666667
1.0,1,-51.0,0.2
1.0,1,-59.0,0.14666666666666667
1.0,1,-51.0,0.30666666666666664
1.0,1,-51.0,0.06666666666666667
1.0,1,-51.0,0.12
1.0,1,-47.0,0.2
1.0,1,-47.0,0.25333333333333335
1.0,1,-47.0,0.14666666666666667
1.0,1,-47.0,0.04
1.0,1,-51.0,0.25333333333333335
1.0,1,-51.0,0.14666666666666667
1.0,1,-55.0,0.14666666666666667
1.0,1,-43.0,0.12
1.0,1,-51.0,0.25333333333333335
1.0,1,-43.0,0.14666666666666667
1.0,1,-51.0,0.2
1.0,1,-47.0,0.2
1.0,1,-47.0,0.28
1.0,1,-59.0,0.09333333333333334
1.0,1,-55.0,0.36
1.0,1,-59.0,0.14666666666666667
1.0,1,-47.0,0.09333333333333334
1.0,1,-47.0,0.28
1.0,1,-47.0,0.12
1.0,1,-55.0,0.25333333333333335
1.0,1,-47.0,0.12
1.0,1,-43.0,0.2
1.0,1,-55.0,0.2
1.0,1,-55.0,0.30666666666666664
1.0,1,-47.0,0.41333333333333333
1.0,1,-51.0,0.12
1.0,1,-43.0,0.2
1.0,1,-43.0,0.30666666666666664
1.0,1,-51.0,0.17333333333333334
1.0,1,-39.0,0.22666666666666666
1.0,1,-39.0,0.06666666666666667
1.0,1,-55.0,0.22666666666666666
1.0,1,-43.0,0.22666666666666666
1.0,1,-55.0,0.22666666666666666
1.0,1,-51.0,0.09333333333333334
1.0,1,-51.0,0.09333333333333334
1.0,1,-43.0,0.36
1.0,1,-43.0,0.2
1.0,1,-59.0,0.3333333333333333
1.0,1,-55.0,0.36
1.0,1,-43.0,0.25333333333333335
1.0,1,-47.0,0.04
1.0,1,-43.0,0.06666666666666667
1.0,1,-55.0,0.12
1.0,1,-55.0,0.04
1.0,1,-51.0,0.06666666666666667
1.0,1,-55.0,0.09333333333333334
1.0,1,-51.0,0.06666666666666667
1.0,1,-51.0,0.28
1.0,1,-47.0,0.09333333333333334
1.0,1,-59.0,0.2
1.0,1,-51.0,0.28
1.0,1,-39.0,0.30666666666666664
1.0,1,-59.0,0.09333333333333334
1.0,1,-55.0,0.41333333333333333
1.0,1,-43.0,0.04
1.0,1,-47.0,0.28
1.0,1,-51.0,0.06666666666666667
1.0,1,-43.0,0.2
1.0,1,-51.0,0.09333333333333334
1.0,1,-43.0,0.14666666666666667
1.0,1,-51.0,0.28
1.0,1,-43.0,0.17333333333333334
1.0,1,-39.0,0.013333333333333334
1.0,1,-39.0,0.09333333333333334
1.0,1,-39.0,0.013333333333333334
1.0,1,-55.0,0.06666666666666667
1.0,1,-47.0,0.36
1.0,1,-51.0,0.22666666666666666
1.0,1,-47.0,0.04
1.0,1,-47.0,0.06666666666666667
1.0,1,-59.0,0.22666666666666666
1.0,1,-47.0,0.013333333333333334
1.0,1,-47.0,0.013333333333333334
1.0,1,-51.0,0.3333333333333333
1.0,1,-47.0,0.17333333333333334
1.0,1,-47.0,0.41333333333333333
1.0,1,-47.0,0.17333333333333334
1.0,1,-51.0,0.04
1.0,1,-55.0,0.17333333333333334
1.0,1,-59.0,0.09333333333333334
1.0,1,-59.0,0.17333333333333334
1.0,1,-51.0,0.12
1.0,1,-55.0,0.38666666666666666
1.0,1,-51.0,0.14666666666666667
1.0,1,-55.0,0.6
1.0,1,-51.0,0.09333333333333334
1.0,1,-35.0,0.013333333333333334
1.0,1,-59.0,0.06666666666666667
1.0,1,-47.0,0.04
1.0,1,-55.0,0.2
1.0,1,-47.0,0.17333333333333334
1.0,1,-47.0,0.17333333333333334
1.0,1,-55.0,0.06666666666666667
1.0,1,-55.0,0.09333333333333334
1.0,1,-51.0,0.41333333333333333
1.0,1,-51.0,0.17333333333333334
1.0,1,-47.0,0.04
1.0,1,-47.0,0.04
1.0,1,-43.0,0.30666666666666664
1.0,1,-43.0,0.013333333333333334
1.0,1,-43.0,0.22666666666666666
1.0,1,-43.0,0.013333333333333334
1.0,1,-39.0,0.06666666666666667
1.0,1,-39.0,0.04
1.0,1,-55.0,0.2
1.0,1,-51.0,0.12
1.0,1,-51.0,0.14666666666666667
1.0,1,-43.0,0.04
1.0,1,-55.0,0.04
1.0,1,-39.0,0.14666666666666667
1.0,1,-59.0,0.04
1.0,1,-59.0,0.17333333333333334
1.0,1,-51.0,0.14666666666666667
1.0,1,-51.0,0.12
1.0,1,-47.0,0.17333333333333334
1.0,1,-47.0,0.013333333333333334
1.0,1,-43.0,0.2
1.0,1,-51.0,0.30666666666666664
1.0,1,-51.0,0.14666666666666667
1.0,1,-47.0,0.14666666666666667
1.0,1,-35.0,0.013333333333333334
1.0,1,-55.0,0.14666666666666667
1.0,1,-51.0,0.38666666666666666
1.0,1,-55.0,0.44
1.0,1,-59.0,0.17333333333333334
1.0,1,-43.0,0.12
1.0,1,-39.0,0.14666666666666667
1.0,1,-43.0,0.28
1.0,1,-43.0,0.2
1.0,1,-55.0,0.49333333333333335
1.0,1,-51.0,0.12
1.0,1,-51.0,0.12
1.0,1,-55.0,0.44
1.0,1,-51.0,0.12
1.0,1,-51.0,0.013333333333333334
1.0,1,-43.0,0.06666666666666667
1.0,1,-55.0,0.17333333333333334
1.0,1,-55.0,0.09333333333333334
1.0,1,-47.0,0.25333333333333335
1.0,1,-47.0,0.04
1.0,1,-47.0,0.013333333333333334
1.0,1,-39.0,0.09333333333333334
1.0,1,-47.0,0.14666666666666667
1.0,1,-51.0,0.2
1.0,1,-51.0,0.36
1.0,1,-35.0,0.04
1.0,1,-51.0,0.12
1.0,1,-55.0,0.22666666666666666
1.0,1,-55.0,0.04
1.0,1,-47.0,0.22666666666666666
1.0,1,-51.0,0.04
1.0,1,-43.0,0.17333333333333334
1.0,1,-43.0,0.06666666666666667
1.0,1,-47.0,0.49333333333333335
1.0,1,-55.0,0.04
1.0,1,-59.0,0.14666666666666667
1.0,1,-51.0,0.28
1.0,1,-63.0,0.38666666666666666
1.0,1,-43.0,0.12
1.0,1,-47.0,0.04
1.0,1,-51.0,0.14666666666666667
1.0,1,-55.0,0.28
1.0,1,-55.0,0.06666666666666667
1.0,1,-55.0,0.09333333333333334
1.0,1,-47.0,0.013333333333333334
1.0,1,-55.0,0.2
1.0,1,-51.0,0.12
1.0,1,-47.0,0.25333333333333335
1.0,1,-51.0,0.25333333333333335
1.0,1,-55.0,0.44
1.0,1,-51.0,0.25333333333333335
1.0,1,-35.0,0.06666666666666667
1.0,1,-47.0,0.49333333333333335
1.0,1,-43.0,0.04
1.0,1,-47.0,0.09333333333333334
1.0,1,-55.0,0.14666666666666667
1.0,1,-47.0,0.04
1.0,1,-59.0,0.14666666666666667
1.0,1,-35.0,0.06666666666666667
1.0,1,-51.0,0.44
1.0,1,-51.0,0.09333333333333334
1.0,1,-55.0,0.013333333333333334
1.0,1,-51.0,0.25333333333333335
1.0,1,-43.0,0.3333333333333333
1.0,1,-43.0,0.06666666666666667
1.0,1,-59.0,0.7333333333333333
1.0,1,-55.0,0.41333333333333333
1.0,1,-43.0,0.04
1.0,1,-59.0,0.17333333333333334
1.0,1,-55.0,0.013333333333333334
1.0,1,-55.0,0.09333333333333334
1.0,1,-43.0,0.14666666666666667
1.0,1,-55.0,0.2
1.0,1,-47.0,0.06666666666666667
1.0,1,-47.0,0.30666666666666664
1.0,1,-51.0,0.22666666666666666
1.0,1,-51.0,0.22666666666666666
1.0,1,-47.0,0.3333333333333333
1.0,1,-59.0,0.12
1.0,1,-43.0,0.17333333333333334
1.0,1,-55.0,0.013333333333333334
1.0,1,-47.0,0.25333333333333335
1.0,1,-55.0,0.06666666666666667
1.0,1,-51.0,0.013333333333333334
1.0,1,-55.0,0.3333333333333333
1.0,1,-43.0,0.2
1.0,1,-59.0,0.2
1.0,1,-39.0,0.12
1.0,1,-39.0,0.06666666666666667
1.0,1,-47.0,0.04
1.0,1,-43.0,0.04
1.0,1,-47.0,0.06666666666666667
1.0,1,-55.0,0.3333333333333333
1.0,1,-39.0,0.17333333333333334
1.0,1,-55.0,0.25333333333333335
1.0,1,-47.0,0.09333333333333334
1.0,1,-63.0,0.04
1.0,1,-47.0,0.09333333333333334
1.0,1,-59.0,0.41333333333333333
1.0,1,-47.0,0.14666666666666667
1.0,1,-51.0,0.013333333333333334
1.0,1,-47.0,0.09333333333333334
1.0,1,-55.0,0.3333333333333333
1.0,1,-51.0,0.30666666666666664
1.0,1,-51.0,0.12
1.0,1,-47.0,0.013333333333333334
1.0,1,-59.0,0.09333333333333334
1.0,1,-51.0,0.12
1.0,1,-55.0,0.09333333333333334
1.0,1,-39.0,0.2
1.0,1,-43.0,0.013333333333333334
1.0,1,-47.0,0.28
1.0,1,-51.0,0.14666666666666667
1.0,1,-47.0,0.30666666666666664
1.0,1,-55.0,0.17333333333333334
1.0,1,-51.0,0.12
1.0,1,-43.0,0.17333333333333334
1.0,1,-51.0,0.06666666666666667
1.0,1,-51.0,0.14666666666666667
1.0,1,-47.0,0.3333333333333333
1.0,1,-51.0,0.17333333333333334
1.0,1,-51.0,0.06666666666666667
1.0,1,-47.0,0.49333333333333335
1.0,1,-39.0,0.2
1.0,1,-51.0,0.44
1.0,1,-55.0,0.30666666666666664
1.0,1,-51.0,0.2
1.0,1,-63.0,0.3333333333333333
1.0,1,-55.0,0.22666666666666666
1.0,1,-47.0,0.06666666666666667
1.0,1,-51.0,0.013333333333333334
1.0,1,-55.0,0.12
1.0,1,-59.0,0.09333333333333334
1.0,1,-39.0,0.09333333333333334
1.0,1,-59.0,0.2
1.0,1,-39.0,0.013333333333333334
1.0,1,-55.0,0.28
1.0,1,-51.0,0.09333333333333334
1.0,1,-51.0,0.06666666666666667
1.0,1,-51.0,0.36
1.0,1,-47.0,0.17333333333333334
1.0,1,-47.0,0.14666666666666667
1.0,1,-55.0,0.013333333333333334
1.0,1,-39.0,0.09333333333333334
1.0,1,-55.0,0.14666666666666667
1.0,1,-55.0,0.04
1.0,1,-59.0,0.36
1.0,1,-47.0,0.38666666666666666
1.0,1,-39.0,0.25333333333333335
1.0,1,-59.0,0.5466666666666666
1.0,1,-55.0,0.2
1.0,1,-51.0,0.3333333333333333
1.0,1,-47.0,0.17333333333333334
1.0,1,-51.0,0.2
1.0,1,-51.0,0.2
1.0,1,-47.0,0.22666666666666666
1.0,1,-55.0,0.3333333333333333
1.0,1,-51.0,0.013333333333333334
1.0,1,-51.0,0.5466666666666666
1.0,1,-43.0,0.2
1.0,1,-43.0,0.17333333333333334
1.0,1,-47.0,0.17333333333333334
1.0,1,-55.0,0.52
1.0,1,-55.0,0.12
1.0,1,-47.0,0.14666666666666667
1.0,1,-43.0,0.013333333333333334
1.0,1,-51.0,0.04
1.0,1,-39.0,0.12
1.0,1,-39.0,0.12
1.0,1,-43.0,0.09333333333333334
1.0,1,-51.0,0.25333333333333335
1.0,1,-47.0,0.09333333333333334
1.0,1,-43.0,0.12
1.0,1,-47.0,0.06666666666666667
1.0,1,-51.0,0.17333333333333334
1.0,1,-39.0,0.12
1.0,1,-43.0,0.12
1.0,1,-43.0,0.36
1.0,1,-55.0,0.12
1.0,1,-47.0,0.06666666666666667
1.0,1,-55.0,0.013333333333333334
1.0,1,-55.0,0.30666666666666664
1.0,1,-47.0,0.013333333333333334
1.0,1,-51.0,0.013333333333333334
1.0,1,-39.0,0.04
1.0,1,-43.0,0.14666666666666667
1.0,1,-59.0,0.38666666666666666
1.0,1,-51.0,0.09333333333333334
1.0,1,-47.0,0.04
1.0,1,-51.0,0.30666666666666664
1.0,1,-51.0,0.17333333333333334
1.0,1,-43.0,0.22666666666666666
1.0,1,-43.0,0.013333333333333334
1.0,1,-43.0,0.38666666666666666
1.0,1,-59.0,0.09333333333333334
1.0,1,-47.0,0.2
1.0,1,-51.0,0.06666666666666667
1.0,1,-55.0,0.09333333333333334
1.0,1,-47.0,0.013333333333333334
