length,init_magnet,Energy,Consensus
12002,0.0,-0.759765625,0.130859375
1,0.2,-0.8515625,0.7265625
1,0.4,-0.91015625,0.888671875
1,0.6,-0.9765625,0.9765625
1,0.8,-1.0,1.0
1,1.0,-1.0,1.0
1,0.5,-0.9375,0.935546875
1904,0.0,-0.767578125,0.2412109375
1,0.2,-0.86328125,0.8203125
1,0.4,-0.935546875,0.921875
1,0.6,-0.9921875,0.9921875
1,0.8,-1.0,1.0
1,1.0,-1.0,1.0
1,0.5,-0.966796875,0.96484375
1,0.0,-0.7734375,0.42578125
1,0.2,-0.83984375,0.76171875
1,0.4,-0.935546875,0.91796875
1,0.6,-0.9921875,0.9921875
1,0.8,-1.0,1.0
1,1.0,-1.0,1.0
1,0.5,-0.9609375,0.953125
752,0.0,-0.744140625,0.25247257313829785
1,0.2,-0.826171875,0.708984375
1,0.4,-0.93359375,0.8984375
1,0.6,-0.974609375,0.97265625
1,0.8,-0.9921875,0.9921875
1,1.0,-1.0,1.0
1,0.5,-0.955078125,0.94921875
16,0.0,-0.783203125,0.08984375
1,0.2,-0.85546875,0.775390625
1,0.4,-0.931640625,0.880859375
1,0.6,-0.984375,0.9765625
1,0.8,-1.0,1.0
1,1.0,-1.0,1.0
1,0.5,-0.96875,0.96484375
1,0.0,-0.763671875,0.447265625
1,0.2,-0.818359375,0.7421875
1,0.4,-0.92578125,0.904296875
1,0.6,-0.97265625,0.96875
1,0.8,-1.0,1.0
1,1.0,-1.0,1.0
1,0.5,-0.9609375,0.943359375
1,0.0,-0.740234375,0.119140625
1,0.2,-0.80859375,0.74609375
1,0.4,-0.890625,0.859375
1,0.6,-0.982421875,0.98046875
1,0.8,-0.990234375,0.98828125
1,1.0,-1.0,1.0
1,0.5,-0.990234375,0.98828125
12002,0.0,-0.787109375,0.0078125
1,0.2,-0.8671875,0.783203125
1,0.4,-0.919921875,0.890625
1,0.6,-0.990234375,0.98828125
1,0.8,-1.0,1.0
1,1.0,-1.0,1.0
1,0.5,-0.9453125,0.9375
1,0.0,-0.7890625,0.515625
1,0.2,-0.853515625,0.76171875
1,0.4,-0.9453125,0.935546875
1,0.6,-0.974609375,0.97265625
1,0.8,-1.0,1.0
1,1.0,-1.0,1.0
1,0.5,-0.951171875,0.94140625
1,0.0,-0.78125,0.2734375
1,0.2,-0.865234375,0.802734375
1,0.4,-0.953125,0.9453125
1,0.6,-0.978515625,0.97265625
1,0.8,-1.0,1.0
1,1.0,-1.0,1.0
1,0.5,-0.955078125,0.94921875
1,0.0,-0.771484375,0.38671875
561,0.2,-0.818359375,0.6006364193404634
1,0.4,-0.94140625,0.923828125
1,0.6,-0.9921875,0.9921875
1,0.8,-1.0,1.0
1,1.0,-1.0,1.0
1,0.5,-0.9921875,0.9921875
1,0.0,-0.783203125,0.5390625
1,0.2,-0.833984375,0.681640625
1,0.4,-0.923828125,0.91015625
1,0.6,-1.0,1.0
1,0.8,-1.0,1.0
1,1.0,-1.0,1.0
1,0.5,-0.96484375,0.9609375
1,0.0,-0.759765625,0.513671875
1,0.2,-0.83203125,0.75
1,0.4,-0.90625,0.888671875
1,0.6,-0.962890625,0.955078125
1,0.8,-1.0,1.0
1,1.0,-1.0,1.0
1,0.5,-0.95703125,0.953125
1,0.0,-0.806640625,0.416015625
1,0.2,-0.8125,0.66796875
1,0.4,-0.908203125,0.884765625
1,0.6,-0.9921875,0.9921875
1,0.8,-1.0,1.0
1,1.0,-1.0,1.0
1,0.5,-0.966796875,0.96484375
1,0.0,-0.751953125,0.37890625
1,0.2,-0.83203125,0.693359375
1,0.4,-0.927734375,0.9140625
1,0.6,-0.982421875,0.98046875
1,0.8,-1.0,1.0
1,1.0,-1.0,1.0
1,0.5,-0.951171875,0.93359375
1,0.0,-0.76953125,0.34765625
1,0.2,-0.853515625,0.708984375
1,0.4,-0.896484375,0.859375
1,0.6,-0.9765625,0.966796875
1,0.8,-1.0,1.0
1,1.0,-1.0,1.0
1,0.5,-0.974609375,0.96875
119,0.0,-0.783203125,0.34375
1,0.2,-0.77734375,0.6796875
1,0.4,-0.931640625,0.908203125
1,0.6,-1.0,1.0
1,0.8,-1.0,1.0
1,1.0,-1.0,1.0
1,0.5,-0.9765625,0.966796875
16,0.0,-0.734375,0.2626953125
1,0.2,-0.814453125,0.716796875
1,0.4,-0.931640625,0.896484375
1,0.6,-0.984375,0.984375
1,0.8,-1.0,1.0
1,1.0,-1.0,1.0
1,0.5,-0.94140625,0.916015625
12002,0.0,-0.7578125,0.033203125
1,0.2,-0.822265625,0.703125
1,0.4,-0.943359375,0.93359375
1,0.6,-0.958984375,0.95703125
1,0.8,-0.9921875,0.9921875
1,1.0,-1.0,1.0
1,0.5,-0.97265625,0.96875
12002,0.0,-0.79296875,0.255859375
1,0.2,-0.859375,0.75
1,0.4,-0.9140625,0.865234375
1,0.6,-0.96875,0.96875
1,0.8,-1.0,1.0
1,1.0,-1.0,1.0
1,0.5,-0.974609375,0.96875
1,0.0,-0.78515625,0.521484375
1,0.2,-0.841796875,0.70703125
1,0.4,-0.935546875,0.91015625
1,0.6,-0.96484375,0.955078125
1,0.8,-0.9921875,0.9921875
1,1.0,-1.0,1.0
1,0.5,-0.982421875,0.98046875
12002,0.0,-0.771484375,0.09375
1,0.2,-0.853515625,0.708984375
1,0.4,-0.939453125,0.923828125
1,0.6,-0.974609375,0.97265625
1,0.8,-1.0,1.0
1,1.0,-1.0,1.0
1,0.5,-0.970703125,0.966796875
12002,0.0,-0.765625,0.1015625
1,0.2,-0.845703125,0.73046875
1,0.4,-0.94140625,0.90234375
1,0.6,-0.9921875,0.9921875
1,0.8,-1.0,1.0
1,1.0,-1.0,1.0
1,0.5,-0.955078125,0.9453125
12002,0.0,-0.759765625,0.298828125
1,0.2,-0.853515625,0.75
1,0.4,-0.93359375,0.916015625
1,0.6,-0.984375,0.984375
1,0.8,-1.0,1.0
1,1.0,-1.0,1.0
1,0.5,-0.939453125,0.923828125
3132,0.0,-0.75390625,0.13069037855204346
1,0.2,-0.84765625,0.7421875
1,0.4,-0.896484375,0.869140625
1,0.6,-0.9765625,0.96875
1,0.8,-1.0,1.0
1,1.0,-1.0,1.0
1,0.5,-0.95703125,0.953125
1,0.0,-0.775390625,0.3984375
1,0.2,-0.830078125,0.724609375
1,0.4,-0.935546875,0.923828125
1,0.6,-0.958984375,0.94921875
1,0.8,-1.0,1.0
1,1.0,-1.0,1.0
1,0.5,-0.90625,0.884765625
1,0.0,-0.78515625,0.439453125
1,0.2,-0.822265625,0.73046875
1,0.4,-0.94140625,0.916015625
1,0.6,-0.984375,0.984375
1,0.8,-1.0,1.0
1,1.0,-1.0,1.0
1,0.5,-0.955078125,0.943359375
32,0.0,-0.77734375,0.2008056640625
1,0.2,-0.8359375,0.7421875
1,0.4,-0.9765625,0.9765625
1,0.6,-0.984375,0.984375
1,0.8,-1.0,1.0
1,1.0,-1.0,1.0
1,0.5,-0.962890625,0.95703125
12002,0.0,-0.765625,0.171875
1,0.2,-0.81640625,0.740234375
1,0.4,-0.892578125,0.849609375
1,0.6,-0.982421875,0.98046875
1,0.8,-1.0,1.0
1,1.0,-1.0,1.0
1,0.5,-0.9453125,0.935546875
16,0.0,-0.751953125,0.0029296875
1,0.2,-0.8671875,0.7890625
1,0.4,-0.923828125,0.896484375
1,0.6,-0.97265625,0.96875
1,0.8,-1.0,1.0
1,1.0,-1.0,1.0
1,0.5,-0.935546875,0.919921875
12002,0.0,-0.771484375,0.23828125
12002,0.2,-0.802734375,0.58203125
1,0.4,-0.908203125,0.8828125
1,0.6,-0.9921875,0.9921875
1,0.8,-1.0,1.0
1,1.0,-1.0,1.0
1,0.5,-0.93359375,0.916015625
1,0.0,-0.78515625,0.544921875
1,0.2,-0.841796875,0.740234375
1,0.4,-0.904296875,0.857421875
1,0.6,-0.97265625,0.96875
1,0.8,-1.0,1.0
1,1.0,-1.0,1.0
1,0.5,-0.96875,0.96875
1,0.0,-0.830078125,0.4765625
1,0.2,-0.814453125,0.703125
1,0.4,-0.94140625,0.92578125
1,0.6,-0.990234375,0.98828125
1,0.8,-1.0,1.0
1,1.0,-1.0,1.0
1,0.5,-0.9140625,0.888671875
1730,0.0,-0.767578125,0.04574715498554914
1,0.2,-0.85546875,0.77734375
1,0.4,-0.8984375,0.853515625
1,0.6,-0.990234375,0.98828125
1,0.8,-0.9921875,0.9921875
1,1.0,-1.0,1.0
1,0.5,-0.88671875,0.83984375
1,0.0,-0.76953125,0.509765625
1,0.2,-0.8359375,0.724609375
1,0.4,-0.923828125,0.9140625
1,0.6,-0.97265625,0.96875
1,0.8,-1.0,1.0
1,1.0,-1.0,1.0
1,0.5,-0.984375,0.984375
12002,0.0,-0.779296875,0.140625
1,0.2,-0.822265625,0.685546875
1,0.4,-0.9296875,0.912109375
1,0.6,-0.9921875,0.9921875
1,0.8,-1.0,1.0
1,1.0,-1.0,1.0
1,0.5,-0.94140625,0.927734375
1,0.0,-0.806640625,0.439453125
1,0.2,-0.8671875,0.759765625
1,0.4,-0.93359375,0.90625
1,0.6,-0.98828125,0.984375
1,0.8,-1.0,1.0
1,1.0,-1.0,1.0
1,0.5,-0.955078125,0.947265625
1,0.0,-0.77734375,0.40625
1,0.2,-0.837890625,0.732421875
1,0.4,-0.9453125,0.9296875
1,0.6,-0.98046875,0.9765625
1,0.8,-1.0,1.0
1,1.0,-1.0,1.0
1,0.5,-0.912109375,0.89453125
12002,0.0,-0.73828125,0.134765625
7024,0.2,-0.826171875,0.6616755943906606
1,0.4,-0.95703125,0.953125
1,0.6,-0.96484375,0.9609375
1,0.8,-1.0,1.0
1,1.0,-1.0,1.0
1,0.5,-0.966796875,0.96484375
1,0.0,-0.7890625,0.46484375
1,0.2,-0.8203125,0.7109375
1,0.4,-0.904296875,0.888671875
1,0.6,-1.0,1.0
1,0.8,-0.990234375,0.98828125
1,1.0,-1.0,1.0
1,0.5,-0.98046875,0.9765625
1,0.0,-0.75,0.435546875
1,0.2,-0.841796875,0.765625
1,0.4,-0.8984375,0.837890625
1,0.6,-0.96484375,0.95703125
1,0.8,-0.9765625,0.9765625
1,1.0,-1.0,1.0
1,0.5,-0.9609375,0.953125
12002,0.0,-0.794921875,0.326171875
1,0.2,-0.837890625,0.677734375
1,0.4,-0.962890625,0.95703125
1,0.6,-1.0,1.0
1,0.8,-1.0,1.0
1,1.0,-1.0,1.0
1,0.5,-0.97265625,0.96875
1,0.0,-0.759765625,0.34765625
1232,0.2,-0.822265625,0.599901075487013
1,0.4,-0.916015625,0.8984375
1,0.6,-0.96875,0.9609375
1,0.8,-1.0,1.0
1,1.0,-1.0,1.0
1,0.5,-0.9609375,0.953125
1,0.0,-0.8125,0.421875
1,0.2,-0.84375,0.6875
1,0.4,-0.904296875,0.876953125
1,0.6,-0.9609375,0.9609375
1,0.8,-1.0,1.0
1,1.0,-1.0,1.0
1,0.5,-0.96484375,0.9609375
1,0.0,-0.79296875,0.44921875
1,0.2,-0.833984375,0.71484375
1,0.4,-0.921875,0.873046875
1,0.6,-0.98828125,0.986328125
1,0.8,-0.9921875,0.9921875
1,1.0,-1.0,1.0
1,0.5,-0.955078125,0.94921875
1,0.0,-0.78515625,0.509765625
1,0.2,-0.798828125,0.705078125
1,0.4,-0.947265625,0.919921875
1,0.6,-0.9921875,0.9921875
1,0.8,-1.0,1.0
1,1.0,-1.0,1.0
1,0.5,-0.955078125,0.94921875
1,0.0,-0.78515625,0.408203125
1,0.2,-0.841796875,0.73046875
1,0.4,-0.92578125,0.8984375
1,0.6,-0.947265625,0.9375
1,0.8,-1.0,1.0
1,1.0,-1.0,1.0
1,0.5,-0.9609375,0.9375
1,0.0,-0.759765625,0.451171875
1,0.2,-0.869140625,0.8125
1,0.4,-0.92578125,0.921875
1,0.6,-0.974609375,0.97265625
1,0.8,-1.0,1.0
1,1.0,-1.0,1.0
1,0.5,-0.9765625,0.97265625
1,0.0,-0.765625,0.439453125
1,0.2,-0.83203125,0.728515625
1,0.4,-0.900390625,0.833984375
1,0.6,-0.9921875,0.9921875
1,0.8,-1.0,1.0
1,1.0,-1.0,1.0
1,0.5,-0.96484375,0.9609375
1,0.0,-0.759765625,0.251953125
1,0.2,-0.861328125,0.759765625
1,0.4,-0.94140625,0.9375
1,0.6,-0.9921875,0.9921875
1,0.8,-1.0,1.0
1,1.0,-1.0,1.0
1,0.5,-0.955078125,0.94921875
16,0.0,-0.744140625,0.0703125
1,0.2,-0.796875,0.61328125
1,0.4,-0.904296875,0.830078125
1,0.6,-0.984375,0.984375
1,0.8,-0.9921875,0.9921875
1,1.0,-1.0,1.0
1,0.5,-0.966796875,0.95703125
2997,0.0,-0.76953125,0.3341108035118452
1,0.2,-0.802734375,0.662109375
1,0.4,-0.923828125,0.888671875
1,0.6,-0.96875,0.96875
1,0.8,-1.0,1.0
1,1.0,-1.0,1.0
1,0.5,-0.94921875,0.9453125
12002,0.0,-0.740234375,0.1875
1,0.2,-0.83984375,0.720703125
1,0.4,-0.91796875,0.876953125
1,0.6,-0.974609375,0.97265625
1,0.8,-0.9921875,0.9921875
1,1.0,-1.0,1.0
1,0.5,-0.95703125,0.943359375
1,0.0,-0.791015625,0.501953125
1,0.2,-0.814453125,0.646484375
1,0.4,-0.93359375,0.908203125
1,0.6,-1.0,1.0
1,0.8,-1.0,1.0
1,1.0,-1.0,1.0
1,0.5,-0.97265625,0.96875
1,0.0,-0.8125,0.5625
1,0.2,-0.78515625,0.609375
1,0.4,-0.94140625,0.93359375
1,0.6,-0.96875,0.96875
1,0.8,-1.0,1.0
1,1.0,-1.0,1.0
1,0.5,-0.96484375,0.955078125
1,0.0,-0.779296875,0.501953125
1,0.2,-0.779296875,0.634765625
1,0.4,-0.927734375,0.90234375
1,0.6,-0.982421875,0.98046875
1,0.8,-0.990234375,0.98828125
1,1.0,-1.0,1.0
1,0.5,-0.96875,0.96875
1,0.0,-0.755859375,0.537109375
1,0.2,-0.83203125,0.748046875
1,0.4,-0.939453125,0.9296875
1,0.6,-0.986328125,0.984375
1,0.8,-0.9921875,0.9921875
1,1.0,-1.0,1.0
1,0.5,-0.984375,0.984375
1,0.0,-0.763671875,0.353515625
1,0.2,-0.830078125,0.734375
1,0.4,-0.904296875,0.87890625
1,0.6,-0.98046875,0.9765625
1,0.8,-0.9921875,0.9921875
1,1.0,-1.0,1.0
1,0.5,-0.912109375,0.8984375
160,0.0,-0.744140625,0.0993408203125
1,0.2,-0.873046875,0.82421875
1,0.4,-0.94140625,0.9375
1,0.6,-1.0,1.0
1,0.8,-0.9921875,0.9921875
1,1.0,-1.0,1.0
1,0.5,-0.947265625,0.9375
264,0.0,-0.763671875,0.06504498106060606
1,0.2,-0.830078125,0.7421875
1,0.4,-0.931640625,0.916015625
1,0.6,-0.98828125,0.984375
1,0.8,-0.984375,0.984375
1,1.0,-1.0,1.0
1,0.5,-0.9609375,0.9375
1,0.0,-0.81640625,0.533203125
1,0.2,-0.85546875,0.7578125
1,0.4,-0.955078125,0.94921875
1,0.6,-0.9921875,0.9921875
1,0.8,-1.0,1.0
1,1.0,-1.0,1.0
1,0.5,-0.96484375,0.955078125
12002,0.0,-0.771484375,0.30078125
1,0.2,-0.869140625,0.8125
1,0.4,-0.9453125,0.92578125
1,0.6,-0.984375,0.984375
1,0.8,-1.0,1.0
1,1.0,-1.0,1.0
1,0.5,-0.990234375,0.98828125
12002,0.0,-0.7421875,0.3125
1,0.2,-0.818359375,0.685546875
1,0.4,-0.89453125,0.87109375
1,0.6,-0.9921875,0.9921875
1,0.8,-1.0,1.0
1,1.0,-1.0,1.0
1,0.5,-0.958984375,0.95703125
1,0.0,-0.76953125,0.501953125
1,0.2,-0.830078125,0.697265625
1,0.4,-0.916015625,0.900390625
1,0.6,-0.97265625,0.96875
1,0.8,-1.0,1.0
1,1.0,-1.0,1.0
1,0.5,-0.9375,0.9296875
1702,0.0,-0.751953125,0.2716978187426557
1,0.2,-0.84765625,0.765625
1,0.4,-0.908203125,0.87890625
1,0.6,-0.958984375,0.95703125
1,0.8,-1.0,1.0
1,1.0,-1.0,1.0
1,0.5,-0.951171875,0.94140625
810,0.0,-0.755859375,0.1552734375
1,0.2,-0.8125,0.71484375
1,0.4,-0.94140625,0.916015625
1,0.6,-0.96875,0.96875
1,0.8,-1.0,1.0
1,1.0,-1.0,1.0
1,0.5,-0.982421875,0.98046875
1,0.0,-0.798828125,0.423828125
1,0.2,-0.80859375,0.732421875
1,0.4,-0.9140625,0.88671875
1,0.6,-0.990234375,0.98828125
1,0.8,-1.0,1.0
1,1.0,-1.0,1.0
1,0.5,-0.947265625,0.9375
1,0.0,-0.791015625,0.51953125
1,0.2,-0.84375,0.75390625
1,0.4,-0.931640625,0.91015625
1,0.6,-1.0,1.0
1,0.8,-1.0,1.0
1,1.0,-1.0,1.0
1,0.5,-0.958984375,0.95703125
1,0.0,-0.79296875,0.447265625
1,0.2,-0.822265625,0.734375
1,0.4,-0.91796875,0.908203125
1,0.6,-0.9765625,0.9765625
1,0.8,-0.9921875,0.9921875
1,1.0,-1.0,1.0
1,0.5,-0.947265625,0.931640625
2792,0.0,-0.78515625,0.03199991045845272
1,0.2,-0.845703125,0.740234375
1,0.4,-0.890625,0.84765625
1,0.6,-0.978515625,0.97265625
1,0.8,-0.9921875,0.9921875
1,1.0,-1.0,1.0
1,0.5,-0.978515625,0.9765625
1,0.0,-0.783203125,0.44921875
1,0.2,-0.779296875,0.65234375
1,0.4,-0.935546875,0.919921875
1,0.6,-1.0,1.0
1,0.8,-1.0,1.0
1,1.0,-1.0,1.0
1,0.5,-0.96875,0.95703125
1,0.0,-0.748046875,0.482421875
1,0.2,-0.859375,0.78515625
1,0.4,-0.95703125,0.9453125
1,0.6,-0.9921875,0.9921875
1,0.8,-1.0,1.0
1,1.0,-1.0,1.0
1,0.5,-0.955078125,0.9453125
272,0.0,-0.7578125,0.2099609375
1,0.2,-0.86328125,0.80078125
1,0.4,-0.94921875,0.93359375
1,0.6,-0.9609375,0.9609375
1,0.8,-0.9921875,0.9921875
1,1.0,-1.0,1.0
1,0.5,-0.9765625,0.9765625
1,0.0,-0.798828125,0.53515625
1,0.2,-0.826171875,0.705078125
1,0.4,-0.9453125,0.935546875
1,0.6,-0.974609375,0.97265625
1,0.8,-1.0,1.0
1,1.0,-1.0,1.0
1,0.5,-0.943359375,0.927734375
12002,0.0,-0.76953125,0.419921875
1,0.2,-0.828125,0.7421875
1,0.4,-0.94921875,0.939453125
1,0.6,-0.9765625,0.9765625
1,0.8,-1.0,1.0
1,1.0,-1.0,1.0
1,0.5,-0.955078125,0.94921875
6544,0.0,-0.75390625,0.18164301268337407
1,0.2,-0.84375,0.73046875
1,0.4,-0.94921875,0.9140625
1,0.6,-0.955078125,0.94140625
1,0.8,-1.0,1.0
1,1.0,-1.0,1.0
1,0.5,-0.958984375,0.95703125
16,0.0,-0.734375,0.078125
1,0.2,-0.818359375,0.677734375
1,0.4,-0.9140625,0.8828125
1,0.6,-0.982421875,0.98046875
1,0.8,-1.0,1.0
1,1.0,-1.0,1.0
1,0.5,-0.96484375,0.958984375
1,0.0,-0.796875,0.60546875
1,0.2,-0.828125,0.66796875
1,0.4,-0.931640625,0.912109375
1,0.6,-1.0,1.0
1,0.8,-1.0,1.0
1,1.0,-1.0,1.0
1,0.5,-0.974609375,0.97265625
1,0.0,-0.751953125,0.373046875
1,0.2,-0.828125,0.76171875
1,0.4,-0.904296875,0.876953125
1,0.6,-0.9921875,0.9921875
1,0.8,-1.0,1.0
1,1.0,-1.0,1.0
1,0.5,-0.962890625,0.955078125
1,0.0,-0.75390625,0.40625
1,0.2,-0.85546875,0.796875
1,0.4,-0.95703125,0.953125
1,0.6,-0.9921875,0.9921875
1,0.8,-1.0,1.0
1,1.0,-1.0,1.0
1,0.5,-0.9765625,0.9765625
52,0.0,-0.724609375,0.3858548677884616
1,0.2,-0.86328125,0.751953125
1,0.4,-0.873046875,0.79296875
1,0.6,-0.962890625,0.95703125
1,0.8,-1.0,1.0
1,1.0,-1.0,1.0
1,0.5,-0.953125,0.92578125
1,0.0,-0.771484375,0.466796875
1,0.2,-0.828125,0.67578125
1,0.4,-0.896484375,0.845703125
1,0.6,-0.9921875,0.9921875
1,0.8,-1.0,1.0
1,1.0,-1.0,1.0
1,0.5,-0.94921875,0.927734375
1,0.0,-0.771484375,0.37109375
1,0.2,-0.826171875,0.7265625
1,0.4,-0.921875,0.904296875
1,0.6,-0.978515625,0.9765625
1,0.8,-1.0,1.0
1,1.0,-1.0,1.0
1,0.5,-0.94140625,0.923828125
16,0.0,-0.73046875,0.25
1,0.2,-0.880859375,0.8125
1,0.4,-0.94140625,0.931640625
1,0.6,-0.96484375,0.9609375
1,0.8,-1.0,1.0
1,1.0,-1.0,1.0
1,0.5,-0.921875,0.9140625
12002,0.0,-0.8125,0.455078125
1,0.2,-0.8203125,0.69140625
1,0.4,-0.923828125,0.8984375
1,0.6,-0.958984375,0.95703125
1,0.8,-1.0,1.0
1,1.0,-1.0,1.0
1,0.5,-0.90625,0.892578125
1,0.0,-0.78515625,0.462890625
1,0.2,-0.828125,0.75
1,0.4,-0.89453125,0.841796875
1,0.6,-0.984375,0.984375
1,0.8,-1.0,1.0
1,1.0,-1.0,1.0
1,0.5,-0.919921875,0.91015625
12002,0.0,-0.767578125,0.083984375
1,0.2,-0.841796875,0.7265625
1,0.4,-0.900390625,0.84765625
1,0.6,-0.982421875,0.98046875
1,0.8,-1.0,1.0
1,1.0,-1.0,1.0
1,0.5,-0.97265625,0.96875
1,0.0,-0.796875,0.5078125
1,0.2,-0.8046875,0.6953125
1,0.4,-0.90625,0.8984375
1,0.6,-0.978515625,0.97265625
1,0.8,-0.990234375,0.98828125
1,1.0,-1.0,1.0
1,0.5,-0.947265625,0.92578125
16,0.0,-0.748046875,0.23046875
1,0.2,-0.88671875,0.84375
1,0.4,-0.955078125,0.939453125
1,0.6,-0.984375,0.984375
1,0.8,-1.0,1.0
1,1.0,-1.0,1.0
1,0.5,-0.94921875,0.931640625
1,0.0,-0.77734375,0.41015625
1,0.2,-0.83203125,0.73828125
1,0.4,-0.93359375,0.921875
1,0.6,-0.97265625,0.96875
1,0.8,-1.0,1.0
1,1.0,-1.0,1.0
1,0.5,-0.966796875,0.96484375
1,0.0,-0.796875,0.482421875
1,0.2,-0.8359375,0.693359375
1,0.4,-0.896484375,0.8671875
1,0.6,-0.9921875,0.9921875
1,0.8,-1.0,1.0
1,1.0,-1.0,1.0
1,0.5,-0.962890625,0.95703125
12002,0.0,-0.748046875,0.19921875
1,0.2,-0.87109375,0.771484375
1,0.4,-0.970703125,0.951171875
1,0.6,-0.974609375,0.97265625
1,0.8,-1.0,1.0
1,1.0,-1.0,1.0
1,0.5,-0.95703125,0.947265625
828,0.0,-0.77734375,0.06951520984299517
1,0.2,-0.8359375,0.7109375
1,0.4,-0.931640625,0.912109375
1,0.6,-0.97265625,0.96875
1,0.8,-1.0,1.0
1,1.0,-1.0,1.0
1,0.5,-0.97265625,0.96875
1,0.0,-0.732421875,0.42578125
1,0.2,-0.86328125,0.80078125
1,0.4,-0.9375,0.92578125
1,0.6,-0.9921875,0.9921875
1,0.8,-1.0,1.0
1,1.0,-1.0,1.0
1,0.5,-0.9375,0.896484375
1,0.0,-0.755859375,0.412109375
1,0.2,-0.873046875,0.79296875
1,0.4,-0.927734375,0.90234375
1,0.6,-1.0,1.0
1,0.8,-0.9921875,0.9921875
1,1.0,-1.0,1.0
1,0.5,-0.95703125,0.953125
1,0.0,-0.75390625,0.279296875
1,0.2,-0.81640625,0.58984375
1,0.4,-0.91796875,0.884765625
1,0.6,-0.943359375,0.927734375
1,0.8,-1.0,1.0
1,1.0,-1.0,1.0
1,0.5,-0.939453125,0.93359375
1,0.0,-0.767578125,0.451171875
1,0.2,-0.783203125,0.666015625
1,0.4,-0.919921875,0.884765625
1,0.6,-0.9765625,0.97265625
1,0.8,-1.0,1.0
1,1.0,-1.0,1.0
1,0.5,-0.970703125,0.96875
16,0.0,-0.775390625,0.1376953125
1,0.2,-0.8828125,0.82421875
1,0.4,-0.927734375,0.91015625
1,0.6,-0.9765625,0.9765625
1,0.8,-1.0,1.0
1,1.0,-1.0,1.0
1,0.5,-0.955078125,0.94921875
1,0.0,-0.75390625,0.40625
1,0.2,-0.859375,0.802734375
1,0.4,-0.974609375,0.97265625
1,0.6,-0.9921875,0.9921875
1,0.8,-1.0,1.0
1,1.0,-1.0,1.0
1,0.5,-0.966796875,0.96484375
12002,0.0,-0.77734375,0.140625
1,0.2,-0.853515625,0.744140625
1,0.4,-0.939453125,0.921875
1,0.6,-0.984375,0.984375
1,0.8,-1.0,1.0
1,1.0,-1.0,1.0
1,0.5,-0.9453125,0.939453125
1860,0.0,-0.755859375,0.06510941700268817
1,0.2,-0.79296875,0.65625
1,0.4,-0.92578125,0.912109375
1,0.6,-0.974609375,0.97265625
1,0.8,-1.0,1.0
1,1.0,-1.0,1.0
1,0.5,-0.947265625,0.92578125
1,0.0,-0.8046875,0.4609375
1,0.2,-0.845703125,0.732421875
1,0.4,-0.912109375,0.896484375
1,0.6,-0.97265625,0.96875
1,0.8,-1.0,1.0
1,1.0,-1.0,1.0
1,0.5,-0.939453125,0.93359375
1,0.0,-0.76953125,0.490234375
1,0.2,-0.8125,0.681640625
1,0.4,-0.9453125,0.931640625
1,0.6,-0.986328125,0.98046875
1,0.8,-1.0,1.0
1,1.0,-1.0,1.0
1,0.5,-0.970703125,0.953125
1,0.0,-0.771484375,0.53515625
1,0.2,-0.82421875,0.73828125
1,0.4,-0.927734375,0.91015625
1,0.6,-0.978515625,0.970703125
1,0.8,-1.0,1.0
1,1.0,-1.0,1.0
1,0.5,-0.9765625,0.9765625
12002,0.0,-0.798828125,0.009765625
1,0.2,-0.84765625,0.767578125
1,0.4,-0.93359375,0.916015625
1,0.6,-0.95703125,0.943359375
1,0.8,-1.0,1.0
1,1.0,-1.0,1.0
1,0.5,-0.94921875,0.9375
1,0.0,-0.7734375,0.265625
12002,0.2,-0.791015625,0.36328125
1,0.4,-0.9296875,0.90625
1,0.6,-0.9921875,0.9921875
1,0.8,-1.0,1.0
1,1.0,-1.0,1.0
1,0.5,-0.97265625,0.96875
1,0.0,-0.78515625,0.447265625
1,0.2,-0.859375,0.763671875
1,0.4,-0.923828125,0.90625
1,0.6,-0.98046875,0.9765625
1,0.8,-0.9921875,0.9921875
1,1.0,-1.0,1.0
1,0.5,-0.966796875,0.96484375
12002,0.0,-0.75390625,0.0546875
1,0.2,-0.845703125,0.732421875
1,0.4,-0.921875,0.892578125
1,0.6,-0.9765625,0.9765625
1,0.8,-1.0,1.0
1,1.0,-1.0,1.0
1,0.5,-0.939453125,0.92578125
12002,0.0,-0.744140625,0.2890625
1,0.2,-0.82421875,0.69921875
1,0.4,-0.935546875,0.904296875
1,0.6,-0.9921875,0.9921875
1,0.8,-1.0,1.0
1,1.0,-1.0,1.0
1,0.5,-0.97265625,0.96875
1,0.0,-0.759765625,0.423828125
1,0.2,-0.84765625,0.7734375
1,0.4,-0.919921875,0.888671875
1,0.6,-0.9921875,0.9921875
1,0.8,-1.0,1.0
1,1.0,-1.0,1.0
1,0.5,-0.96484375,0.9609375
1,0.0,-0.771484375,0.427734375
1,0.2,-0.814453125,0.634765625
1,0.4,-0.90234375,0.87890625
1,0.6,-1.0,1.0
1,0.8,-0.9921875,0.9921875
1,1.0,-1.0,1.0
1,0.5,-0.951171875,0.94140625
1,0.0,-0.771484375,0.44921875
1,0.2,-0.830078125,0.716796875
1,0.4,-0.935546875,0.92578125
1,0.6,-0.982421875,0.98046875
1,0.8,-1.0,1.0
1,1.0,-1.0,1.0
1,0.5,-0.955078125,0.94921875
1,0.0,-0.75,0.35546875
1,0.2,-0.818359375,0.689453125
1,0.4,-0.919921875,0.904296875
1,0.6,-0.9765625,0.974609375
1,0.8,-1.0,1.0
1,1.0,-1.0,1.0
1,0.5,-0.94921875,0.9453125
1,0.0,-0.77734375,0.529296875
1,0.2,-0.8125,0.689453125
1,0.4,-0.94140625,0.91796875
1,0.6,-0.962890625,0.95703125
1,0.8,-1.0,1.0
1,1.0,-1.0,1.0
1,0.5,-0.9765625,0.958984375
1,0.0,-0.767578125,0.09765625
1,0.2,-0.837890625,0.732421875
1,0.4,-0.900390625,0.875
1,0.6,-0.978515625,0.97265625
1,0.8,-1.0,1.0
1,1.0,-1.0,1.0
1,0.5,-0.9765625,0.966796875
12002,0.0,-0.7578125,0.08203125
1,0.2,-0.8046875,0.63671875
1,0.4,-0.970703125,0.96484375
1,0.6,-0.97265625,0.966796875
1,0.8,-1.0,1.0
1,1.0,-1.0,1.0
1,0.5,-0.958984375,0.94921875
1,0.0,-0.787109375,0.49609375
1,0.2,-0.806640625,0.662109375
1,0.4,-0.94140625,0.923828125
1,0.6,-0.9921875,0.9921875
1,0.8,-1.0,1.0
1,1.0,-1.0,1.0
1,0.5,-0.96484375,0.9609375
12002,0.0,-0.755859375,0.3671875
1,0.2,-0.888671875,0.806640625
1,0.4,-0.923828125,0.90234375
1,0.6,-0.953125,0.9375
1,0.8,-1.0,1.0
1,1.0,-1.0,1.0
1,0.5,-0.984375,0.984375
1,0.0,-0.77734375,0.443359375
1,0.2,-0.83984375,0.765625
1,0.4,-0.939453125,0.92578125
1,0.6,-0.990234375,0.98828125
1,0.8,-1.0,1.0
1,1.0,-1.0,1.0
1,0.5,-1.0,1.0
1,0.0,-0.76953125,0.49609375
1,0.2,-0.849609375,0.744140625
1,0.4,-0.947265625,0.9140625
1,0.6,-0.978515625,0.97265625
1,0.8,-1.0,1.0
1,1.0,-1.0,1.0
1,0.5,-0.95703125,0.9453125
1,0.0,-0.771484375,0.46484375
1,0.2,-0.833984375,0.73046875
1,0.4,-0.94921875,0.939453125
1,0.6,-0.970703125,0.96484375
1,0.8,-0.9921875,0.9921875
1,1.0,-1.0,1.0
1,0.5,-0.94140625,0.935546875
1,0.0,-0.8046875,0.462890625
1,0.2,-0.830078125,0.708984375
1,0.4,-0.919921875,0.90625
1,0.6,-0.984375,0.984375
1,0.8,-1.0,1.0
1,1.0,-1.0,1.0
1,0.5,-0.96875,0.96875
595,0.0,-0.748046875,0.2265625
16,0.2,-0.83203125,0.4765625
1,0.4,-0.94140625,0.9296875
1,0.6,-0.984375,0.984375
1,0.8,-1.0,1.0
1,1.0,-1.0,1.0
1,0.5,-0.955078125,0.9453125
1,0.0,-0.775390625,0.453125
1,0.2,-0.841796875,0.775390625
1,0.4,-0.9140625,0.892578125
1,0.6,-0.98046875,0.9765625
1,0.8,-0.9921875,0.9921875
1,1.0,-1.0,1.0
1,0.5,-0.94140625,0.921875
12002,0.0,-0.775390625,0.01171875
1,0.2,-0.80859375,0.697265625
1,0.4,-0.919921875,0.896484375
1,0.6,-0.9921875,0.9921875
1,0.8,-1.0,1.0
1,1.0,-1.0,1.0
1,0.5,-0.947265625,0.9296875
17,0.0,-0.775390625,0.072265625
1,0.2,-0.84375,0.77734375
1,0.4,-0.935546875,0.91015625
1,0.6,-0.9921875,0.9921875
1,0.8,-1.0,1.0
1,1.0,-1.0,1.0
1,0.5,-0.92578125,0.90625
16,0.0,-0.728515625,0.2138671875
1,0.2,-0.82421875,0.693359375
1,0.4,-0.90625,0.8828125
1,0.6,-0.97265625,0.96875
1,0.8,-1.0,1.0
1,1.0,-1.0,1.0
1,0.5,-0.9609375,0.951171875
1,0.0,-0.796875,0.48828125
1,0.2,-0.8515625,0.755859375
1,0.4,-0.9296875,0.91015625
1,0.6,-0.9765625,0.9765625
1,0.8,-1.0,1.0
1,1.0,-1.0,1.0
1,0.5,-0.95703125,0.953125
1,0.0,-0.81640625,0.484375
1,0.2,-0.869140625,0.7890625
1,0.4,-0.935546875,0.9296875
1,0.6,-0.9765625,0.9765625
1,0.8,-1.0,1.0
1,1.0,-1.0,1.0
1,0.5,-0.955078125,0.943359375
680,0.0,-0.7421875,0.1009765625
1,0.2,-0.81640625,0.66015625
1,0.4,-0.94140625,0.9375
1,0.6,-0.98046875,0.9765625
1,0.8,-0.9921875,0.9921875
1,1.0,-1.0,1.0
1,0.5,-0.970703125,0.962890625
16,0.0,-0.73828125,0.400390625
1,0.2,-0.837890625,0.80078125
1,0.4,-0.896484375,0.86328125
1,0.6,-0.986328125,0.98046875
1,0.8,-1.0,1.0
1,1.0,-1.0,1.0
1,0.5,-0.95703125,0.951171875
691,0.0,-0.751953125,0.2527078057163531
1,0.2,-0.82421875,0.72265625
1,0.4,-0.9375,0.916015625
1,0.6,-0.951171875,0.93359375
1,0.8,-1.0,1.0
1,1.0,-1.0,1.0
1,0.5,-0.951171875,0.94140625
12002,0.0,-0.7578125,0.064453125
1,0.2,-0.83984375,0.75390625
1,0.4,-0.92578125,0.912109375
1,0.6,-1.0,1.0
1,0.8,-1.0,1.0
1,1.0,-1.0,1.0
1,0.5,-0.984375,0.984375
1,0.0,-0.78515625,0.5546875
1,0.2,-0.833984375,0.724609375
1,0.4,-0.927734375,0.900390625
1,0.6,-0.970703125,0.966796875
1,0.8,-1.0,1.0
1,1.0,-1.0,1.0
1,0.5,-0.962890625,0.955078125
1,0.0,-0.802734375,0.51953125
9262,0.2,-0.845703125,0.5868489020999784
1,0.4,-0.921875,0.8984375
1,0.6,-0.984375,0.984375
1,0.8,-1.0,1.0
1,1.0,-1.0,1.0
1,0.5,-0.970703125,0.96484375
1,0.0,-0.80078125,0.416015625
1,0.2,-0.8125,0.6328125
1,0.4,-0.93359375,0.916015625
1,0.6,-0.955078125,0.94921875
1,0.8,-1.0,1.0
1,1.0,-1.0,1.0
1,0.5,-0.97265625,0.958984375
12002,0.0,-0.7421875,0.05859375
1,0.2,-0.830078125,0.693359375
1,0.4,-0.912109375,0.892578125
1,0.6,-0.9921875,0.9921875
1,0.8,-0.990234375,0.98828125
1,1.0,-1.0,1.0
1,0.5,-0.94921875,0.931640625
16,0.0,-0.78125,0.2685546875
1,0.2,-0.787109375,0.65234375
1,0.4,-0.953125,0.943359375
1,0.6,-1.0,1.0
1,0.8,-1.0,1.0
1,1.0,-1.0,1.0
1,0.5,-0.908203125,0.8828125
3567,0.0,-0.765625,0.2467853106602187
1,0.2,-0.849609375,0.736328125
1,0.4,-0.92578125,0.908203125
1,0.6,-0.970703125,0.96484375
1,0.8,-1.0,1.0
1,1.0,-1.0,1.0
1,0.5,-0.93359375,0.921875
1,0.0,-0.77734375,0.4765625
1,0.2,-0.8515625,0.744140625
1,0.4,-0.921875,0.9140625
1,0.6,-0.984375,0.984375
1,0.8,-1.0,1.0
1,1.0,-1.0,1.0
1,0.5,-0.974609375,0.97265625
12002,0.0,-0.765625,0.017578125
1,0.2,-0.82421875,0.712890625
1,0.4,-0.8984375,0.85546875
1,0.6,-0.9921875,0.9921875
1,0.8,-1.0,1.0
1,1.0,-1.0,1.0
1,0.5,-0.98046875,0.9765625
1,0.0,-0.763671875,0.400390625
1,0.2,-0.8671875,0.783203125
1,0.4,-0.984375,0.984375
1,0.6,-0.982421875,0.98046875
1,0.8,-1.0,1.0
1,1.0,-1.0,1.0
1,0.5,-0.953125,0.9375
363,0.0,-0.7265625,0.17502797865013775
1,0.2,-0.859375,0.7578125
1,0.4,-0.939453125,0.908203125
1,0.6,-0.984375,0.984375
1,0.8,-0.990234375,0.98828125
1,1.0,-1.0,1.0
1,0.5,-0.95703125,0.953125
1,0.0,-0.7734375,0.44921875
272,0.2,-0.86328125,0.7041015625
1,0.4,-0.931640625,0.92578125
1,0.6,-0.974609375,0.97265625
1,0.8,-0.9921875,0.9921875
1,1.0,-1.0,1.0
1,0.5,-0.947265625,0.935546875
1,0.0,-0.755859375,0.443359375
1,0.2,-0.837890625,0.74609375
1,0.4,-0.935546875,0.90625
1,0.6,-1.0,1.0
1,0.8,-1.0,1.0
1,1.0,-1.0,1.0
1,0.5,-0.962890625,0.94921875
1,0.0,-0.78125,0.44921875
1,0.2,-0.80859375,0.666015625
1,0.4,-0.931640625,0.9140625
1,0.6,-0.98828125,0.982421875
1,0.8,-1.0,1.0
1,1.0,-1.0,1.0
1,0.5,-0.96875,0.96875
12002,0.0,-0.75,0.310546875
1,0.2,-0.841796875,0.78125
1,0.4,-0.943359375,0.921875
1,0.6,-0.9921875,0.9921875
1,0.8,-1.0,1.0
1,1.0,-1.0,1.0
1,0.5,-0.9453125,0.927734375
12002,0.0,-0.748046875,0.076171875
1,0.2,-0.828125,0.71875
1,0.4,-0.91015625,0.876953125
1,0.6,-0.982421875,0.98046875
1,0.8,-1.0,1.0
1,1.0,-1.0,1.0
1,0.5,-0.92578125,0.904296875
16,0.0,-0.755859375,0.4091796875
1,0.2,-0.845703125,0.736328125
1,0.4,-0.9140625,0.88671875
1,0.6,-0.9921875,0.9921875
1,0.8,-1.0,1.0
1,1.0,-1.0,1.0
1,0.5,-0.935546875,0.908203125
1,0.0,-0.7421875,0.4921875
1,0.2,-0.814453125,0.68359375
1,0.4,-0.94140625,0.919921875
1,0.6,-0.9765625,0.97265625
1,0.8,-1.0,1.0
1,1.0,-1.0,1.0
1,0.5,-0.966796875,0.96484375
1,0.0,-0.8046875,0.490234375
1,0.2,-0.83984375,0.708984375
1,0.4,-0.9375,0.908203125
1,0.6,-0.9921875,0.9921875
1,0.8,-1.0,1.0
1,1.0,-1.0,1.0
1,0.5,-0.966796875,0.96484375
1,0.0,-0.76953125,0.361328125
1,0.2,-0.8359375,0.619140625
1,0.4,-0.91015625,0.875
1,0.6,-0.98046875,0.9765625
1,0.8,-0.9921875,0.9921875
1,1.0,-1.0,1.0
1,0.5,-0.9765625,0.96875
16,0.0,-0.779296875,0.109375
1,0.2,-0.8125,0.607421875
1,0.4,-0.931640625,0.912109375
1,0.6,-0.96484375,0.9609375
1,0.8,-0.9921875,0.9921875
1,1.0,-1.0,1.0
1,0.5,-0.931640625,0.916015625
1,0.0,-0.78125,0.4609375
1,0.2,-0.837890625,0.7421875
1,0.4,-0.94140625,0.92578125
1,0.6,-0.984375,0.984375
1,0.8,-0.9921875,0.9921875
1,1.0,-1.0,1.0
1,0.5,-0.9375,0.921875
1,0.0,-0.81640625,0.466796875
1,0.2,-0.85546875,0.775390625
1,0.4,-0.91015625,0.86328125
1,0.6,-1.0,1.0
1,0.8,-1.0,1.0
1,1.0,-1.0,1.0
1,0.5,-0.951171875,0.94921875
12002,0.0,-0.78515625,0.05859375
1,0.2,-0.80859375,0.70703125
1,0.4,-0.90625,0.873046875
1,0.6,-0.9765625,0.9765625
1,0.8,-1.0,1.0
1,1.0,-1.0,1.0
1,0.5,-0.9921875,0.9921875
12002,0.0,-0.744140625,0.25
1,0.2,-0.84375,0.748046875
1,0.4,-0.927734375,0.888671875
1,0.6,-0.974609375,0.97265625
1,0.8,-1.0,1.0
1,1.0,-1.0,1.0
1,0.5,-0.982421875,0.98046875
1,0.0,-0.783203125,0.419921875
1,0.2,-0.845703125,0.771484375
1,0.4,-0.904296875,0.884765625
1,0.6,-0.9921875,0.9921875
1,0.8,-1.0,1.0
1,1.0,-1.0,1.0
1,0.5,-0.951171875,0.94921875
1,0.0,-0.79296875,0.529296875
1,0.2,-0.888671875,0.822265625
1,0.4,-0.9140625,0.87109375
1,0.6,-0.984375,0.984375
1,0.8,-1.0,1.0
1,1.0,-1.0,1.0
1,0.5,-0.95703125,0.953125
1,0.0,-0.802734375,0.47265625
1,0.2,-0.84765625,0.708984375
1,0.4,-0.953125,0.953125
1,0.6,-0.984375,0.97265625
1,0.8,-0.9921875,0.9921875
1,1.0,-1.0,1.0
1,0.5,-0.953125,0.94921875
12002,0.0,-0.7421875,0.345703125
1,0.2,-0.81640625,0.6875
1,0.4,-0.931640625,0.904296875
1,0.6,-0.9921875,0.9921875
1,0.8,-1.0,1.0
1,1.0,-1.0,1.0
1,0.5,-0.951171875,0.94140625
5808,0.0,-0.748046875,0.04714402548209366
1,0.2,-0.828125,0.720703125
1,0.4,-0.94140625,0.931640625
1,0.6,-0.9921875,0.9921875
1,0.8,-1.0,1.0
1,1.0,-1.0,1.0
1,0.5,-0.93359375,0.91796875
1,0.0,-0.75390625,0.490234375
1,0.2,-0.810546875,0.701171875
1,0.4,-0.8984375,0.869140625
1,0.6,-0.984375,0.984375
1,0.8,-1.0,1.0
1,1.0,-1.0,1.0
1,0.5,-0.955078125,0.94921875
1,0.0,-0.771484375,0.4765625
1,0.2,-0.830078125,0.693359375
1,0.4,-0.919921875,0.884765625
1,0.6,-0.984375,0.98046875
1,0.8,-1.0,1.0
1,1.0,-1.0,1.0
1,0.5,-0.919921875,0.88671875
1,0.0,-0.751953125,0.552734375
1,0.2,-0.810546875,0.63671875
1,0.4,-0.94140625,0.9296875
1,0.6,-0.9921875,0.9921875
1,0.8,-1.0,1.0
1,1.0,-1.0,1.0
1,0.5,-0.9765625,0.9765625
12002,0.0,-0.74609375,0.353515625
1,0.2,-0.8828125,0.8203125
1,0.4,-0.904296875,0.880859375
1,0.6,-1.0,1.0
1,0.8,-0.9921875,0.9921875
1,1.0,-1.0,1.0
1,0.5,-0.958984375,0.95703125
1,0.0,-0.744140625,0.048828125
1,0.2,-0.859375,0.78125
1,0.4,-0.931640625,0.921875
1,0.6,-0.984375,0.984375
1,0.8,-1.0,1.0
1,1.0,-1.0,1.0
1,0.5,-0.9921875,0.9921875
7956,0.0,-0.755859375,0.2924762954059829
1,0.2,-0.830078125,0.701171875
1,0.4,-0.9140625,0.875
1,0.6,-0.9921875,0.9921875
1,0.8,-1.0,1.0
1,1.0,-1.0,1.0
1,0.5,-0.974609375,0.96875
12002,0.0,-0.728515625,0.328125
1,0.2,-0.845703125,0.689453125
1,0.4,-0.95703125,0.953125
1,0.6,-1.0,1.0
1,0.8,-1.0,1.0
1,1.0,-1.0,1.0
1,0.5,-0.94921875,0.9375
1904,0.0,-0.77734375,0.1103515625
1,0.2,-0.810546875,0.73828125
1,0.4,-0.94921875,0.927734375
1,0.6,-0.9921875,0.9921875
1,0.8,-0.9921875,0.9921875
1,1.0,-1.0,1.0
1,0.5,-0.94921875,0.939453125
1,0.0,-0.794921875,0.439453125
1,0.2,-0.826171875,0.748046875
1,0.4,-0.927734375,0.90625
1,0.6,-0.9921875,0.9921875
1,0.8,-0.990234375,0.98828125
1,1.0,-1.0,1.0
1,0.5,-0.974609375,0.97265625
1,0.0,-0.794921875,0.52734375
1,0.2,-0.796875,0.705078125
1,0.4,-0.904296875,0.87109375
1,0.6,-0.984375,0.984375
1,0.8,-1.0,1.0
1,1.0,-1.0,1.0
1,0.5,-0.97265625,0.970703125
12002,0.0,-0.759765625,0.3046875
1,0.2,-0.84765625,0.728515625
1,0.4,-0.9375,0.9296875
1,0.6,-0.970703125,0.96484375
1,0.8,-1.0,1.0
1,1.0,-1.0,1.0
1,0.5,-0.955078125,0.94921875
3532,0.0,-0.767578125,0.4355131432262174
1,0.2,-0.83984375,0.748046875
1,0.4,-0.931640625,0.919921875
1,0.6,-0.984375,0.984375
1,0.8,-1.0,1.0
1,1.0,-1.0,1.0
1,0.5,-0.951171875,0.931640625
12002,0.0,-0.75,0.048828125
1,0.2,-0.87890625,0.80859375
1,0.4,-0.91796875,0.896484375
1,0.6,-0.982421875,0.98046875
1,0.8,-1.0,1.0
1,1.0,-1.0,1.0
1,0.5,-0.96484375,0.953125
12002,0.0,-0.748046875,0.34375
1,0.2,-0.8203125,0.75
1,0.4,-0.94921875,0.9453125
1,0.6,-0.974609375,0.97265625
1,0.8,-1.0,1.0
1,1.0,-1.0,1.0
1,0.5,-0.9765625,0.970703125
12002,0.0,-0.75,0.158203125
1,0.2,-0.83203125,0.7265625
1,0.4,-0.94921875,0.9453125
1,0.6,-0.990234375,0.98828125
1,0.8,-1.0,1.0
1,1.0,-1.0,1.0
1,0.5,-0.953125,0.953125
1,0.0,-0.765625,0.455078125
1,0.2,-0.84765625,0.78125
1,0.4,-0.90234375,0.873046875
1,0.6,-0.96875,0.96875
1,0.8,-1.0,1.0
1,1.0,-1.0,1.0
1,0.5,-0.97265625,0.96875
12002,0.0,-0.779296875,0.173828125
1,0.2,-0.849609375,0.78125
1,0.4,-0.9296875,0.900390625
1,0.6,-0.970703125,0.96484375
1,0.8,-0.9921875,0.9921875
1,1.0,-1.0,1.0
1,0.5,-0.96875,0.9609375
12002,0.0,-0.765625,0.376953125
1,0.2,-0.86328125,0.783203125
1,0.4,-0.900390625,0.873046875
1,0.6,-0.984375,0.984375
1,0.8,-1.0,1.0
1,1.0,-1.0,1.0
1,0.5,-0.939453125,0.931640625
3984,0.0,-0.74609375,0.34274206199799195
1,0.2,-0.83203125,0.744140625
1,0.4,-0.919921875,0.89453125
1,0.6,-0.94921875,0.9375
1,0.8,-0.9921875,0.9921875
1,1.0,-1.0,1.0
1,0.5,-0.9765625,0.9765625
1,0.0,-0.783203125,0.365234375
1,0.2,-0.83984375,0.71875
1,0.4,-0.9296875,0.91015625
1,0.6,-0.978515625,0.97265625
1,0.8,-0.990234375,0.98828125
1,1.0,-1.0,1.0
1,0.5,-0.958984375,0.95703125
1,0.0,-0.798828125,0.572265625
1,0.2,-0.80859375,0.63671875
1,0.4,-0.896484375,0.875
1,0.6,-1.0,1.0
1,0.8,-1.0,1.0
1,1.0,-1.0,1.0
1,0.5,-0.990234375,0.98828125
1,0.0,-0.794921875,0.423828125
1,0.2,-0.837890625,0.73046875
1,0.4,-0.9375,0.92578125
1,0.6,-0.9921875,0.9921875
1,0.8,-1.0,1.0
1,1.0,-1.0,1.0
1,0.5,-0.94140625,0.923828125
1,0.0,-0.779296875,0.4921875
1,0.2,-0.830078125,0.69140625
1,0.4,-0.904296875,0.880859375
1,0.6,-0.990234375,0.98828125
1,0.8,-0.98828125,0.982421875
1,1.0,-1.0,1.0
1,0.5,-0.970703125,0.96875
80,0.0,-0.791015625,0.1227783203125
1,0.2,-0.833984375,0.767578125
1,0.4,-0.912109375,0.87109375
1,0.6,-0.98046875,0.9765625
1,0.8,-1.0,1.0
1,1.0,-1.0,1.0
1,0.5,-0.953125,0.947265625
12002,0.0,-0.8125,0.10546875
1,0.2,-0.853515625,0.794921875
1,0.4,-0.927734375,0.91015625
1,0.6,-0.970703125,0.9609375
1,0.8,-1.0,1.0
1,1.0,-1.0,1.0
1,0.5,-0.982421875,0.98046875
12002,0.0,-0.77734375,0.296875
1,0.2,-0.86328125,0.759765625
1,0.4,-0.9375,0.931640625
1,0.6,-0.984375,0.984375
1,0.8,-1.0,1.0
1,1.0,-1.0,1.0
1,0.5,-0.97265625,0.96875
3013,0.0,-0.76171875,0.14241930799867242
1,0.2,-0.8828125,0.82421875
1,0.4,-0.91796875,0.888671875
1,0.6,-0.984375,0.984375
1,0.8,-1.0,1.0
1,1.0,-1.0,1.0
1,0.5,-0.953125,0.9375
6608,0.0,-0.767578125,0.4308532271489104
1,0.2,-0.837890625,0.767578125
1,0.4,-0.962890625,0.95703125
1,0.6,-1.0,1.0
1,0.8,-1.0,1.0
1,1.0,-1.0,1.0
1,0.5,-0.953125,0.943359375
12002,0.0,-0.765625,0.056640625
1,0.2,-0.837890625,0.755859375
1,0.4,-0.912109375,0.87890625
1,0.6,-0.970703125,0.96484375
1,0.8,-1.0,1.0
1,1.0,-1.0,1.0
1,0.5,-0.951171875,0.947265625
12002,0.0,-0.755859375,0.041015625
16,0.2,-0.818359375,0.6689453125
1,0.4,-0.921875,0.8984375
1,0.6,-0.984375,0.984375
1,0.8,-1.0,1.0
1,1.0,-1.0,1.0
1,0.5,-0.97265625,0.9609375
12002,0.0,-0.744140625,0.21875
1,0.2,-0.826171875,0.728515625
1,0.4,-0.943359375,0.92578125
1,0.6,-0.958984375,0.94921875
1,0.8,-0.9921875,0.9921875
1,1.0,-1.0,1.0
1,0.5,-0.951171875,0.939453125
1,0.0,-0.775390625,0.576171875
1,0.2,-0.833984375,0.73046875
1,0.4,-0.935546875,0.927734375
1,0.6,-0.958984375,0.94921875
1,0.8,-1.0,1.0
1,1.0,-1.0,1.0
1,0.5,-0.94921875,0.9375
730,0.0,-0.783203125,0.16892658390410958
1,0.2,-0.90234375,0.845703125
1,0.4,-0.921875,0.896484375
1,0.6,-1.0,1.0
1,0.8,-1.0,1.0
1,1.0,-1.0,1.0
1,0.5,-0.962890625,0.951171875
1,0.0,-0.830078125,0.560546875
1,0.2,-0.845703125,0.74609375
1,0.4,-0.912109375,0.890625
1,0.6,-0.990234375,0.98828125
1,0.8,-1.0,1.0
1,1.0,-1.0,1.0
1,0.5,-0.951171875,0.939453125
1,0.0,-0.7734375,0.400390625
1,0.2,-0.861328125,0.779296875
1,0.4,-0.9296875,0.91015625
1,0.6,-0.974609375,0.97265625
1,0.8,-1.0,1.0
1,1.0,-1.0,1.0
1,0.5,-0.98046875,0.974609375
1,0.0,-0.8046875,0.396484375
1,0.2,-0.826171875,0.73828125
1,0.4,-0.955078125,0.947265625
1,0.6,-0.984375,0.984375
1,0.8,-1.0,1.0
1,1.0,-1.0,1.0
1,0.5,-0.95703125,0.943359375
12002,0.0,-0.765625,0.193359375
1,0.2,-0.84765625,0.73046875
1,0.4,-0.91015625,0.880859375
1,0.6,-0.9921875,0.9921875
1,0.8,-1.0,1.0
1,1.0,-1.0,1.0
1,0.5,-0.9375,0.9296875
12002,0.0,-0.736328125,0.033203125
1,0.2,-0.82421875,0.69140625
1,0.4,-0.958984375,0.943359375
1,0.6,-0.97265625,0.96875
1,0.8,-1.0,1.0
1,1.0,-1.0,1.0
1,0.5,-0.974609375,0.97265625
1,0.0,-0.791015625,0.521484375
1,0.2,-0.818359375,0.703125
1,0.4,-0.91796875,0.896484375
1,0.6,-0.943359375,0.94140625
1,0.8,-1.0,1.0
1,1.0,-1.0,1.0
1,0.5,-0.96875,0.96875
16,0.0,-0.7578125,0.259765625
1,0.2,-0.865234375,0.81640625
1,0.4,-0.9296875,0.91796875
1,0.6,-0.984375,0.984375
1,0.8,-1.0,1.0
1,1.0,-1.0,1.0
1,0.5,-0.96484375,0.9609375
1,0.0,-0.7734375,0.5
1,0.2,-0.833984375,0.75
1,0.4,-0.87890625,0.83203125
1,0.6,-0.984375,0.984375
1,0.8,-1.0,1.0
1,1.0,-1.0,1.0
1,0.5,-0.966796875,0.955078125
1,0.0,-0.767578125,0.4921875
1,0.2,-0.8203125,0.66015625
1,0.4,-0.95703125,0.953125
1,0.6,-0.990234375,0.98828125
1,0.8,-1.0,1.0
1,1.0,-1.0,1.0
1,0.5,-0.94921875,0.939453125
12002,0.0,-0.73828125,0.216796875
1,0.2,-0.849609375,0.759765625
1,0.4,-0.951171875,0.927734375
1,0.6,-0.978515625,0.97265625
1,0.8,-0.9921875,0.9921875
1,1.0,-1.0,1.0
1,0.5,-0.96484375,0.9609375
12002,0.0,-0.775390625,0.1171875
1,0.2,-0.837890625,0.744140625
1,0.4,-0.955078125,0.947265625
1,0.6,-0.94921875,0.9375
1,0.8,-1.0,1.0
1,1.0,-1.0,1.0
1,0.5,-0.931640625,0.908203125
1,0.0,-0.765625,0.447265625
1,0.2,-0.822265625,0.646484375
1,0.4,-0.939453125,0.916015625
1,0.6,-0.9921875,0.9921875
1,0.8,-0.9921875,0.9921875
1,1.0,-1.0,1.0
1,0.5,-0.9609375,0.955078125
12002,0.0,-0.744140625,0.080078125
1,0.2,-0.826171875,0.69921875
1,0.4,-0.90234375,0.87890625
1,0.6,-0.974609375,0.97265625
1,0.8,-0.9921875,0.9921875
1,1.0,-1.0,1.0
1,0.5,-0.96875,0.9609375
6672,0.0,-0.787109375,0.04061048036570744
1,0.2,-0.818359375,0.662109375
1,0.4,-0.91015625,0.890625
1,0.6,-0.982421875,0.98046875
1,0.8,-0.9921875,0.9921875
1,1.0,-1.0,1.0
1,0.5,-0.95703125,0.94921875
1,0.0,-0.810546875,0.2578125
1,0.2,-0.859375,0.74609375
1,0.4,-0.958984375,0.94921875
1,0.6,-0.982421875,0.98046875
1,0.8,-0.9921875,0.9921875
1,1.0,-1.0,1.0
1,0.5,-0.955078125,0.94921875
1,0.0,-0.794921875,0.5625
80,0.2,-0.8046875,0.6301513671875
1,0.4,-0.96484375,0.9609375
1,0.6,-0.9765625,0.9765625
1,0.8,-1.0,1.0
1,1.0,-1.0,1.0
1,0.5,-0.962890625,0.951171875
1,0.0,-0.7265625,0.080078125
1,0.2,-0.845703125,0.71875
1,0.4,-0.939453125,0.91796875
1,0.6,-0.962890625,0.95703125
1,0.8,-1.0,1.0
1,1.0,-1.0,1.0
1,0.5,-0.92578125,0.90625
1220,0.0,-0.79296875,0.5058801869877049
1,0.2,-0.810546875,0.650390625
1,0.4,-0.9453125,0.931640625
1,0.6,-0.98046875,0.9765625
1,0.8,-1.0,1.0
1,1.0,-1.0,1.0
1,0.5,-0.9609375,0.953125
1,0.0,-0.767578125,0.41015625
1,0.2,-0.841796875,0.794921875
1,0.4,-0.947265625,0.94140625
1,0.6,-0.9921875,0.9921875
1,0.8,-1.0,1.0
1,1.0,-1.0,1.0
1,0.5,-0.95703125,0.9453125
400,0.0,-0.740234375,0.193828125
1,0.2,-0.82421875,0.673828125
1,0.4,-0.939453125,0.927734375
1,0.6,-0.9765625,0.9765625
1,0.8,-1.0,1.0
1,1.0,-1.0,1.0
1,0.5,-0.962890625,0.95703125
1,0.0,-0.80859375,0.46484375
1,0.2,-0.83203125,0.716796875
1,0.4,-0.919921875,0.890625
1,0.6,-0.978515625,0.970703125
1,0.8,-1.0,1.0
1,1.0,-1.0,1.0
1,0.5,-0.966796875,0.96484375
16,0.0,-0.76171875,0.185546875
1,0.2,-0.86328125,0.68359375
1,0.4,-0.931640625,0.900390625
1,0.6,-0.990234375,0.98828125
1,0.8,-1.0,1.0
1,1.0,-1.0,1.0
1,0.5,-0.939453125,0.927734375
12002,0.0,-0.74609375,0.189453125
1,0.2,-0.853515625,0.7578125
1,0.4,-0.9375,0.921875
1,0.6,-0.9921875,0.9921875
1,0.8,-1.0,1.0
1,1.0,-1.0,1.0
1,0.5,-0.947265625,0.943359375
1,0.0,-0.767578125,0.50390625
1,0.2,-0.83203125,0.662109375
1,0.4,-0.9140625,0.8671875
1,0.6,-0.9921875,0.9921875
1,0.8,-1.0,1.0
1,1.0,-1.0,1.0
1,0.5,-0.974609375,0.97265625
1,0.0,-0.80078125,0.5
1,0.2,-0.82421875,0.75
1,0.4,-0.904296875,0.86328125
1,0.6,-0.970703125,0.96484375
1,0.8,-0.9921875,0.9921875
1,1.0,-1.0,1.0
1,0.5,-0.962890625,0.951171875
1,0.0,-0.7421875,0.423828125
1,0.2,-0.830078125,0.662109375
1,0.4,-0.9453125,0.9375
1,0.6,-0.96875,0.9609375
1,0.8,-1.0,1.0
1,1.0,-1.0,1.0
1,0.5,-0.982421875,0.98046875
1,0.0,-0.78515625,0.451171875
1,0.2,-0.8125,0.65234375
1,0.4,-0.919921875,0.90625
1,0.6,-0.9921875,0.9921875
1,0.8,-1.0,1.0
1,1.0,-1.0,1.0
1,0.5,-0.96875,0.9609375
1596,0.0,-0.771484375,0.0200929570018797
1,0.2,-0.84375,0.744140625
1,0.4,-0.896484375,0.875
1,0.6,-0.9609375,0.9609375
1,0.8,-0.9921875,0.9921875
1,1.0,-1.0,1.0
1,0.5,-0.939453125,0.927734375
12002,0.0,-0.78125,0.212890625
1,0.2,-0.873046875,0.7890625
1,0.4,-0.880859375,0.830078125
1,0.6,-0.9921875,0.9921875
1,0.8,-1.0,1.0
1,1.0,-1.0,1.0
1,0.5,-0.95703125,0.953125
561,0.0,-0.759765625,0.2626448306595365
1,0.2,-0.873046875,0.791015625
1,0.4,-0.8984375,0.884765625
1,0.6,-0.9765625,0.9765625
1,0.8,-1.0,1.0
1,1.0,-1.0,1.0
1,0.5,-0.9375,0.919921875
5840,0.0,-0.759765625,0.21328392551369865
1,0.2,-0.873046875,0.8046875
1,0.4,-0.939453125,0.9140625
1,0.6,-0.9921875,0.9921875
1,0.8,-1.0,1.0
1,1.0,-1.0,1.0
1,0.5,-0.94921875,0.939453125
1,0.0,-0.7421875,0.40625
1,0.2,-0.845703125,0.759765625
1,0.4,-0.92578125,0.9140625
1,0.6,-1.0,1.0
1,0.8,-1.0,1.0
1,1.0,-1.0,1.0
1,0.5,-0.935546875,0.92578125
12002,0.0,-0.740234375,0.236328125
1,0.2,-0.810546875,0.6796875
1,0.4,-0.9140625,0.88671875
1,0.6,-0.982421875,0.98046875
1,0.8,-1.0,1.0
1,1.0,-1.0,1.0
1,0.5,-0.966796875,0.955078125
1,0.0,-0.78515625,0.455078125
1,0.2,-0.83984375,0.6796875
1,0.4,-0.921875,0.88671875
1,0.6,-0.966796875,0.96484375
1,0.8,-1.0,1.0
1,1.0,-1.0,1.0
1,0.5,-0.9453125,0.9375
12002,0.0,-0.779296875,0.2890625
1,0.2,-0.83984375,0.74609375
1,0.4,-0.923828125,0.91015625
1,0.6,-0.98046875,0.974609375
1,0.8,-1.0,1.0
1,1.0,-1.0,1.0
1,0.5,-0.958984375,0.955078125
71,0.0,-0.74609375,0.11894806338028167
1,0.2,-0.828125,0.7109375
1,0.4,-0.908203125,0.884765625
1,0.6,-0.982421875,0.98046875
1,0.8,-1.0,1.0
1,1.0,-1.0,1.0
1,0.5,-0.9765625,0.9765625
1,0.0,-0.775390625,0.375
1,0.2,-0.841796875,0.734375
1,0.4,-0.91015625,0.873046875
1,0.6,-0.9921875,0.9921875
1,0.8,-0.9921875,0.9921875
1,1.0,-1.0,1.0
1,0.5,-0.974609375,0.962890625
496,0.0,-0.7265625,0.28244707661290325
1,0.2,-0.8125,0.697265625
1,0.4,-0.9609375,0.953125
1,0.6,-0.984375,0.984375
1,0.8,-1.0,1.0
1,1.0,-1.0,1.0
1,0.5,-0.955078125,0.94921875
1,0.0,-0.78515625,0.384765625
1,0.2,-0.859375,0.779296875
1,0.4,-0.927734375,0.9140625
1,0.6,-0.9921875,0.9921875
1,0.8,-1.0,1.0
1,1.0,-1.0,1.0
1,0.5,-0.93359375,0.921875
12002,0.0,-0.767578125,0.197265625
1,0.2,-0.857421875,0.8203125
1,0.4,-0.90625,0.861328125
1,0.6,-0.984375,0.984375
1,0.8,-1.0,1.0
1,1.0,-1.0,1.0
1,0.5,-0.94140625,0.92578125
1,0.0,-0.783203125,0.55078125
1,0.2,-0.84375,0.7421875
1,0.4,-0.916015625,0.88671875
1,0.6,-0.9765625,0.96875
1,0.8,-1.0,1.0
1,1.0,-1.0,1.0
1,0.5,-0.939453125,0.912109375
12002,0.0,-0.7578125,0.2890625
1,0.2,-0.80859375,0.625
1,0.4,-0.939453125,0.916015625
1,0.6,-1.0,1.0
1,0.8,-1.0,1.0
1,1.0,-1.0,1.0
1,0.5,-0.95703125,0.947265625
1,0.0,-0.75390625,0.36328125
1,0.2,-0.8203125,0.71875
1,0.4,-0.92578125,0.888671875
1,0.6,-0.9765625,0.9765625
1,0.8,-1.0,1.0
1,1.0,-1.0,1.0
1,0.5,-0.9609375,0.955078125
1,0.0,-0.794921875,0.5703125
1,0.2,-0.845703125,0.748046875
1,0.4,-0.92578125,0.91796875
1,0.6,-0.990234375,0.98828125
1,0.8,-1.0,1.0
1,1.0,-1.0,1.0
1,0.5,-0.966796875,0.9609375
1,0.0,-0.791015625,0.447265625
1,0.2,-0.810546875,0.70703125
1,0.4,-0.873046875,0.822265625
1,0.6,-1.0,1.0
1,0.8,-0.990234375,0.98828125
1,1.0,-1.0,1.0
1,0.5,-0.94140625,0.927734375
1,0.0,-0.78515625,0.58984375
470,0.2,-0.8359375,0.621895777925532
1,0.4,-0.888671875,0.841796875
1,0.6,-0.9765625,0.9765625
1,0.8,-1.0,1.0
1,1.0,-1.0,1.0
1,0.5,-0.947265625,0.94140625
6480,0.0,-0.798828125,0.466796875
1,0.2,-0.84375,0.765625
1,0.4,-0.95703125,0.9375
1,0.6,-0.9765625,0.9765625
1,0.8,-1.0,1.0
1,1.0,-1.0,1.0
1,0.5,-0.96875,0.962890625
624,0.0,-0.78125,0.3424729567307692
1,0.2,-0.830078125,0.74609375
1,0.4,-0.955078125,0.94921875
1,0.6,-0.9921875,0.9921875
1,0.8,-1.0,1.0
1,1.0,-1.0,1.0
1,0.5,-0.919921875,0.87109375
12002,0.0,-0.779296875,0.27734375
1,0.2,-0.8046875,0.654296875
1,0.4,-0.908203125,0.89453125
1,0.6,-0.974609375,0.97265625
1,0.8,-1.0,1.0
1,1.0,-1.0,1.0
1,0.5,-0.98046875,0.978515625
1,0.0,-0.8046875,0.37109375
1,0.2,-0.822265625,0.650390625
1,0.4,-0.9453125,0.935546875
1,0.6,-0.9921875,0.9921875
1,0.8,-0.9921875,0.9921875
1,1.0,-1.0,1.0
1,0.5,-0.962890625,0.958984375
12002,0.0,-0.77734375,0.17578125
1,0.2,-0.8125,0.6796875
1,0.4,-0.947265625,0.93359375
1,0.6,-0.984375,0.9765625
1,0.8,-1.0,1.0
1,1.0,-1.0,1.0
1,0.5,-0.9609375,0.953125
532,0.0,-0.740234375,0.2463911242951128
1,0.2,-0.82421875,0.703125
1,0.4,-0.919921875,0.908203125
1,0.6,-0.984375,0.984375
1,0.8,-1.0,1.0
1,1.0,-1.0,1.0
1,0.5,-0.953125,0.939453125
5296,0.0,-0.7890625,0.10766675320996978
1,0.2,-0.830078125,0.625
1,0.4,-0.900390625,0.869140625
1,0.6,-0.982421875,0.98046875
1,0.8,-1.0,1.0
1,1.0,-1.0,1.0
1,0.5,-0.974609375,0.97265625
12002,0.0,-0.73046875,0.173828125
3432,0.2,-0.8046875,0.5623213049970862
1,0.4,-0.908203125,0.873046875
1,0.6,-1.0,1.0
1,0.8,-1.0,1.0
1,1.0,-1.0,1.0
1,0.5,-0.96484375,0.9609375
16,0.0,-0.78125,0.150390625
1,0.2,-0.822265625,0.693359375
1,0.4,-0.8984375,0.861328125
1,0.6,-0.982421875,0.98046875
1,0.8,-1.0,1.0
1,1.0,-1.0,1.0
1,0.5,-0.982421875,0.98046875
89,0.0,-0.76171875,0.30743065308988765
7024,0.2,-0.765625,0.5648869056093394
1,0.4,-0.89453125,0.853515625
1,0.6,-0.96875,0.958984375
1,0.8,-0.9921875,0.9921875
1,1.0,-1.0,1.0
1,0.5,-0.95703125,0.9453125
1,0.0,-0.806640625,0.58203125
1,0.2,-0.818359375,0.68359375
1,0.4,-0.9375,0.923828125
1,0.6,-0.984375,0.984375
1,0.8,-1.0,1.0
1,1.0,-1.0,1.0
1,0.5,-0.935546875,0.912109375
18,0.0,-0.783203125,0.3001302083333333
1,0.2,-0.8203125,0.72265625
1,0.4,-0.94140625,0.927734375
1,0.6,-0.9765625,0.9765625
1,0.8,-1.0,1.0
1,1.0,-1.0,1.0
1,0.5,-0.953125,0.943359375
12002,0.0,-0.7578125,0.177734375
1,0.2,-0.8359375,0.716796875
1,0.4,-0.9296875,0.90625
1,0.6,-0.9921875,0.9921875
1,0.8,-0.9921875,0.9921875
1,1.0,-1.0,1.0
1,0.5,-0.9453125,0.92578125
12002,0.0,-0.748046875,0.052734375
1,0.2,-0.82421875,0.662109375
1,0.4,-0.93359375,0.908203125
1,0.6,-0.982421875,0.98046875
1,0.8,-1.0,1.0
1,1.0,-1.0,1.0
1,0.5,-0.935546875,0.916015625
1,0.0,-0.783203125,0.4921875
1,0.2,-0.826171875,0.73828125
1,0.4,-0.90234375,0.869140625
1,0.6,-0.96875,0.9609375
1,0.8,-1.0,1.0
1,1.0,-1.0,1.0
1,0.5,-0.96875,0.9609375
1,0.0,-0.76953125,0.45703125
1,0.2,-0.841796875,0.708984375
1,0.4,-0.9296875,0.92578125
1,0.6,-0.9765625,0.9765625
1,0.8,-1.0,1.0
1,1.0,-1.0,1.0
1,0.5,-0.974609375,0.97265625
1,0.0,-0.751953125,0.46484375
1,0.2,-0.86328125,0.791015625
1,0.4,-0.935546875,0.921875
1,0.6,-0.9453125,0.935546875
1,0.8,-0.9921875,0.9921875
1,1.0,-1.0,1.0
1,0.5,-0.966796875,0.96484375
16,0.0,-0.751953125,0.26953125
1,0.2,-0.822265625,0.701171875
1,0.4,-0.92578125,0.90625
1,0.6,-1.0,1.0
1,0.8,-1.0,1.0
1,1.0,-1.0,1.0
1,0.5,-0.943359375,0.921875
1,0.0,-0.7890625,0.4609375
1,0.2,-0.830078125,0.7578125
1,0.4,-0.916015625,0.873046875
1,0.6,-0.986328125,0.98046875
1,0.8,-0.9921875,0.9921875
1,1.0,-1.0,1.0
1,0.5,-0.98046875,0.9765625
119,0.0,-0.751953125,0.1640625
1,0.2,-0.82421875,0.703125
1,0.4,-0.900390625,0.869140625
1,0.6,-0.990234375,0.98828125
1,0.8,-1.0,1.0
1,1.0,-1.0,1.0
1,0.5,-0.974609375,0.970703125
1,0.0,-0.783203125,0.53125
1,0.2,-0.802734375,0.673828125
1,0.4,-0.939453125,0.91796875
1,0.6,-0.96484375,0.9609375
1,0.8,-1.0,1.0
1,1.0,-1.0,1.0
1,0.5,-0.978515625,0.974609375
1,0.0,-0.763671875,0.435546875
1,0.2,-0.841796875,0.734375
1,0.4,-0.900390625,0.87109375
1,0.6,-0.966796875,0.95703125
1,0.8,-1.0,1.0
1,1.0,-1.0,1.0
1,0.5,-0.966796875,0.95703125
1,0.0,-0.767578125,0.140625
1,0.2,-0.822265625,0.736328125
1,0.4,-0.908203125,0.87109375
1,0.6,-0.96484375,0.958984375
1,0.8,-0.9921875,0.9921875
1,1.0,-1.0,1.0
1,0.5,-0.958984375,0.95703125
12002,0.0,-0.763671875,0.126953125
1,0.2,-0.818359375,0.72265625
1,0.4,-0.935546875,0.92578125
1,0.6,-0.962890625,0.95703125
1,0.8,-1.0,1.0
1,1.0,-1.0,1.0
1,0.5,-0.9609375,0.953125
1,0.0,-0.78515625,0.5
1,0.2,-0.845703125,0.763671875
1,0.4,-0.9140625,0.888671875
1,0.6,-0.984375,0.984375
1,0.8,-0.9921875,0.9921875
1,1.0,-1.0,1.0
1,0.5,-0.921875,0.888671875
592,0.0,-0.7734375,0.25900021114864863
1,0.2,-0.806640625,0.669921875
1,0.4,-0.9140625,0.8671875
1,0.6,-0.9921875,0.9921875
1,0.8,-1.0,1.0
1,1.0,-1.0,1.0
1,0.5,-0.97265625,0.96875
12002,0.0,-0.755859375,0.03515625
1,0.2,-0.822265625,0.69140625
1,0.4,-0.904296875,0.884765625
1,0.6,-0.978515625,0.97265625
1,0.8,-1.0,1.0
1,1.0,-1.0,1.0
1,0.5,-0.958984375,0.94921875
12002,0.0,-0.751953125,0.265625
16,0.2,-0.810546875,0.181640625
1,0.4,-0.931640625,0.90625
1,0.6,-0.9921875,0.9921875
1,0.8,-1.0,1.0
1,1.0,-1.0,1.0
1,0.5,-0.9765625,0.9765625
1838,0.0,-0.732421875,0.3262972660500544
1,0.2,-0.814453125,0.654296875
1,0.4,-0.927734375,0.90625
1,0.6,-0.9921875,0.9921875
1,0.8,-0.9921875,0.9921875
1,1.0,-1.0,1.0
1,0.5,-0.958984375,0.935546875
12002,0.0,-0.775390625,0.064453125
1,0.2,-0.8125,0.61328125
1,0.4,-0.921875,0.89453125
1,0.6,-0.9921875,0.9921875
1,0.8,-1.0,1.0
1,1.0,-1.0,1.0
1,0.5,-0.9765625,0.9765625
1,0.0,-0.767578125,0.48828125
1,0.2,-0.859375,0.765625
1,0.4,-0.896484375,0.861328125
1,0.6,-0.990234375,0.98828125
1,0.8,-1.0,1.0
1,1.0,-1.0,1.0
1,0.5,-0.9375,0.90625
1,0.0,-0.76171875,0.451171875
1,0.2,-0.82421875,0.724609375
1,0.4,-0.90234375,0.875
1,0.6,-0.9921875,0.9921875
1,0.8,-1.0,1.0
1,1.0,-1.0,1.0
1,0.5,-0.98046875,0.978515625
12002,0.0,-0.734375,0.044921875
1,0.2,-0.865234375,0.76953125
1,0.4,-0.912109375,0.875
1,0.6,-1.0,1.0
1,0.8,-1.0,1.0
1,1.0,-1.0,1.0
1,0.5,-0.958984375,0.951171875
1,0.0,-0.796875,0.494140625
1,0.2,-0.796875,0.6875
1,0.4,-0.908203125,0.884765625
1,0.6,-0.9921875,0.9921875
1,0.8,-0.990234375,0.98828125
1,1.0,-1.0,1.0
1,0.5,-0.958984375,0.953125
1,0.0,-0.787109375,0.537109375
1,0.2,-0.80859375,0.6875
1,0.4,-0.947265625,0.93359375
1,0.6,-0.97265625,0.96875
1,0.8,-1.0,1.0
1,1.0,-1.0,1.0
1,0.5,-0.953125,0.9453125
1,0.0,-0.796875,0.49609375
1,0.2,-0.83984375,0.76953125
1,0.4,-0.958984375,0.9453125
1,0.6,-0.982421875,0.98046875
1,0.8,-1.0,1.0
1,1.0,-1.0,1.0
1,0.5,-0.9765625,0.970703125
1,0.0,-0.751953125,0.236328125
1,0.2,-0.82421875,0.716796875
1,0.4,-0.966796875,0.96484375
1,0.6,-0.982421875,0.98046875
1,0.8,-1.0,1.0
1,1.0,-1.0,1.0
1,0.5,-0.953125,0.943359375
1,0.0,-0.791015625,0.5234375
12002,0.2,-0.80859375,0.544921875
1,0.4,-0.970703125,0.96484375
1,0.6,-0.990234375,0.98828125
1,0.8,-1.0,1.0
1,1.0,-1.0,1.0
1,0.5,-0.9296875,0.904296875
625,0.0,-0.734375,0.02189375
1,0.2,-0.837890625,0.736328125
1,0.4,-0.931640625,0.9140625
1,0.6,-0.958984375,0.95703125
1,0.8,-1.0,1.0
1,1.0,-1.0,1.0
1,0.5,-0.98046875,0.9765625
1,0.0,-0.791015625,0.578125
1,0.2,-0.822265625,0.669921875
1,0.4,-0.953125,0.93359375
1,0.6,-0.98046875,0.9765625
1,0.8,-1.0,1.0
1,1.0,-1.0,1.0
1,0.5,-0.947265625,0.94140625
85,0.0,-0.73828125,0.23828125
1,0.2,-0.83984375,0.736328125
1,0.4,-0.927734375,0.892578125
1,0.6,-0.9921875,0.9921875
1,0.8,-1.0,1.0
1,1.0,-1.0,1.0
1,0.5,-0.96875,0.9609375
12002,0.0,-0.771484375,0.142578125
1,0.2,-0.796875,0.71484375
1,0.4,-0.9609375,0.93359375
1,0.6,-0.9921875,0.9921875
1,0.8,-1.0,1.0
1,1.0,-1.0,1.0
1,0.5,-0.96484375,0.955078125
7120,0.0,-0.75390625,0.020052723402387642
1,0.2,-0.8046875,0.71875
1,0.4,-0.982421875,0.98046875
1,0.6,-0.966796875,0.96484375
1,0.8,-1.0,1.0
1,1.0,-1.0,1.0
1,0.5,-0.955078125,0.939453125
12002,0.0,-0.7578125,0.1796875
1,0.2,-0.8828125,0.806640625
1,0.4,-0.953125,0.9296875
1,0.6,-0.982421875,0.98046875
1,0.8,-1.0,1.0
1,1.0,-1.0,1.0
1,0.5,-0.970703125,0.966796875
1,0.0,-0.765625,0.423828125
1,0.2,-0.814453125,0.744140625
1,0.4,-0.951171875,0.947265625
1,0.6,-0.9921875,0.9921875
1,0.8,-1.0,1.0
1,1.0,-1.0,1.0
1,0.5,-0.970703125,0.96484375
1,0.0,-0.7734375,0.486328125
1,0.2,-0.822265625,0.693359375
1,0.4,-0.9140625,0.8984375
1,0.6,-0.97265625,0.953125
1,0.8,-1.0,1.0
1,1.0,-1.0,1.0
1,0.5,-0.974609375,0.97265625
16,0.0,-0.76171875,0.380859375
1,0.2,-0.83984375,0.705078125
1,0.4,-0.896484375,0.87890625
1,0.6,-0.966796875,0.96484375
1,0.8,-1.0,1.0
1,1.0,-1.0,1.0
1,0.5,-0.962890625,0.95703125
1,0.0,-0.767578125,0.521484375
1,0.2,-0.85546875,0.79296875
1,0.4,-0.9140625,0.896484375
1,0.6,-0.990234375,0.98828125
1,0.8,-0.9921875,0.9921875
1,1.0,-1.0,1.0
1,0.5,-0.958984375,0.95703125
1,0.0,-0.783203125,0.427734375
1,0.2,-0.841796875,0.701171875
1,0.4,-0.939453125,0.919921875
1,0.6,-0.984375,0.984375
1,0.8,-1.0,1.0
1,1.0,-1.0,1.0
1,0.5,-0.978515625,0.9765625
1,0.0,-0.80078125,0.529296875
1,0.2,-0.791015625,0.650390625
1,0.4,-0.873046875,0.8203125
1,0.6,-0.990234375,0.98828125
1,0.8,-0.9921875,0.9921875
1,1.0,-1.0,1.0
1,0.5,-0.958984375,0.95703125
12002,0.0,-0.767578125,0.22265625
1,0.2,-0.8046875,0.7109375
1,0.4,-0.931640625,0.912109375
1,0.6,-0.984375,0.984375
1,0.8,-1.0,1.0
1,1.0,-1.0,1.0
1,0.5,-0.9609375,0.953125
1,0.0,-0.76171875,0.4765625
12002,0.2,-0.8046875,0.357421875
1,0.4,-0.912109375,0.884765625
1,0.6,-0.982421875,0.98046875
1,0.8,-1.0,1.0
1,1.0,-1.0,1.0
1,0.5,-0.955078125,0.94921875
1,0.0,-0.810546875,0.5703125
1,0.2,-0.861328125,0.78125
1,0.4,-0.916015625,0.90234375
1,0.6,-0.970703125,0.95703125
1,0.8,-1.0,1.0
1,1.0,-1.0,1.0
1,0.5,-0.96484375,0.953125
1780,0.0,-0.779296875,0.31543846558988764
1,0.2,-0.8203125,0.654296875
1,0.4,-0.94921875,0.9140625
1,0.6,-0.95703125,0.94921875
1,0.8,-1.0,1.0
1,1.0,-1.0,1.0
1,0.5,-0.947265625,0.9375
1,0.0,-0.783203125,0.541015625
1,0.2,-0.78515625,0.662109375
1,0.4,-0.900390625,0.88671875
1,0.6,-0.962890625,0.95703125
1,0.8,-1.0,1.0
1,1.0,-1.0,1.0
1,0.5,-0.9375,0.91015625
1,0.0,-0.78125,0.482421875
1,0.2,-0.84375,0.7578125
1,0.4,-0.892578125,0.861328125
1,0.6,-0.984375,0.984375
1,0.8,-1.0,1.0
1,1.0,-1.0,1.0
1,0.5,-0.939453125,0.912109375
1,0.0,-0.798828125,0.357421875
1,0.2,-0.861328125,0.734375
1,0.4,-0.927734375,0.91796875
1,0.6,-0.9921875,0.9921875
1,0.8,-1.0,1.0
1,1.0,-1.0,1.0
1,0.5,-0.962890625,0.947265625
1,0.0,-0.80078125,0.509765625
1,0.2,-0.841796875,0.751953125
1,0.4,-0.9453125,0.927734375
1,0.6,-0.97265625,0.96875
1,0.8,-1.0,1.0
1,1.0,-1.0,1.0
1,0.5,-0.9921875,0.9921875
1,0.0,-0.802734375,0.53125
1,0.2,-0.83203125,0.75
1,0.4,-0.9453125,0.93359375
1,0.6,-0.9765625,0.9765625
1,0.8,-1.0,1.0
1,1.0,-1.0,1.0
1,0.5,-0.966796875,0.96484375
1360,0.0,-0.775390625,0.0830078125
1,0.2,-0.86328125,0.78515625
1,0.4,-0.9296875,0.919921875
1,0.6,-0.974609375,0.9609375
1,0.8,-1.0,1.0
1,1.0,-1.0,1.0
1,0.5,-0.9921875,0.9921875
2127,0.0,-0.771484375,0.2540614348260461
1,0.2,-0.8359375,0.724609375
1,0.4,-0.958984375,0.94921875
1,0.6,-0.955078125,0.939453125
1,0.8,-0.9921875,0.9921875
1,1.0,-1.0,1.0
1,0.5,-0.984375,0.984375
441,0.0,-0.75390625,0.33273986678004536
1,0.2,-0.841796875,0.765625
1,0.4,-0.90625,0.873046875
1,0.6,-0.9921875,0.9921875
1,0.8,-1.0,1.0
1,1.0,-1.0,1.0
1,0.5,-0.9765625,0.966796875
12002,0.0,-0.732421875,0.001953125
1,0.2,-0.806640625,0.703125
1,0.4,-0.923828125,0.91015625
1,0.6,-0.984375,0.984375
1,0.8,-1.0,1.0
1,1.0,-1.0,1.0
1,0.5,-0.974609375,0.97265625
1,0.0,-0.787109375,0.51171875
1,0.2,-0.845703125,0.75
1,0.4,-0.9609375,0.9609375
1,0.6,-0.982421875,0.98046875
1,0.8,-1.0,1.0
1,1.0,-1.0,1.0
1,0.5,-0.947265625,0.935546875
1,0.0,-0.765625,0.5703125
1,0.2,-0.857421875,0.76953125
1,0.4,-0.908203125,0.8828125
1,0.6,-0.974609375,0.966796875
1,0.8,-1.0,1.0
1,1.0,-1.0,1.0
1,0.5,-0.962890625,0.953125
16,0.0,-0.744140625,0.212890625
1,0.2,-0.8515625,0.787109375
1,0.4,-0.92578125,0.921875
1,0.6,-1.0,1.0
1,0.8,-0.990234375,0.98828125
1,1.0,-1.0,1.0
1,0.5,-0.935546875,0.91796875
18,0.0,-0.716796875,0.04166666666666666
1,0.2,-0.8046875,0.671875
1,0.4,-0.95703125,0.953125
1,0.6,-0.951171875,0.935546875
1,0.8,-1.0,1.0
1,1.0,-1.0,1.0
1,0.5,-0.9765625,0.9765625
12002,0.0,-0.783203125,0.095703125
1,0.2,-0.83984375,0.755859375
1,0.4,-0.935546875,0.91796875
1,0.6,-0.984375,0.984375
1,0.8,-1.0,1.0
1,1.0,-1.0,1.0
1,0.5,-0.953125,0.953125
1,0.0,-0.787109375,0.48046875
1,0.2,-0.865234375,0.8203125
1,0.4,-0.92578125,0.90625
1,0.6,-0.98046875,0.9765625
1,0.8,-0.9921875,0.9921875
1,1.0,-1.0,1.0
1,0.5,-0.96484375,0.958984375
1,0.0,-0.79296875,0.541015625
1,0.2,-0.80859375,0.6640625
1,0.4,-0.93359375,0.923828125
1,0.6,-0.970703125,0.96484375
1,0.8,-1.0,1.0
1,1.0,-1.0,1.0
1,0.5,-0.939453125,0.93359375
1,0.0,-0.76171875,0.431640625
1,0.2,-0.830078125,0.6796875
1,0.4,-0.943359375,0.935546875
1,0.6,-0.982421875,0.98046875
1,0.8,-1.0,1.0
1,1.0,-1.0,1.0
1,0.5,-0.951171875,0.94921875
336,0.0,-0.7890625,0.3124767485119048
1,0.2,-0.80859375,0.626953125
1,0.4,-0.916015625,0.859375
1,0.6,-0.9921875,0.9921875
1,0.8,-0.9921875,0.9921875
1,1.0,-1.0,1.0
1,0.5,-0.89453125,0.875
12002,0.0,-0.771484375,0.05078125
1,0.2,-0.8828125,0.828125
1,0.4,-0.958984375,0.95703125
1,0.6,-0.9921875,0.9921875
1,0.8,-0.9921875,0.9921875
1,1.0,-1.0,1.0
1,0.5,-0.962890625,0.955078125
1401,0.0,-0.771484375,0.3794959515524625
1,0.2,-0.853515625,0.775390625
1,0.4,-0.9140625,0.841796875
1,0.6,-0.9921875,0.9921875
1,0.8,-1.0,1.0
1,1.0,-1.0,1.0
1,0.5,-0.966796875,0.962890625
1,0.0,-0.80078125,0.439453125
1,0.2,-0.83203125,0.720703125
1,0.4,-0.927734375,0.876953125
1,0.6,-0.96875,0.96875
1,0.8,-1.0,1.0
1,1.0,-1.0,1.0
1,0.5,-0.974609375,0.97265625
1,0.0,-0.7734375,0.443359375
1,0.2,-0.85546875,0.78125
1,0.4,-0.9375,0.916015625
1,0.6,-1.0,1.0
1,0.8,-1.0,1.0
1,1.0,-1.0,1.0
1,0.5,-0.978515625,0.97265625
1,0.0,-0.787109375,0.4296875
1,0.2,-0.8515625,0.748046875
1,0.4,-0.919921875,0.912109375
1,0.6,-0.984375,0.984375
1,0.8,-0.9921875,0.9921875
1,1.0,-1.0,1.0
1,0.5,-0.95703125,0.9453125
1,0.0,-0.74609375,0.078125
1,0.2,-0.865234375,0.7734375
1,0.4,-0.890625,0.875
1,0.6,-0.990234375,0.98828125
1,0.8,-1.0,1.0
1,1.0,-1.0,1.0
1,0.5,-0.978515625,0.9765625
1,0.0,-0.765625,0.40625
1,0.2,-0.861328125,0.712890625
1,0.4,-0.904296875,0.892578125
1,0.6,-0.984375,0.984375
1,0.8,-1.0,1.0
1,1.0,-1.0,1.0
1,0.5,-0.990234375,0.98828125
1,0.0,-0.810546875,0.482421875
1,0.2,-0.837890625,0.728515625
1,0.4,-0.908203125,0.875
1,0.6,-0.982421875,0.98046875
1,0.8,-1.0,1.0
1,1.0,-1.0,1.0
1,0.5,-0.9453125,0.939453125
80,0.0,-0.744140625,0.1364501953125
1,0.2,-0.833984375,0.748046875
1,0.4,-0.927734375,0.91796875
1,0.6,-0.982421875,0.98046875
1,0.8,-1.0,1.0
1,1.0,-1.0,1.0
1,0.5,-0.966796875,0.96484375
1,0.0,-0.78515625,0.44140625
1,0.2,-0.857421875,0.802734375
1,0.4,-0.94921875,0.9375
1,0.6,-0.98046875,0.978515625
1,0.8,-1.0,1.0
1,1.0,-1.0,1.0
1,0.5,-0.935546875,0.912109375
16,0.0,-0.7421875,0.01416015625
1,0.2,-0.7734375,0.59765625
1,0.4,-0.927734375,0.912109375
1,0.6,-0.986328125,0.984375
1,0.8,-1.0,1.0
1,1.0,-1.0,1.0
1,0.5,-0.951171875,0.931640625
12002,0.0,-0.775390625,0.22265625
1,0.2,-0.841796875,0.76953125
1,0.4,-0.9375,0.921875
1,0.6,-0.986328125,0.984375
1,0.8,-1.0,1.0
1,1.0,-1.0,1.0
1,0.5,-0.970703125,0.9609375
272,0.0,-0.751953125,0.3095703125
12002,0.2,-0.837890625,0.669921875
1,0.4,-0.9296875,0.919921875
1,0.6,-0.970703125,0.96875
1,0.8,-0.990234375,0.98828125
1,1.0,-1.0,1.0
1,0.5,-0.955078125,0.953125
1,0.0,-0.734375,0.46484375
1,0.2,-0.818359375,0.69921875
1,0.4,-0.904296875,0.875
1,0.6,-0.96875,0.962890625
1,0.8,-1.0,1.0
1,1.0,-1.0,1.0
1,0.5,-0.96484375,0.9609375
1,0.0,-0.791015625,0.482421875
1,0.2,-0.837890625,0.76171875
1,0.4,-0.9375,0.91796875
1,0.6,-0.9765625,0.9765625
1,0.8,-1.0,1.0
1,1.0,-1.0,1.0
1,0.5,-0.951171875,0.939453125
1,0.0,-0.779296875,0.46875
1,0.2,-0.845703125,0.736328125
1,0.4,-0.93359375,0.919921875
1,0.6,-0.98828125,0.986328125
1,0.8,-1.0,1.0
1,1.0,-1.0,1.0
1,0.5,-0.953125,0.921875
1,0.0,-0.7734375,0.392578125
1,0.2,-0.7890625,0.6875
1,0.4,-0.935546875,0.908203125
1,0.6,-0.9921875,0.9921875
1,0.8,-0.9921875,0.9921875
1,1.0,-1.0,1.0
1,0.5,-0.97265625,0.962890625
1,0.0,-0.77734375,0.46484375
1,0.2,-0.880859375,0.833984375
1,0.4,-0.923828125,0.880859375
1,0.6,-0.9921875,0.9921875
1,0.8,-1.0,1.0
1,1.0,-1.0,1.0
1,0.5,-0.94921875,0.9296875
2128,0.0,-0.736328125,0.11591356320488723
1,0.2,-0.80078125,0.685546875
1,0.4,-0.927734375,0.908203125
1,0.6,-0.9765625,0.96875
1,0.8,-1.0,1.0
1,1.0,-1.0,1.0
1,0.5,-0.927734375,0.916015625
12002,0.0,-0.775390625,0.25390625
1,0.2,-0.81640625,0.654296875
1,0.4,-0.96484375,0.958984375
1,0.6,-0.984375,0.984375
1,0.8,-1.0,1.0
1,1.0,-1.0,1.0
1,0.5,-0.927734375,0.904296875
30,0.0,-0.76171875,0.31985677083333336
1,0.2,-0.85546875,0.7734375
1,0.4,-0.935546875,0.921875
1,0.6,-0.984375,0.984375
1,0.8,-1.0,1.0
1,1.0,-1.0,1.0
1,0.5,-0.970703125,0.96484375
12002,0.0,-0.755859375,0.080078125
1,0.2,-0.826171875,0.734375
1,0.4,-0.92578125,0.8984375
1,0.6,-0.970703125,0.966796875
1,0.8,-0.9921875,0.9921875
1,1.0,-1.0,1.0
1,0.5,-0.935546875,0.92578125
12002,0.0,-0.732421875,0.013671875
1,0.2,-0.84765625,0.7734375
1,0.4,-0.8984375,0.857421875
1,0.6,-1.0,1.0
1,0.8,-0.9921875,0.9921875
1,1.0,-1.0,1.0
1,0.5,-0.927734375,0.908203125
1,0.0,-0.798828125,0.53515625
1,0.2,-0.798828125,0.671875
1,0.4,-0.94921875,0.9375
1,0.6,-0.990234375,0.98828125
1,0.8,-1.0,1.0
1,1.0,-1.0,1.0
1,0.5,-0.95703125,0.9453125
1,0.0,-0.73828125,0.443359375
1,0.2,-0.80078125,0.607421875
1,0.4,-0.888671875,0.8515625
1,0.6,-0.98046875,0.9765625
1,0.8,-1.0,1.0
1,1.0,-1.0,1.0
1,0.5,-0.96875,0.9609375
12002,0.0,-0.736328125,0.115234375
1,0.2,-0.83984375,0.73828125
1,0.4,-0.931640625,0.880859375
1,0.6,-0.970703125,0.962890625
1,0.8,-1.0,1.0
1,1.0,-1.0,1.0
1,0.5,-0.97265625,0.96875
1,0.0,-0.7890625,0.50390625
1,0.2,-0.873046875,0.7734375
1,0.4,-0.955078125,0.9375
1,0.6,-0.984375,0.984375
1,0.8,-0.9921875,0.9921875
1,1.0,-1.0,1.0
1,0.5,-0.966796875,0.96484375
1,0.0,-0.78125,0.4375
148,0.2,-0.8203125,0.6312024915540541
1,0.4,-0.951171875,0.94140625
1,0.6,-0.982421875,0.98046875
1,0.8,-1.0,1.0
1,1.0,-1.0,1.0
1,0.5,-0.9375,0.921875
12002,0.0,-0.75,0.111328125
1,0.2,-0.83984375,0.744140625
1,0.4,-0.9296875,0.916015625
1,0.6,-0.9921875,0.9921875
1,0.8,-1.0,1.0
1,1.0,-1.0,1.0
1,0.5,-0.9453125,0.9375
16,0.0,-0.7578125,0.2255859375
1,0.2,-0.859375,0.751953125
1,0.4,-0.916015625,0.896484375
1,0.6,-0.982421875,0.98046875
1,0.8,-1.0,1.0
1,1.0,-1.0,1.0
1,0.5,-0.96875,0.962890625
1360,0.0,-0.78515625,0.3173828125
1,0.2,-0.80078125,0.693359375
1,0.4,-0.94140625,0.9140625
1,0.6,-0.986328125,0.98046875
1,0.8,-1.0,1.0
1,1.0,-1.0,1.0
1,0.5,-0.955078125,0.94921875
1,0.0,-0.78125,0.3828125
1,0.2,-0.814453125,0.673828125
1,0.4,-0.873046875,0.828125
1,0.6,-0.96875,0.96875
1,0.8,-1.0,1.0
1,1.0,-1.0,1.0
1,0.5,-0.939453125,0.921875
16,0.0,-0.7890625,0.140625
47,0.2,-0.787109375,0.5746758643617021
1,0.4,-0.951171875,0.9375
1,0.6,-0.9921875,0.9921875
1,0.8,-1.0,1.0
1,1.0,-1.0,1.0
1,0.5,-0.919921875,0.884765625
12002,0.0,-0.73046875,0.22265625
1,0.2,-0.8515625,0.7578125
1,0.4,-0.923828125,0.900390625
1,0.6,-0.962890625,0.95703125
1,0.8,-1.0,1.0
1,1.0,-1.0,1.0
1,0.5,-0.974609375,0.97265625
1,0.0,-0.78125,0.494140625
1,0.2,-0.810546875,0.64453125
1,0.4,-0.9296875,0.91015625
1,0.6,-0.9921875,0.9921875
1,0.8,-1.0,1.0
1,1.0,-1.0,1.0
1,0.5,-0.96875,0.958984375
1,0.0,-0.802734375,0.490234375
1,0.2,-0.833984375,0.6875
1,0.4,-0.951171875,0.94140625
1,0.6,-0.98046875,0.9765625
1,0.8,-1.0,1.0
1,1.0,-1.0,1.0
1,0.5,-0.94140625,0.921875
6960,0.0,-0.74609375,0.1125
1,0.2,-0.82421875,0.732421875
1,0.4,-0.9375,0.92578125
1,0.6,-0.9609375,0.953125
1,0.8,-1.0,1.0
1,1.0,-1.0,1.0
1,0.5,-0.96875,0.94921875
12002,0.0,-0.755859375,0.16796875
1,0.2,-0.841796875,0.671875
1,0.4,-0.916015625,0.892578125
1,0.6,-0.984375,0.984375
1,0.8,-1.0,1.0
1,1.0,-1.0,1.0
1,0.5,-0.935546875,0.931640625
12002,0.0,-0.74609375,0.078125
1,0.2,-0.857421875,0.798828125
1,0.4,-0.90625,0.859375
1,0.6,-0.984375,0.984375
1,0.8,-1.0,1.0
1,1.0,-1.0,1.0
1,0.5,-0.9609375,0.9453125
1,0.0,-0.763671875,0.453125
1,0.2,-0.826171875,0.705078125
1,0.4,-0.935546875,0.91015625
1,0.6,-0.96875,0.96875
1,0.8,-0.9921875,0.9921875
1,1.0,-1.0,1.0
1,0.5,-0.9375,0.916015625
1,0.0,-0.771484375,0.5
1,0.2,-0.8359375,0.775390625
1,0.4,-0.939453125,0.921875
1,0.6,-0.982421875,0.98046875
1,0.8,-1.0,1.0
1,1.0,-1.0,1.0
1,0.5,-0.984375,0.984375
16,0.0,-0.740234375,0.0166015625
1,0.2,-0.833984375,0.751953125
1,0.4,-0.92578125,0.88671875
1,0.6,-0.966796875,0.9609375
1,0.8,-1.0,1.0
1,1.0,-1.0,1.0
1,0.5,-0.974609375,0.97265625
17,0.0,-0.763671875,0.087890625
1,0.2,-0.85546875,0.73828125
1,0.4,-0.921875,0.900390625
1,0.6,-0.9921875,0.9921875
1,0.8,-1.0,1.0
1,1.0,-1.0,1.0
1,0.5,-0.966796875,0.95703125
31,0.0,-0.75,0.1015625
1,0.2,-0.85546875,0.783203125
1,0.4,-0.890625,0.875
1,0.6,-0.96484375,0.9609375
1,0.8,-1.0,1.0
1,1.0,-1.0,1.0
1,0.5,-0.962890625,0.95703125
1,0.0,-0.76171875,0.54296875
1,0.2,-0.818359375,0.693359375
1,0.4,-0.919921875,0.87890625
1,0.6,-0.962890625,0.95703125
1,0.8,-1.0,1.0
1,1.0,-1.0,1.0
1,0.5,-0.9375,0.921875
1,0.0,-0.80859375,0.3984375
1,0.2,-0.857421875,0.7890625
1,0.4,-0.927734375,0.900390625
1,0.6,-0.955078125,0.94921875
1,0.8,-1.0,1.0
1,1.0,-1.0,1.0
1,0.5,-0.951171875,0.9296875
12002,0.0,-0.755859375,0.2109375
1,0.2,-0.884765625,0.828125
1,0.4,-0.890625,0.84375
1,0.6,-0.98046875,0.9765625
1,0.8,-1.0,1.0
1,1.0,-1.0,1.0
1,0.5,-0.951171875,0.94921875
12002,0.0,-0.751953125,0.01953125
1,0.2,-0.814453125,0.71875
1,0.4,-0.96875,0.9609375
1,0.6,-0.966796875,0.96484375
1,0.8,-0.9921875,0.9921875
1,1.0,-1.0,1.0
1,0.5,-0.9609375,0.9609375
1,0.0,-0.783203125,0.466796875
1,0.2,-0.875,0.8359375
1,0.4,-0.95703125,0.953125
1,0.6,-0.982421875,0.98046875
1,0.8,-1.0,1.0
1,1.0,-1.0,1.0
1,0.5,-0.958984375,0.95703125
12002,0.0,-0.76171875,0.392578125
1,0.2,-0.876953125,0.794921875
1,0.4,-0.9296875,0.916015625
1,0.6,-0.984375,0.984375
1,0.8,-1.0,1.0
1,1.0,-1.0,1.0
1,0.5,-0.96484375,0.95703125
336,0.0,-0.765625,0.10874720982142858
12002,0.2,-0.779296875,0.470703125
1,0.4,-0.92578125,0.90625
1,0.6,-0.962890625,0.95703125
1,0.8,-1.0,1.0
1,1.0,-1.0,1.0
1,0.5,-0.958984375,0.947265625
1,0.0,-0.74609375,0.080078125
1,0.2,-0.841796875,0.755859375
1,0.4,-0.92578125,0.8984375
1,0.6,-0.984375,0.984375
1,0.8,-1.0,1.0
1,1.0,-1.0,1.0
1,0.5,-0.9609375,0.9453125
1,0.0,-0.78515625,0.439453125
1,0.2,-0.826171875,0.7265625
1,0.4,-0.916015625,0.89453125
1,0.6,-0.9921875,0.9921875
1,0.8,-1.0,1.0
1,1.0,-1.0,1.0
1,0.5,-0.982421875,0.98046875
1,0.0,-0.7890625,0.169921875
1,0.2,-0.859375,0.791015625
1,0.4,-0.9375,0.916015625
1,0.6,-1.0,1.0
1,0.8,-1.0,1.0
1,1.0,-1.0,1.0
1,0.5,-0.939453125,0.923828125
1,0.0,-0.76171875,0.5
1,0.2,-0.869140625,0.8046875
1,0.4,-0.9296875,0.921875
1,0.6,-0.970703125,0.96484375
1,0.8,-1.0,1.0
1,1.0,-1.0,1.0
1,0.5,-0.990234375,0.98828125
1,0.0,-0.73828125,0.52734375
1,0.2,-0.85546875,0.76953125
1,0.4,-0.931640625,0.896484375
1,0.6,-0.98828125,0.984375
1,0.8,-1.0,1.0
1,1.0,-1.0,1.0
1,0.5,-0.97265625,0.96875
350,0.0,-0.79296875,0.018426339285714285
257,0.2,-0.837890625,0.4864573200389105
1,0.4,-0.921875,0.90234375
1,0.6,-0.9609375,0.951171875
1,0.8,-1.0,1.0
1,1.0,-1.0,1.0
1,0.5,-0.947265625,0.93359375
12002,0.0,-0.72265625,0.064453125
12002,0.2,-0.78125,0.029296875
1,0.4,-0.939453125,0.91796875
1,0.6,-0.982421875,0.98046875
1,0.8,-1.0,1.0
1,1.0,-1.0,1.0
1,0.5,-0.93359375,0.919921875
3157,0.0,-0.76953125,0.3437116427779537
1,0.2,-0.845703125,0.771484375
1,0.4,-0.92578125,0.892578125
1,0.6,-0.97265625,0.96875
1,0.8,-1.0,1.0
1,1.0,-1.0,1.0
1,0.5,-0.95703125,0.94921875
150,0.0,-0.748046875,0.3364713541666667
1,0.2,-0.880859375,0.806640625
1,0.4,-0.908203125,0.892578125
1,0.6,-0.98046875,0.9765625
1,0.8,-1.0,1.0
1,1.0,-1.0,1.0
1,0.5,-0.9609375,0.953125
1,0.0,-0.791015625,0.53515625
1,0.2,-0.84765625,0.77734375
1,0.4,-0.9453125,0.9375
1,0.6,-0.955078125,0.94921875
1,0.8,-1.0,1.0
1,1.0,-1.0,1.0
1,0.5,-0.94921875,0.943359375
12002,0.0,-0.724609375,0.04296875
1,0.2,-0.84375,0.6953125
1,0.4,-0.939453125,0.923828125
1,0.6,-0.9765625,0.9765625
1,0.8,-1.0,1.0
1,1.0,-1.0,1.0
1,0.5,-0.98046875,0.974609375
119,0.0,-0.75390625,0.412109375
1,0.2,-0.837890625,0.740234375
1,0.4,-0.982421875,0.98046875
1,0.6,-0.9375,0.927734375
1,0.8,-1.0,1.0
1,1.0,-1.0,1.0
1,0.5,-0.966796875,0.95703125
1,0.0,-0.76953125,0.4140625
1,0.2,-0.833984375,0.73046875
1,0.4,-0.9296875,0.921875
1,0.6,-0.98046875,0.974609375
1,0.8,-1.0,1.0
1,1.0,-1.0,1.0
1,0.5,-0.93359375,0.91015625
306,0.0,-0.7734375,0.328125
1,0.2,-0.86328125,0.755859375
1,0.4,-0.953125,0.947265625
1,0.6,-0.966796875,0.96484375
1,0.8,-1.0,1.0
1,1.0,-1.0,1.0
1,0.5,-0.939453125,0.9296875
1,0.0,-0.775390625,0.40234375
1,0.2,-0.8671875,0.8125
1,0.4,-0.931640625,0.91796875
1,0.6,-0.9921875,0.9921875
1,0.8,-1.0,1.0
1,1.0,-1.0,1.0
1,0.5,-0.953125,0.939453125
12002,0.0,-0.740234375,0.12109375
1,0.2,-0.796875,0.685546875
1,0.4,-0.927734375,0.896484375
1,0.6,-0.9921875,0.9921875
1,0.8,-1.0,1.0
1,1.0,-1.0,1.0
1,0.5,-0.94140625,0.927734375
12002,0.0,-0.7578125,0.287109375
1,0.2,-0.849609375,0.77734375
1,0.4,-0.9375,0.916015625
1,0.6,-1.0,1.0
1,0.8,-1.0,1.0
1,1.0,-1.0,1.0
1,0.5,-0.953125,0.9375
1,0.0,-0.787109375,0.419921875
1,0.2,-0.818359375,0.68359375
1,0.4,-0.9140625,0.87890625
1,0.6,-1.0,1.0
1,0.8,-1.0,1.0
1,1.0,-1.0,1.0
1,0.5,-0.974609375,0.97265625
12002,0.0,-0.748046875,0.080078125
1,0.2,-0.84375,0.7265625
1,0.4,-0.9453125,0.939453125
1,0.6,-0.9765625,0.97265625
1,0.8,-1.0,1.0
1,1.0,-1.0,1.0
1,0.5,-0.9609375,0.953125
1,0.0,-0.77734375,0.521484375
1,0.2,-0.86328125,0.796875
1,0.4,-0.9609375,0.953125
1,0.6,-0.984375,0.984375
1,0.8,-1.0,1.0
1,1.0,-1.0,1.0
1,0.5,-0.962890625,0.95703125
16,0.0,-0.7265625,0.3779296875
1,0.2,-0.84375,0.767578125
1,0.4,-0.9453125,0.916015625
1,0.6,-0.984375,0.9765625
1,0.8,-1.0,1.0
1,1.0,-1.0,1.0
1,0.5,-0.958984375,0.951171875
1,0.0,-0.791015625,0.4609375
1,0.2,-0.818359375,0.671875
1,0.4,-0.908203125,0.875
1,0.6,-0.984375,0.984375
1,0.8,-1.0,1.0
1,1.0,-1.0,1.0
1,0.5,-0.97265625,0.970703125
16,0.0,-0.748046875,0.0625
55,0.2,-0.810546875,0.14989346590909092
1,0.4,-0.931640625,0.908203125
1,0.6,-0.9921875,0.9921875
1,0.8,-1.0,1.0
1,1.0,-1.0,1.0
1,0.5,-0.984375,0.984375
12002,0.0,-0.7734375,0.080078125
1,0.2,-0.845703125,0.77734375
1,0.4,-0.931640625,0.91015625
1,0.6,-0.982421875,0.98046875
1,0.8,-0.990234375,0.98828125
1,1.0,-1.0,1.0
1,0.5,-0.9921875,0.9921875
12002,0.0,-0.728515625,0.2734375
1,0.2,-0.822265625,0.69921875
1,0.4,-0.900390625,0.8515625
1,0.6,-0.9765625,0.9765625
1,0.8,-1.0,1.0
1,1.0,-1.0,1.0
1,0.5,-0.9609375,0.951171875
1,0.0,-0.775390625,0.4921875
1,0.2,-0.82421875,0.697265625
1,0.4,-0.939453125,0.921875
1,0.6,-0.982421875,0.98046875
1,0.8,-1.0,1.0
1,1.0,-1.0,1.0
1,0.5,-0.95703125,0.943359375
1936,0.0,-0.779296875,0.14768691890495864
1,0.2,-0.861328125,0.79296875
1,0.4,-0.88671875,0.853515625
1,0.6,-1.0,1.0
1,0.8,-1.0,1.0
1,1.0,-1.0,1.0
1,0.5,-0.96484375,0.9609375
1,0.0,-0.75,0.498046875
1,0.2,-0.814453125,0.634765625
1,0.4,-0.9453125,0.931640625
1,0.6,-0.984375,0.984375
1,0.8,-1.0,1.0
1,1.0,-1.0,1.0
1,0.5,-0.921875,0.900390625
1,0.0,-0.7734375,0.431640625
1,0.2,-0.810546875,0.689453125
1,0.4,-0.908203125,0.86328125
1,0.6,-0.990234375,0.98828125
1,0.8,-1.0,1.0
1,1.0,-1.0,1.0
1,0.5,-0.982421875,0.98046875
1,0.0,-0.787109375,0.466796875
1,0.2,-0.849609375,0.78515625
1,0.4,-0.943359375,0.927734375
1,0.6,-0.96484375,0.951171875
1,0.8,-1.0,1.0
1,1.0,-1.0,1.0
1,0.5,-0.966796875,0.95703125
304,0.0,-0.748046875,0.22096011513157893
1,0.2,-0.837890625,0.666015625
1,0.4,-0.923828125,0.916015625
1,0.6,-0.9765625,0.9765625
1,0.8,-1.0,1.0
1,1.0,-1.0,1.0
1,0.5,-0.974609375,0.97265625
1360,0.0,-0.763671875,0.3896484375
1,0.2,-0.822265625,0.7421875
1,0.4,-0.935546875,0.927734375
1,0.6,-0.9765625,0.9765625
1,0.8,-1.0,1.0
1,1.0,-1.0,1.0
1,0.5,-0.95703125,0.943359375
1,0.0,-0.77734375,0.44921875
1,0.2,-0.83984375,0.755859375
1,0.4,-0.9375,0.921875
1,0.6,-0.97265625,0.96875
1,0.8,-1.0,1.0
1,1.0,-1.0,1.0
1,0.5,-0.966796875,0.96484375
1,0.0,-0.763671875,0.46875
1,0.2,-0.8203125,0.728515625
1,0.4,-0.9453125,0.935546875
1,0.6,-0.9921875,0.9921875
1,0.8,-1.0,1.0
1,1.0,-1.0,1.0
1,0.5,-0.96875,0.9609375
12002,0.0,-0.748046875,0.201171875
1,0.2,-0.833984375,0.6953125
1,0.4,-0.943359375,0.935546875
1,0.6,-0.9921875,0.9921875
1,0.8,-1.0,1.0
1,1.0,-1.0,1.0
1,0.5,-0.947265625,0.94140625
1,0.0,-0.76171875,0.478515625
1,0.2,-0.8203125,0.76171875
1,0.4,-0.951171875,0.9375
1,0.6,-0.9921875,0.9921875
1,0.8,-1.0,1.0
1,1.0,-1.0,1.0
1,0.5,-0.978515625,0.966796875
