length,$p_{stable}$,Energy,Consensus
14.0,$0$,-354.0,0.180952380952381
1.0,$0$,-450.0,1.0
1.0,$0$,-450.0,1.0
14.0,$0$,-358.0,0.14285714285714285
1.0,$0$,-450.0,1.0
1.0,$0$,-450.0,1.0
1.0,$0$,-450.0,1.0
14.0,$0$,-346.0,0.24761904761904766
1.0,$0$,-450.0,1.0
1.0,$0$,-450.0,1.0
14.0,$0$,-350.0,0.30476190476190473
1.0,$0$,-450.0,1.0
1.0,$0$,-450.0,1.0
1.0,$0$,-450.0,1.0
1.0,$0$,-450.0,1.0
1.0,$0$,-450.0,1.0
1.0,$0$,-450.0,1.0
1.0,$0$,-450.0,1.0
1.0,$0$,-450.0,1.0
1.0,$0$,-450.0,1.0
1.0,$0$,-450.0,1.0
14.0,$0$,-358.0,0.038095238095238085
1.0,$0$,-450.0,1.0
1.0,$0$,-450.0,1.0
1.0,$0$,-450.0,1.0
1.0,$0$,-450.0,1.0
14.0,$0$,-354.0,0.2857142857142857
1.0,$0$,-450.0,1.0
1.0,$0$,-450.0,1.0
1.0,$0$,-450.0,1.0
14.0,$0$,-362.0,0.4666666666666667
14.0,$0$,-338.0,0.07619047619047618
1.0,$0$,-450.0,1.0
14.0,$0$,-354.0,0.21904761904761902
1.0,$0$,-450.0,1.0
1.0,$0$,-450.0,1.0
1.0,$0$,-450.0,1.0
1.0,$0$,-450.0,1.0
1.0,$0$,-450.0,1.0
1.0,$0$,-450.0,1.0
14.0,$0$,-346.0,0.2571428571428572
1.0,$0$,-450.0,1.0
1.0,$0$,-450.0,1.0
14.0,$0$,-358.0,0.057142857142857155
1.0,$0$,-450.0,1.0
1.0,$0$,-450.0,1.0
1.0,$0$,-450.0,1.0
1.0,$0$,-450.0,1.0
1.0,$0$,-450.0,1.0
14.0,$0$,-350.0,0.2666666666666667
1.0,$0$,-450.0,1.0
1.0,$0$,-450.0,1.0
14.0,$0$,-342.0,0.09523809523809525
1.0,$0$,-450.0,1.0
1.0,$0$,-450.0,1.0
14.0,$0$,-366.0,0.12380952380952381
1.0,$0$,-450.0,1.0
1.0,$0$,-450.0,1.0
14.0,$0$,-358.0,0.4952380952380953
1.0,$0$,-450.0,1.0
1.0,$0$,-450.0,1.0
14.0,$0$,-354.0,0.24761904761904763
1.0,$0$,-450.0,1.0
1.0,$0$,-450.0,1.0
14.0,$0$,-350.0,0.04761904761904762
14.0,$0$,-354.0,0.31428571428571433
1.0,$0$,-450.0,1.0
1.0,$0$,-450.0,1.0
1.0,$0$,-450.0,1.0
14.0,$0$,-358.0,0.012063492063492064
1.0,$0$,-450.0,1.0
14.0,$0$,-350.0,0.33333333333333337
1.0,$0$,-450.0,1.0
14.0,$0$,-350.0,0.21904761904761907
1.0,$0$,-450.0,1.0
1.0,$0$,-450.0,1.0
1.0,$0$,-450.0,1.0
1.0,$0$,-450.0,1.0
14.0,$0$,-354.0,0.2190476190476191
14.0,$0$,-358.0,0.3238095238095239
1.0,$0$,-450.0,1.0
14.0,$0$,-354.0,0.008888888888888889
1.0,$0$,-450.0,1.0
1.0,$0$,-450.0,1.0
14.0,$0$,-350.0,0.22857142857142862
1.0,$0$,-450.0,1.0
1.0,$0$,-450.0,1.0
1.0,$0$,-450.0,1.0
1.0,$0$,-450.0,1.0
1.0,$0$,-450.0,1.0
1.0,$0$,-450.0,1.0
1.0,$0$,-450.0,1.0
1.0,$0$,-450.0,1.0
1.0,$0$,-450.0,1.0
1.0,$0$,-450.0,1.0
1.0,$0$,-450.0,1.0
1.0,$0$,-450.0,1.0
14.0,$0$,-362.0,0.17142857142857143
14.0,$0$,-370.0,0.10476190476190476
14.0,$0$,-350.0,0.30476190476190473
1.0,$0$,-450.0,1.0
1.0,$0$,-450.0,1.0
14.0,$0$,-350.0,0.038095238095238085
1.0,$0$,-450.0,1.0
14.0,$0$,-354.0,0.09523809523809522
14.0,$0$,-362.0,0.038095238095238085
1.0,$0$,-450.0,1.0
1.0,$0$,-450.0,1.0
1.0,$0$,-450.0,1.0
1.0,$0$,-450.0,1.0
1.0,$0$,-450.0,1.0
1.0,$0$,-450.0,1.0
1.0,$0$,-450.0,1.0
1.0,$0$,-450.0,1.0
1.0,$0$,-450.0,1.0
1.0,$0$,-450.0,1.0
1.0,$0$,-450.0,1.0
14.0,$0$,-358.0,0.1142857142857143
14.0,$0$,-354.0,0.2285714285714285
1.0,$0$,-450.0,1.0
1.0,$0$,-450.0,1.0
1.0,$0$,-450.0,1.0
1.0,$0$,-450.0,1.0
1.0,$0$,-450.0,1.0
1.0,$0$,-450.0,1.0
14.0,$0$,-358.0,0.2952380952380952
1.0,$0$,-450.0,1.0
1.0,$0$,-450.0,1.0
1.0,$0$,-450.0,1.0
1.0,$0$,-450.0,1.0
1.0,$0$,-450.0,1.0
1.0,$0$,-450.0,1.0
1.0,$0$,-450.0,1.0
1.0,$0$,-450.0,1.0
1.0,$0$,-450.0,1.0
1.0,$0$,-450.0,1.0
14.0,$0$,-350.0,0.33333333333333337
1.0,$0$,-450.0,1.0
14.0,$0$,-354.0,0.457142857142857
1.0,$0$,-450.0,1.0
1.0,$0$,-450.0,1.0
1.0,$0$,-450.0,1.0
1.0,$0$,-450.0,1.0
1.0,$0$,-450.0,1.0
14.0,$0$,-350.0,0.18095238095238098
14.0,$0$,-374.0,0.1142857142857143
1.0,$0$,-450.0,1.0
1.0,$0$,-450.0,1.0
1.0,$0$,-450.0,1.0
1.0,$0$,-450.0,1.0
1.0,$0$,-450.0,1.0
1.0,$0$,-450.0,1.0
1.0,$0$,-450.0,1.0
14.0,$0$,-354.0,0.2666666666666667
1.0,$0$,-450.0,1.0
14.0,$0$,-354.0,0.2571428571428572
1.0,$0$,-450.0,1.0
1.0,$0$,-450.0,1.0
1.0,$0$,-450.0,1.0
1.0,$0$,-450.0,1.0
14.0,$0$,-366.0,0.14285714285714285
1.0,$0$,-450.0,1.0
1.0,$0$,-450.0,1.0
1.0,$0$,-450.0,1.0
1.0,$0$,-450.0,1.0
14.0,$0$,-354.0,0.19999999999999998
1.0,$0$,-450.0,1.0
1.0,$0$,-450.0,1.0
1.0,$0$,-450.0,1.0
14.0,$0$,-354.0,0.31428571428571433
1.0,$0$,-450.0,1.0
1.0,$0$,-450.0,1.0
14.0,$0$,-358.0,0.2
1.0,$0$,-450.0,1.0
1.0,$0$,-450.0,1.0
1.0,$0$,-450.0,1.0
1.0,$0$,-450.0,1.0
1.0,$0$,-450.0,1.0
14.0,$0$,-342.0,0.16190476190476186
1.0,$0$,-450.0,1.0
14.0,$0$,-330.0,0.08571428571428573
1.0,$0$,-450.0,1.0
1.0,$0$,-450.0,1.0
1.0,$0$,-450.0,1.0
1.0,$0$,-450.0,1.0
1.0,$0$,-450.0,1.0
1.0,$0$,-450.0,1.0
1.0,$0$,-450.0,1.0
1.0,$0$,-450.0,1.0
1.0,$0$,-450.0,1.0
14.0,$0$,-366.0,0.41904761904761906
14.0,$0$,-354.0,0.4952380952380953
1.0,$0$,-450.0,1.0
14.0,$0$,-366.0,0.11428571428571432
1.0,$0$,-450.0,1.0
14.0,$0$,-346.0,0.2095238095238095
1.0,$0$,-450.0,1.0
1.0,$0$,-450.0,1.0
1.0,$0$,-450.0,1.0
14.0,$0$,-358.0,0.028571428571428564
1.0,$0$,-450.0,1.0
1.0,$0$,-450.0,1.0
1.0,$0$,-450.0,1.0
14.0,$0$,-354.0,0.09523809523809525
1.0,$0$,-450.0,1.0
1.0,$0$,-450.0,1.0
1.0,$0$,-450.0,1.0
1.0,$0$,-450.0,1.0
14.0,$0$,-350.0,0.11428571428571425
14.0,$0$,-354.0,0.20952380952380958
1.0,$0$,-450.0,1.0
1.0,$0$,-450.0,1.0
1.0,$0$,-450.0,1.0
14.0,$0$,-358.0,0.23809523809523808
1.0,$0$,-450.0,1.0
1.0,$0$,-450.0,1.0
1.0,$0$,-450.0,1.0
14.0,$0$,-358.0,0.028571428571428564
1.0,$0$,-450.0,1.0
1.0,$0$,-450.0,1.0
1.0,$0$,-450.0,1.0
1.0,$0$,-450.0,1.0
1.0,$0$,-450.0,1.0
1.0,$0$,-450.0,1.0
1.0,$0$,-450.0,1.0
1.0,$0$,-450.0,1.0
1.0,$0$,-450.0,1.0
14.0,$0$,-350.0,0.17142857142857146
1.0,$0$,-450.0,1.0
1.0,$0$,-450.0,1.0
1.0,$0$,-450.0,1.0
14.0,$0$,-354.0,0.14285714285714285
14.0,$0$,-362.0,0.13333333333333336
14.0,$0$,-354.0,0.01523809523809524
14.0,$0$,-362.0,0.02857142857142856
1.0,$0$,-450.0,1.0
1.0,$0$,-450.0,1.0
1.0,$0$,-450.0,1.0
1.0,$0$,-450.0,1.0
1.0,$0$,-450.0,1.0
1.0,$0$,-450.0,1.0
1.0,$0$,-450.0,1.0
1.0,$0$,-450.0,1.0
14.0,$0$,-350.0,0.419047619047619
14.0,$0$,-346.0,0.017777777777777778
1.0,$0$,-450.0,1.0
14.0,$0$,-342.0,0.047619047619047616
14.0,$0$,-346.0,0.23809523809523808
1.0,$0$,-450.0,1.0
1.0,$0$,-450.0,1.0
1.0,$0$,-450.0,1.0
1.0,$0$,-450.0,1.0
1.0,$0$,-450.0,1.0
1.0,$0$,-450.0,1.0
1.0,$0$,-450.0,1.0
1.0,$0$,-450.0,1.0
1.0,$0$,-450.0,1.0
1.0,$0$,-450.0,1.0
14.0,$0$,-350.0,0.08571428571428573
1.0,$0$,-450.0,1.0
1.0,$0$,-450.0,1.0
1.0,$0$,-450.0,1.0
14.0,$0$,-350.0,0.2
1.0,$0$,-450.0,1.0
1.0,$0$,-450.0,1.0
1.0,$0$,-450.0,1.0
1.0,$0$,-450.0,1.0
1.0,$0$,-450.0,1.0
1.0,$0$,-450.0,1.0
1.0,$0$,-450.0,1.0
1.0,$0$,-450.0,1.0
1.0,$0$,-450.0,1.0
14.0,$0$,-350.0,0.36190476190476195
1.0,$0$,-450.0,1.0
14.0,$0$,-350.0,0.3619047619047619
1.0,$0$,-450.0,1.0
1.0,$0$,-450.0,1.0
1.0,$0$,-450.0,1.0
1.0,$0$,-450.0,1.0
1.0,$0$,-450.0,1.0
14.0,$0$,-358.0,0.3904761904761905
14.0,$0$,-366.0,0.17142857142857143
1.0,$0$,-450.0,1.0
14.0,$0$,-358.0,0.2095238095238095
1.0,$0$,-450.0,1.0
1.0,$0$,-450.0,1.0
14.0,$0$,-350.0,0.2857142857142857
14.0,$0$,-350.0,0.07619047619047618
14.0,$0$,-362.0,0.18095238095238095
1.0,$0$,-450.0,1.0
14.0,$0$,-354.0,0.23809523809523808
1.0,$0$,-450.0,1.0
1.0,$0$,-450.0,1.0
1.0,$0$,-450.0,1.0
1.0,$0$,-450.0,1.0
1.0,$0$,-450.0,1.0
1.0,$0$,-450.0,1.0
1.0,$0$,-450.0,1.0
1.0,$0$,-450.0,1.0
14.0,$0$,-350.0,0.31428571428571433
1.0,$0$,-450.0,1.0
1.0,$0$,-450.0,1.0
14.0,$0$,-350.0,0.047619047619047616
1.0,$0$,-450.0,1.0
1.0,$0$,-450.0,1.0
1.0,$0$,-450.0,1.0
1.0,$0$,-450.0,1.0
1.0,$0$,-450.0,1.0
1.0,$0$,-450.0,1.0
1.0,$0$,-450.0,1.0
1.0,$0$,-450.0,1.0
1.0,$0$,-450.0,1.0
1.0,$0$,-450.0,1.0
1.0,$0$,-450.0,1.0
1.0,$0$,-450.0,1.0
14.0,$0$,-350.0,0.10476190476190475
1.0,$0$,-450.0,1.0
1.0,$0$,-450.0,1.0
14.0,$0$,-342.0,0.37142857142857144
1.0,$0$,-450.0,1.0
14.0,$0$,-346.0,0.19047619047619047
1.0,$0$,-450.0,1.0
1.0,$0$,-450.0,1.0
14.0,$0$,-358.0,0.2952380952380952
14.0,$0$,-358.0,0.09523809523809525
1.0,$0$,-450.0,1.0
1.0,$0$,-450.0,1.0
1.0,$0$,-450.0,1.0
1.0,$0$,-450.0,1.0
1.0,$0$,-450.0,1.0
1.0,$0$,-450.0,1.0
1.0,$0$,-450.0,1.0
1.0,$0$,-450.0,1.0
1.0,$0$,-450.0,1.0
1.0,$0$,-450.0,1.0
14.0,$0$,-362.0,0.3333333333333333
1.0,$0$,-450.0,1.0
1.0,$0$,-450.0,1.0
1.0,$0$,-450.0,1.0
1.0,$0$,-450.0,1.0
1.0,$0$,-450.0,1.0
1.0,$0$,-450.0,1.0
1.0,$0$,-450.0,1.0
1.0,$0$,-450.0,1.0
1.0,$0$,-450.0,1.0
1.0,$0$,-450.0,1.0
1.0,$0$,-450.0,1.0
1.0,$0$,-450.0,1.0
1.0,$0$,-450.0,1.0
1.0,$0$,-450.0,1.0
1.0,$0$,-450.0,1.0
1.0,$0$,-450.0,1.0
14.0,$0$,-346.0,0.3904761904761905
1.0,$0$,-450.0,1.0
1.0,$0$,-450.0,1.0
1.0,$0$,-450.0,1.0
1.0,$0$,-450.0,1.0
14.0,$0$,-350.0,0.08571428571428572
1.0,$0$,-450.0,1.0
1.0,$0$,-450.0,1.0
1.0,$0$,-450.0,1.0
14.0,$0$,-366.0,0.34285714285714286
1.0,$0$,-450.0,1.0
1.0,$0$,-450.0,1.0
1.0,$0$,-450.0,1.0
1.0,$0$,-450.0,1.0
1.0,$0$,-450.0,1.0
1.0,$0$,-450.0,1.0
1.0,$0$,-450.0,1.0
1.0,$0$,-450.0,1.0
1.0,$0$,-450.0,1.0
1.0,$0$,-450.0,1.0
1.0,$0$,-450.0,1.0
1.0,$0$,-450.0,1.0
1.0,$0$,-450.0,1.0
1.0,$0$,-450.0,1.0
1.0,$0$,-450.0,1.0
1.0,$0$,-450.0,1.0
1.0,$0$,-450.0,1.0
1.0,$0$,-450.0,1.0
1.0,$0$,-450.0,1.0
14.0,$0$,-350.0,0.06666666666666668
1.0,$0$,-450.0,1.0
14.0,$0$,-370.0,0.04761904761904762
1.0,$0$,-450.0,1.0
1.0,$0$,-450.0,1.0
1.0,$0$,-450.0,1.0
1.0,$0$,-450.0,1.0
1.0,$0$,-450.0,1.0
1.0,$0$,-450.0,1.0
1.0,$0$,-450.0,1.0
14.0,$0$,-354.0,0.31428571428571433
1.0,$0$,-450.0,1.0
1.0,$0$,-450.0,1.0
1.0,$0$,-450.0,1.0
1.0,$0$,-450.0,1.0
1.0,$0$,-450.0,1.0
1.0,$0$,-450.0,1.0
14.0,$0$,-358.0,0.05714285714285714
1.0,$0$,-450.0,1.0
14.0,$1/n^2$,-354.0,0.180952380952381
1.0,$1/n^2$,-450.0,1.0
1.0,$1/n^2$,-450.0,1.0
14.0,$1/n^2$,-358.0,0.14285714285714285
1.0,$1/n^2$,-450.0,1.0
1.0,$1/n^2$,-450.0,1.0
1.0,$1/n^2$,-450.0,1.0
14.0,$1/n^2$,-346.0,0.24761904761904766
1.0,$1/n^2$,-450.0,1.0
1.0,$1/n^2$,-450.0,1.0
14.0,$1/n^2$,-350.0,0.30476190476190473
1.0,$1/n^2$,-450.0,1.0
1.0,$1/n^2$,-450.0,1.0
1.0,$1/n^2$,-450.0,1.0
1.0,$1/n^2$,-450.0,1.0
1.0,$1/n^2$,-450.0,1.0
1.0,$1/n^2$,-450.0,1.0
1.0,$1/n^2$,-450.0,1.0
1.0,$1/n^2$,-450.0,1.0
1.0,$1/n^2$,-450.0,1.0
1.0,$1/n^2$,-450.0,1.0
14.0,$1/n^2$,-358.0,0.038095238095238085
1.0,$1/n^2$,-450.0,1.0
1.0,$1/n^2$,-450.0,1.0
1.0,$1/n^2$,-450.0,1.0
1.0,$1/n^2$,-450.0,1.0
14.0,$1/n^2$,-354.0,0.2857142857142857
1.0,$1/n^2$,-450.0,1.0
1.0,$1/n^2$,-450.0,1.0
1.0,$1/n^2$,-450.0,1.0
14.0,$1/n^2$,-362.0,0.4666666666666667
14.0,$1/n^2$,-338.0,0.07619047619047618
1.0,$1/n^2$,-450.0,1.0
14.0,$1/n^2$,-354.0,0.21904761904761902
1.0,$1/n^2$,-450.0,1.0
1.0,$1/n^2$,-450.0,1.0
1.0,$1/n^2$,-450.0,1.0
1.0,$1/n^2$,-450.0,1.0
1.0,$1/n^2$,-450.0,1.0
1.0,$1/n^2$,-450.0,1.0
14.0,$1/n^2$,-346.0,0.2571428571428572
1.0,$1/n^2$,-450.0,1.0
1.0,$1/n^2$,-450.0,1.0
14.0,$1/n^2$,-358.0,0.057142857142857155
1.0,$1/n^2$,-450.0,1.0
1.0,$1/n^2$,-450.0,1.0
1.0,$1/n^2$,-450.0,1.0
1.0,$1/n^2$,-450.0,1.0
1.0,$1/n^2$,-450.0,1.0
14.0,$1/n^2$,-350.0,0.2666666666666667
1.0,$1/n^2$,-450.0,1.0
1.0,$1/n^2$,-450.0,1.0
14.0,$1/n^2$,-342.0,0.09523809523809525
1.0,$1/n^2$,-450.0,1.0
1.0,$1/n^2$,-450.0,1.0
14.0,$1/n^2$,-366.0,0.12380952380952381
1.0,$1/n^2$,-450.0,1.0
1.0,$1/n^2$,-450.0,1.0
14.0,$1/n^2$,-358.0,0.4952380952380953
1.0,$1/n^2$,-450.0,1.0
1.0,$1/n^2$,-450.0,1.0
14.0,$1/n^2$,-354.0,0.24761904761904763
1.0,$1/n^2$,-450.0,1.0
1.0,$1/n^2$,-450.0,1.0
14.0,$1/n^2$,-350.0,0.04761904761904762
14.0,$1/n^2$,-354.0,0.31428571428571433
1.0,$1/n^2$,-450.0,1.0
1.0,$1/n^2$,-450.0,1.0
1.0,$1/n^2$,-450.0,1.0
14.0,$1/n^2$,-358.0,0.012063492063492064
1.0,$1/n^2$,-450.0,1.0
14.0,$1/n^2$,-350.0,0.33333333333333337
1.0,$1/n^2$,-450.0,1.0
14.0,$1/n^2$,-350.0,0.21904761904761907
1.0,$1/n^2$,-450.0,1.0
1.0,$1/n^2$,-450.0,1.0
1.0,$1/n^2$,-450.0,1.0
1.0,$1/n^2$,-450.0,1.0
14.0,$1/n^2$,-354.0,0.2190476190476191
14.0,$1/n^2$,-358.0,0.3238095238095239
1.0,$1/n^2$,-450.0,1.0
14.0,$1/n^2$,-354.0,0.008888888888888889
1.0,$1/n^2$,-450.0,1.0
1.0,$1/n^2$,-450.0,1.0
14.0,$1/n^2$,-350.0,0.22857142857142862
1.0,$1/n^2$,-450.0,1.0
1.0,$1/n^2$,-450.0,1.0
1.0,$1/n^2$,-450.0,1.0
1.0,$1/n^2$,-450.0,1.0
1.0,$1/n^2$,-450.0,1.0
1.0,$1/n^2$,-450.0,1.0
1.0,$1/n^2$,-450.0,1.0
1.0,$1/n^2$,-450.0,1.0
1.0,$1/n^2$,-450.0,1.0
1.0,$1/n^2$,-450.0,1.0
1.0,$1/n^2$,-450.0,1.0
1.0,$1/n^2$,-450.0,1.0
14.0,$1/n^2$,-362.0,0.17142857142857143
14.0,$1/n^2$,-370.0,0.10476190476190476
14.0,$1/n^2$,-350.0,0.30476190476190473
1.0,$1/n^2$,-450.0,1.0
1.0,$1/n^2$,-450.0,1.0
14.0,$1/n^2$,-350.0,0.038095238095238085
1.0,$1/n^2$,-450.0,1.0
14.0,$1/n^2$,-354.0,0.09523809523809522
14.0,$1/n^2$,-362.0,0.038095238095238085
1.0,$1/n^2$,-450.0,1.0
1.0,$1/n^2$,-450.0,1.0
1.0,$1/n^2$,-450.0,1.0
1.0,$1/n^2$,-450.0,1.0
1.0,$1/n^2$,-450.0,1.0
1.0,$1/n^2$,-450.0,1.0
1.0,$1/n^2$,-450.0,1.0
1.0,$1/n^2$,-450.0,1.0
1.0,$1/n^2$,-450.0,1.0
1.0,$1/n^2$,-450.0,1.0
1.0,$1/n^2$,-450.0,1.0
14.0,$1/n^2$,-358.0,0.1142857142857143
14.0,$1/n^2$,-354.0,0.2285714285714285
1.0,$1/n^2$,-450.0,1.0
1.0,$1/n^2$,-450.0,1.0
1.0,$1/n^2$,-450.0,1.0
1.0,$1/n^2$,-450.0,1.0
1.0,$1/n^2$,-450.0,1.0
1.0,$1/n^2$,-450.0,1.0
14.0,$1/n^2$,-358.0,0.2952380952380952
1.0,$1/n^2$,-450.0,1.0
1.0,$1/n^2$,-450.0,1.0
1.0,$1/n^2$,-450.0,1.0
1.0,$1/n^2$,-450.0,1.0
1.0,$1/n^2$,-450.0,1.0
1.0,$1/n^2$,-450.0,1.0
1.0,$1/n^2$,-450.0,1.0
1.0,$1/n^2$,-450.0,1.0
1.0,$1/n^2$,-450.0,1.0
1.0,$1/n^2$,-450.0,1.0
14.0,$1/n^2$,-350.0,0.33333333333333337
1.0,$1/n^2$,-450.0,1.0
14.0,$1/n^2$,-354.0,0.457142857142857
1.0,$1/n^2$,-450.0,1.0
1.0,$1/n^2$,-450.0,1.0
1.0,$1/n^2$,-450.0,1.0
1.0,$1/n^2$,-450.0,1.0
1.0,$1/n^2$,-450.0,1.0
14.0,$1/n^2$,-350.0,0.18095238095238098
14.0,$1/n^2$,-374.0,0.1142857142857143
1.0,$1/n^2$,-450.0,1.0
1.0,$1/n^2$,-450.0,1.0
1.0,$1/n^2$,-450.0,1.0
1.0,$1/n^2$,-450.0,1.0
1.0,$1/n^2$,-450.0,1.0
1.0,$1/n^2$,-450.0,1.0
1.0,$1/n^2$,-450.0,1.0
14.0,$1/n^2$,-354.0,0.2666666666666667
1.0,$1/n^2$,-450.0,1.0
14.0,$1/n^2$,-354.0,0.2571428571428572
1.0,$1/n^2$,-450.0,1.0
1.0,$1/n^2$,-450.0,1.0
1.0,$1/n^2$,-450.0,1.0
1.0,$1/n^2$,-450.0,1.0
14.0,$1/n^2$,-366.0,0.14285714285714285
1.0,$1/n^2$,-450.0,1.0
1.0,$1/n^2$,-450.0,1.0
1.0,$1/n^2$,-450.0,1.0
1.0,$1/n^2$,-450.0,1.0
14.0,$1/n^2$,-354.0,0.19999999999999998
1.0,$1/n^2$,-450.0,1.0
1.0,$1/n^2$,-450.0,1.0
1.0,$1/n^2$,-450.0,1.0
14.0,$1/n^2$,-354.0,0.31428571428571433
1.0,$1/n^2$,-450.0,1.0
1.0,$1/n^2$,-450.0,1.0
14.0,$1/n^2$,-358.0,0.2
1.0,$1/n^2$,-450.0,1.0
1.0,$1/n^2$,-450.0,1.0
1.0,$1/n^2$,-450.0,1.0
1.0,$1/n^2$,-450.0,1.0
1.0,$1/n^2$,-450.0,1.0
14.0,$1/n^2$,-342.0,0.16190476190476186
1.0,$1/n^2$,-450.0,1.0
14.0,$1/n^2$,-330.0,0.08571428571428573
1.0,$1/n^2$,-450.0,1.0
1.0,$1/n^2$,-450.0,1.0
1.0,$1/n^2$,-450.0,1.0
1.0,$1/n^2$,-450.0,1.0
1.0,$1/n^2$,-450.0,1.0
1.0,$1/n^2$,-450.0,1.0
1.0,$1/n^2$,-450.0,1.0
1.0,$1/n^2$,-450.0,1.0
1.0,$1/n^2$,-450.0,1.0
14.0,$1/n^2$,-366.0,0.41904761904761906
14.0,$1/n^2$,-354.0,0.4952380952380953
1.0,$1/n^2$,-450.0,1.0
14.0,$1/n^2$,-366.0,0.11428571428571432
1.0,$1/n^2$,-450.0,1.0
14.0,$1/n^2$,-346.0,0.2095238095238095
1.0,$1/n^2$,-450.0,1.0
1.0,$1/n^2$,-450.0,1.0
1.0,$1/n^2$,-450.0,1.0
14.0,$1/n^2$,-358.0,0.028571428571428564
1.0,$1/n^2$,-450.0,1.0
1.0,$1/n^2$,-450.0,1.0
1.0,$1/n^2$,-450.0,1.0
14.0,$1/n^2$,-354.0,0.09523809523809525
1.0,$1/n^2$,-450.0,1.0
1.0,$1/n^2$,-450.0,1.0
1.0,$1/n^2$,-450.0,1.0
1.0,$1/n^2$,-450.0,1.0
14.0,$1/n^2$,-350.0,0.11428571428571425
14.0,$1/n^2$,-354.0,0.20952380952380958
1.0,$1/n^2$,-450.0,1.0
1.0,$1/n^2$,-450.0,1.0
1.0,$1/n^2$,-450.0,1.0
14.0,$1/n^2$,-358.0,0.23809523809523808
1.0,$1/n^2$,-450.0,1.0
1.0,$1/n^2$,-450.0,1.0
1.0,$1/n^2$,-450.0,1.0
14.0,$1/n^2$,-358.0,0.028571428571428564
1.0,$1/n^2$,-450.0,1.0
1.0,$1/n^2$,-450.0,1.0
1.0,$1/n^2$,-450.0,1.0
1.0,$1/n^2$,-450.0,1.0
1.0,$1/n^2$,-450.0,1.0
1.0,$1/n^2$,-450.0,1.0
1.0,$1/n^2$,-450.0,1.0
1.0,$1/n^2$,-450.0,1.0
1.0,$1/n^2$,-450.0,1.0
14.0,$1/n^2$,-350.0,0.17142857142857146
1.0,$1/n^2$,-450.0,1.0
1.0,$1/n^2$,-450.0,1.0
1.0,$1/n^2$,-450.0,1.0
14.0,$1/n^2$,-354.0,0.14285714285714285
14.0,$1/n^2$,-362.0,0.13333333333333336
14.0,$1/n^2$,-354.0,0.01523809523809524
14.0,$1/n^2$,-362.0,0.02857142857142856
1.0,$1/n^2$,-450.0,1.0
1.0,$1/n^2$,-450.0,1.0
1.0,$1/n^2$,-450.0,1.0
1.0,$1/n^2$,-450.0,1.0
1.0,$1/n^2$,-450.0,1.0
1.0,$1/n^2$,-450.0,1.0
1.0,$1/n^2$,-450.0,1.0
1.0,$1/n^2$,-450.0,1.0
14.0,$1/n^2$,-350.0,0.419047619047619
14.0,$1/n^2$,-346.0,0.017777777777777778
1.0,$1/n^2$,-450.0,1.0
14.0,$1/n^2$,-342.0,0.047619047619047616
14.0,$1/n^2$,-346.0,0.23809523809523808
1.0,$1/n^2$,-450.0,1.0
1.0,$1/n^2$,-450.0,1.0
1.0,$1/n^2$,-450.0,1.0
1.0,$1/n^2$,-450.0,1.0
1.0,$1/n^2$,-450.0,1.0
1.0,$1/n^2$,-450.0,1.0
1.0,$1/n^2$,-450.0,1.0
1.0,$1/n^2$,-450.0,1.0
1.0,$1/n^2$,-450.0,1.0
1.0,$1/n^2$,-450.0,1.0
14.0,$1/n^2$,-350.0,0.08571428571428573
1.0,$1/n^2$,-450.0,1.0
1.0,$1/n^2$,-450.0,1.0
1.0,$1/n^2$,-450.0,1.0
14.0,$1/n^2$,-350.0,0.2
1.0,$1/n^2$,-450.0,1.0
1.0,$1/n^2$,-450.0,1.0
1.0,$1/n^2$,-450.0,1.0
1.0,$1/n^2$,-450.0,1.0
1.0,$1/n^2$,-450.0,1.0
1.0,$1/n^2$,-450.0,1.0
1.0,$1/n^2$,-450.0,1.0
1.0,$1/n^2$,-450.0,1.0
1.0,$1/n^2$,-450.0,1.0
14.0,$1/n^2$,-350.0,0.36190476190476195
1.0,$1/n^2$,-450.0,1.0
14.0,$1/n^2$,-350.0,0.3619047619047619
1.0,$1/n^2$,-450.0,1.0
1.0,$1/n^2$,-450.0,1.0
1.0,$1/n^2$,-450.0,1.0
1.0,$1/n^2$,-450.0,1.0
1.0,$1/n^2$,-450.0,1.0
14.0,$1/n^2$,-358.0,0.3904761904761905
14.0,$1/n^2$,-366.0,0.17142857142857143
1.0,$1/n^2$,-450.0,1.0
14.0,$1/n^2$,-358.0,0.2095238095238095
1.0,$1/n^2$,-450.0,1.0
1.0,$1/n^2$,-450.0,1.0
14.0,$1/n^2$,-350.0,0.2857142857142857
14.0,$1/n^2$,-350.0,0.07619047619047618
14.0,$1/n^2$,-362.0,0.18095238095238095
1.0,$1/n^2$,-450.0,1.0
14.0,$1/n^2$,-354.0,0.23809523809523808
1.0,$1/n^2$,-450.0,1.0
1.0,$1/n^2$,-450.0,1.0
1.0,$1/n^2$,-450.0,1.0
1.0,$1/n^2$,-450.0,1.0
1.0,$1/n^2$,-450.0,1.0
1.0,$1/n^2$,-450.0,1.0
1.0,$1/n^2$,-450.0,1.0
1.0,$1/n^2$,-450.0,1.0
14.0,$1/n^2$,-350.0,0.31428571428571433
1.0,$1/n^2$,-450.0,1.0
1.0,$1/n^2$,-450.0,1.0
14.0,$1/n^2$,-350.0,0.047619047619047616
1.0,$1/n^2$,-450.0,1.0
1.0,$1/n^2$,-450.0,1.0
1.0,$1/n^2$,-450.0,1.0
1.0,$1/n^2$,-450.0,1.0
1.0,$1/n^2$,-450.0,1.0
1.0,$1/n^2$,-450.0,1.0
1.0,$1/n^2$,-450.0,1.0
1.0,$1/n^2$,-450.0,1.0
1.0,$1/n^2$,-450.0,1.0
1.0,$1/n^2$,-450.0,1.0
1.0,$1/n^2$,-450.0,1.0
1.0,$1/n^2$,-450.0,1.0
14.0,$1/n^2$,-350.0,0.10476190476190475
1.0,$1/n^2$,-450.0,1.0
1.0,$1/n^2$,-450.0,1.0
14.0,$1/n^2$,-342.0,0.37142857142857144
1.0,$1/n^2$,-450.0,1.0
14.0,$1/n^2$,-346.0,0.19047619047619047
1.0,$1/n^2$,-450.0,1.0
1.0,$1/n^2$,-450.0,1.0
14.0,$1/n^2$,-358.0,0.2952380952380952
14.0,$1/n^2$,-358.0,0.09523809523809525
1.0,$1/n^2$,-450.0,1.0
1.0,$1/n^2$,-450.0,1.0
1.0,$1/n^2$,-450.0,1.0
1.0,$1/n^2$,-450.0,1.0
1.0,$1/n^2$,-450.0,1.0
1.0,$1/n^2$,-450.0,1.0
1.0,$1/n^2$,-450.0,1.0
1.0,$1/n^2$,-450.0,1.0
1.0,$1/n^2$,-450.0,1.0
1.0,$1/n^2$,-450.0,1.0
14.0,$1/n^2$,-362.0,0.3333333333333333
1.0,$1/n^2$,-450.0,1.0
1.0,$1/n^2$,-450.0,1.0
1.0,$1/n^2$,-450.0,1.0
1.0,$1/n^2$,-450.0,1.0
1.0,$1/n^2$,-450.0,1.0
1.0,$1/n^2$,-450.0,1.0
1.0,$1/n^2$,-450.0,1.0
1.0,$1/n^2$,-450.0,1.0
1.0,$1/n^2$,-450.0,1.0
1.0,$1/n^2$,-450.0,1.0
1.0,$1/n^2$,-450.0,1.0
1.0,$1/n^2$,-450.0,1.0
1.0,$1/n^2$,-450.0,1.0
1.0,$1/n^2$,-450.0,1.0
1.0,$1/n^2$,-450.0,1.0
1.0,$1/n^2$,-450.0,1.0
14.0,$1/n^2$,-346.0,0.3904761904761905
1.0,$1/n^2$,-450.0,1.0
1.0,$1/n^2$,-450.0,1.0
1.0,$1/n^2$,-450.0,1.0
1.0,$1/n^2$,-450.0,1.0
14.0,$1/n^2$,-350.0,0.08571428571428572
1.0,$1/n^2$,-450.0,1.0
1.0,$1/n^2$,-450.0,1.0
1.0,$1/n^2$,-450.0,1.0
14.0,$1/n^2$,-366.0,0.34285714285714286
1.0,$1/n^2$,-450.0,1.0
1.0,$1/n^2$,-450.0,1.0
1.0,$1/n^2$,-450.0,1.0
1.0,$1/n^2$,-450.0,1.0
1.0,$1/n^2$,-450.0,1.0
1.0,$1/n^2$,-450.0,1.0
1.0,$1/n^2$,-450.0,1.0
1.0,$1/n^2$,-450.0,1.0
1.0,$1/n^2$,-450.0,1.0
1.0,$1/n^2$,-450.0,1.0
1.0,$1/n^2$,-450.0,1.0
1.0,$1/n^2$,-450.0,1.0
1.0,$1/n^2$,-450.0,1.0
1.0,$1/n^2$,-450.0,1.0
1.0,$1/n^2$,-450.0,1.0
1.0,$1/n^2$,-450.0,1.0
1.0,$1/n^2$,-450.0,1.0
1.0,$1/n^2$,-450.0,1.0
1.0,$1/n^2$,-450.0,1.0
14.0,$1/n^2$,-350.0,0.06666666666666668
1.0,$1/n^2$,-450.0,1.0
14.0,$1/n^2$,-370.0,0.04761904761904762
1.0,$1/n^2$,-450.0,1.0
1.0,$1/n^2$,-450.0,1.0
1.0,$1/n^2$,-450.0,1.0
1.0,$1/n^2$,-450.0,1.0
1.0,$1/n^2$,-450.0,1.0
1.0,$1/n^2$,-450.0,1.0
1.0,$1/n^2$,-450.0,1.0
14.0,$1/n^2$,-354.0,0.31428571428571433
1.0,$1/n^2$,-450.0,1.0
1.0,$1/n^2$,-450.0,1.0
1.0,$1/n^2$,-450.0,1.0
1.0,$1/n^2$,-450.0,1.0
1.0,$1/n^2$,-450.0,1.0
1.0,$1/n^2$,-450.0,1.0
14.0,$1/n^2$,-358.0,0.05714285714285714
1.0,$1/n^2$,-450.0,1.0
14.0,$1/n^{3/2}$,-354.0,0.180952380952381
1.0,$1/n^{3/2}$,-450.0,1.0
1.0,$1/n^{3/2}$,-450.0,1.0
14.0,$1/n^{3/2}$,-358.0,0.14285714285714285
1.0,$1/n^{3/2}$,-450.0,1.0
1.0,$1/n^{3/2}$,-450.0,1.0
1.0,$1/n^{3/2}$,-450.0,1.0
14.0,$1/n^{3/2}$,-346.0,0.24761904761904766
1.0,$1/n^{3/2}$,-450.0,1.0
1.0,$1/n^{3/2}$,-450.0,1.0
14.0,$1/n^{3/2}$,-350.0,0.30476190476190473
1.0,$1/n^{3/2}$,-450.0,1.0
1.0,$1/n^{3/2}$,-450.0,1.0
1.0,$1/n^{3/2}$,-450.0,1.0
1.0,$1/n^{3/2}$,-450.0,1.0
1.0,$1/n^{3/2}$,-450.0,1.0
1.0,$1/n^{3/2}$,-450.0,1.0
1.0,$1/n^{3/2}$,-450.0,1.0
1.0,$1/n^{3/2}$,-450.0,1.0
1.0,$1/n^{3/2}$,-450.0,1.0
1.0,$1/n^{3/2}$,-450.0,1.0
14.0,$1/n^{3/2}$,-358.0,0.038095238095238085
1.0,$1/n^{3/2}$,-450.0,1.0
1.0,$1/n^{3/2}$,-450.0,1.0
1.0,$1/n^{3/2}$,-450.0,1.0
1.0,$1/n^{3/2}$,-450.0,1.0
14.0,$1/n^{3/2}$,-354.0,0.2857142857142857
1.0,$1/n^{3/2}$,-450.0,1.0
1.0,$1/n^{3/2}$,-450.0,1.0
1.0,$1/n^{3/2}$,-450.0,1.0
14.0,$1/n^{3/2}$,-362.0,0.4666666666666667
14.0,$1/n^{3/2}$,-338.0,0.07619047619047618
1.0,$1/n^{3/2}$,-450.0,1.0
14.0,$1/n^{3/2}$,-354.0,0.21904761904761902
1.0,$1/n^{3/2}$,-450.0,1.0
1.0,$1/n^{3/2}$,-450.0,1.0
1.0,$1/n^{3/2}$,-450.0,1.0
1.0,$1/n^{3/2}$,-450.0,1.0
1.0,$1/n^{3/2}$,-450.0,1.0
1.0,$1/n^{3/2}$,-450.0,1.0
14.0,$1/n^{3/2}$,-346.0,0.2571428571428572
1.0,$1/n^{3/2}$,-450.0,1.0
1.0,$1/n^{3/2}$,-450.0,1.0
14.0,$1/n^{3/2}$,-358.0,0.057142857142857155
1.0,$1/n^{3/2}$,-450.0,1.0
1.0,$1/n^{3/2}$,-450.0,1.0
1.0,$1/n^{3/2}$,-450.0,1.0
1.0,$1/n^{3/2}$,-450.0,1.0
1.0,$1/n^{3/2}$,-450.0,1.0
14.0,$1/n^{3/2}$,-350.0,0.2666666666666667
1.0,$1/n^{3/2}$,-450.0,1.0
1.0,$1/n^{3/2}$,-450.0,1.0
14.0,$1/n^{3/2}$,-342.0,0.09523809523809525
1.0,$1/n^{3/2}$,-450.0,1.0
1.0,$1/n^{3/2}$,-450.0,1.0
14.0,$1/n^{3/2}$,-366.0,0.12380952380952381
1.0,$1/n^{3/2}$,-450.0,1.0
1.0,$1/n^{3/2}$,-450.0,1.0
14.0,$1/n^{3/2}$,-358.0,0.4952380952380953
1.0,$1/n^{3/2}$,-450.0,1.0
1.0,$1/n^{3/2}$,-450.0,1.0
14.0,$1/n^{3/2}$,-354.0,0.24761904761904763
1.0,$1/n^{3/2}$,-450.0,1.0
1.0,$1/n^{3/2}$,-450.0,1.0
14.0,$1/n^{3/2}$,-350.0,0.04761904761904762
14.0,$1/n^{3/2}$,-354.0,0.31428571428571433
1.0,$1/n^{3/2}$,-450.0,1.0
1.0,$1/n^{3/2}$,-450.0,1.0
1.0,$1/n^{3/2}$,-450.0,1.0
14.0,$1/n^{3/2}$,-358.0,0.012063492063492064
1.0,$1/n^{3/2}$,-450.0,1.0
14.0,$1/n^{3/2}$,-350.0,0.33333333333333337
1.0,$1/n^{3/2}$,-450.0,1.0
14.0,$1/n^{3/2}$,-350.0,0.21904761904761907
1.0,$1/n^{3/2}$,-450.0,1.0
1.0,$1/n^{3/2}$,-450.0,1.0
1.0,$1/n^{3/2}$,-450.0,1.0
1.0,$1/n^{3/2}$,-450.0,1.0
14.0,$1/n^{3/2}$,-354.0,0.2190476190476191
14.0,$1/n^{3/2}$,-358.0,0.3238095238095239
1.0,$1/n^{3/2}$,-450.0,1.0
14.0,$1/n^{3/2}$,-354.0,0.008888888888888889
1.0,$1/n^{3/2}$,-450.0,1.0
1.0,$1/n^{3/2}$,-450.0,1.0
14.0,$1/n^{3/2}$,-350.0,0.22857142857142862
1.0,$1/n^{3/2}$,-450.0,1.0
1.0,$1/n^{3/2}$,-450.0,1.0
1.0,$1/n^{3/2}$,-450.0,1.0
1.0,$1/n^{3/2}$,-450.0,1.0
1.0,$1/n^{3/2}$,-450.0,1.0
1.0,$1/n^{3/2}$,-450.0,1.0
1.0,$1/n^{3/2}$,-450.0,1.0
1.0,$1/n^{3/2}$,-450.0,1.0
1.0,$1/n^{3/2}$,-450.0,1.0
1.0,$1/n^{3/2}$,-450.0,1.0
1.0,$1/n^{3/2}$,-450.0,1.0
1.0,$1/n^{3/2}$,-450.0,1.0
14.0,$1/n^{3/2}$,-362.0,0.17142857142857143
14.0,$1/n^{3/2}$,-370.0,0.10476190476190476
14.0,$1/n^{3/2}$,-350.0,0.30476190476190473
1.0,$1/n^{3/2}$,-450.0,1.0
1.0,$1/n^{3/2}$,-450.0,1.0
14.0,$1/n^{3/2}$,-350.0,0.038095238095238085
1.0,$1/n^{3/2}$,-450.0,1.0
14.0,$1/n^{3/2}$,-354.0,0.09523809523809522
14.0,$1/n^{3/2}$,-362.0,0.038095238095238085
1.0,$1/n^{3/2}$,-450.0,1.0
1.0,$1/n^{3/2}$,-450.0,1.0
1.0,$1/n^{3/2}$,-450.0,1.0
1.0,$1/n^{3/2}$,-450.0,1.0
1.0,$1/n^{3/2}$,-450.0,1.0
1.0,$1/n^{3/2}$,-450.0,1.0
1.0,$1/n^{3/2}$,-450.0,1.0
1.0,$1/n^{3/2}$,-450.0,1.0
1.0,$1/n^{3/2}$,-450.0,1.0
1.0,$1/n^{3/2}$,-450.0,1.0
1.0,$1/n^{3/2}$,-450.0,1.0
14.0,$1/n^{3/2}$,-358.0,0.1142857142857143
14.0,$1/n^{3/2}$,-354.0,0.2285714285714285
1.0,$1/n^{3/2}$,-450.0,1.0
1.0,$1/n^{3/2}$,-450.0,1.0
1.0,$1/n^{3/2}$,-450.0,1.0
1.0,$1/n^{3/2}$,-450.0,1.0
1.0,$1/n^{3/2}$,-450.0,1.0
1.0,$1/n^{3/2}$,-450.0,1.0
14.0,$1/n^{3/2}$,-358.0,0.2952380952380952
1.0,$1/n^{3/2}$,-450.0,1.0
1.0,$1/n^{3/2}$,-450.0,1.0
1.0,$1/n^{3/2}$,-450.0,1.0
1.0,$1/n^{3/2}$,-450.0,1.0
1.0,$1/n^{3/2}$,-450.0,1.0
1.0,$1/n^{3/2}$,-450.0,1.0
1.0,$1/n^{3/2}$,-450.0,1.0
1.0,$1/n^{3/2}$,-450.0,1.0
1.0,$1/n^{3/2}$,-450.0,1.0
1.0,$1/n^{3/2}$,-450.0,1.0
14.0,$1/n^{3/2}$,-350.0,0.33333333333333337
1.0,$1/n^{3/2}$,-450.0,1.0
14.0,$1/n^{3/2}$,-354.0,0.457142857142857
1.0,$1/n^{3/2}$,-450.0,1.0
1.0,$1/n^{3/2}$,-450.0,1.0
1.0,$1/n^{3/2}$,-450.0,1.0
1.0,$1/n^{3/2}$,-450.0,1.0
1.0,$1/n^{3/2}$,-450.0,1.0
14.0,$1/n^{3/2}$,-350.0,0.18095238095238098
14.0,$1/n^{3/2}$,-374.0,0.1142857142857143
1.0,$1/n^{3/2}$,-450.0,1.0
1.0,$1/n^{3/2}$,-450.0,1.0
1.0,$1/n^{3/2}$,-450.0,1.0
1.0,$1/n^{3/2}$,-450.0,1.0
1.0,$1/n^{3/2}$,-450.0,1.0
1.0,$1/n^{3/2}$,-450.0,1.0
1.0,$1/n^{3/2}$,-450.0,1.0
14.0,$1/n^{3/2}$,-354.0,0.2666666666666667
1.0,$1/n^{3/2}$,-450.0,1.0
14.0,$1/n^{3/2}$,-354.0,0.2571428571428572
1.0,$1/n^{3/2}$,-450.0,1.0
1.0,$1/n^{3/2}$,-450.0,1.0
1.0,$1/n^{3/2}$,-450.0,1.0
1.0,$1/n^{3/2}$,-450.0,1.0
14.0,$1/n^{3/2}$,-366.0,0.14285714285714285
1.0,$1/n^{3/2}$,-450.0,1.0
1.0,$1/n^{3/2}$,-450.0,1.0
1.0,$1/n^{3/2}$,-450.0,1.0
1.0,$1/n^{3/2}$,-450.0,1.0
14.0,$1/n^{3/2}$,-354.0,0.19999999999999998
1.0,$1/n^{3/2}$,-450.0,1.0
1.0,$1/n^{3/2}$,-450.0,1.0
1.0,$1/n^{3/2}$,-450.0,1.0
14.0,$1/n^{3/2}$,-354.0,0.31428571428571433
1.0,$1/n^{3/2}$,-450.0,1.0
1.0,$1/n^{3/2}$,-450.0,1.0
14.0,$1/n^{3/2}$,-358.0,0.2
1.0,$1/n^{3/2}$,-450.0,1.0
1.0,$1/n^{3/2}$,-450.0,1.0
1.0,$1/n^{3/2}$,-450.0,1.0
1.0,$1/n^{3/2}$,-450.0,1.0
1.0,$1/n^{3/2}$,-450.0,1.0
14.0,$1/n^{3/2}$,-342.0,0.16190476190476186
1.0,$1/n^{3/2}$,-450.0,1.0
14.0,$1/n^{3/2}$,-330.0,0.08571428571428573
1.0,$1/n^{3/2}$,-450.0,1.0
1.0,$1/n^{3/2}$,-450.0,1.0
1.0,$1/n^{3/2}$,-450.0,1.0
1.0,$1/n^{3/2}$,-450.0,1.0
1.0,$1/n^{3/2}$,-450.0,1.0
1.0,$1/n^{3/2}$,-450.0,1.0
1.0,$1/n^{3/2}$,-450.0,1.0
1.0,$1/n^{3/2}$,-450.0,1.0
1.0,$1/n^{3/2}$,-450.0,1.0
14.0,$1/n^{3/2}$,-366.0,0.41904761904761906
14.0,$1/n^{3/2}$,-354.0,0.4952380952380953
1.0,$1/n^{3/2}$,-450.0,1.0
14.0,$1/n^{3/2}$,-366.0,0.11428571428571432
1.0,$1/n^{3/2}$,-450.0,1.0
14.0,$1/n^{3/2}$,-346.0,0.2095238095238095
1.0,$1/n^{3/2}$,-450.0,1.0
1.0,$1/n^{3/2}$,-450.0,1.0
1.0,$1/n^{3/2}$,-450.0,1.0
14.0,$1/n^{3/2}$,-358.0,0.028571428571428564
1.0,$1/n^{3/2}$,-450.0,1.0
1.0,$1/n^{3/2}$,-450.0,1.0
1.0,$1/n^{3/2}$,-450.0,1.0
14.0,$1/n^{3/2}$,-354.0,0.09523809523809525
1.0,$1/n^{3/2}$,-450.0,1.0
1.0,$1/n^{3/2}$,-450.0,1.0
1.0,$1/n^{3/2}$,-450.0,1.0
1.0,$1/n^{3/2}$,-450.0,1.0
14.0,$1/n^{3/2}$,-350.0,0.11428571428571425
14.0,$1/n^{3/2}$,-354.0,0.20952380952380958
1.0,$1/n^{3/2}$,-450.0,1.0
1.0,$1/n^{3/2}$,-450.0,1.0
1.0,$1/n^{3/2}$,-450.0,1.0
14.0,$1/n^{3/2}$,-358.0,0.23809523809523808
1.0,$1/n^{3/2}$,-450.0,1.0
1.0,$1/n^{3/2}$,-450.0,1.0
1.0,$1/n^{3/2}$,-450.0,1.0
14.0,$1/n^{3/2}$,-358.0,0.028571428571428564
1.0,$1/n^{3/2}$,-450.0,1.0
1.0,$1/n^{3/2}$,-450.0,1.0
1.0,$1/n^{3/2}$,-450.0,1.0
1.0,$1/n^{3/2}$,-450.0,1.0
1.0,$1/n^{3/2}$,-450.0,1.0
1.0,$1/n^{3/2}$,-450.0,1.0
1.0,$1/n^{3/2}$,-450.0,1.0
1.0,$1/n^{3/2}$,-450.0,1.0
1.0,$1/n^{3/2}$,-450.0,1.0
14.0,$1/n^{3/2}$,-350.0,0.17142857142857146
1.0,$1/n^{3/2}$,-450.0,1.0
1.0,$1/n^{3/2}$,-450.0,1.0
1.0,$1/n^{3/2}$,-450.0,1.0
14.0,$1/n^{3/2}$,-354.0,0.14285714285714285
14.0,$1/n^{3/2}$,-362.0,0.13333333333333336
14.0,$1/n^{3/2}$,-354.0,0.01523809523809524
14.0,$1/n^{3/2}$,-362.0,0.02857142857142856
1.0,$1/n^{3/2}$,-450.0,1.0
1.0,$1/n^{3/2}$,-450.0,1.0
1.0,$1/n^{3/2}$,-450.0,1.0
1.0,$1/n^{3/2}$,-450.0,1.0
1.0,$1/n^{3/2}$,-450.0,1.0
1.0,$1/n^{3/2}$,-450.0,1.0
1.0,$1/n^{3/2}$,-450.0,1.0
1.0,$1/n^{3/2}$,-450.0,1.0
14.0,$1/n^{3/2}$,-350.0,0.419047619047619
14.0,$1/n^{3/2}$,-346.0,0.017777777777777778
1.0,$1/n^{3/2}$,-450.0,1.0
14.0,$1/n^{3/2}$,-342.0,0.047619047619047616
14.0,$1/n^{3/2}$,-346.0,0.23809523809523808
1.0,$1/n^{3/2}$,-450.0,1.0
1.0,$1/n^{3/2}$,-450.0,1.0
1.0,$1/n^{3/2}$,-450.0,1.0
1.0,$1/n^{3/2}$,-450.0,1.0
1.0,$1/n^{3/2}$,-450.0,1.0
1.0,$1/n^{3/2}$,-450.0,1.0
1.0,$1/n^{3/2}$,-450.0,1.0
1.0,$1/n^{3/2}$,-450.0,1.0
1.0,$1/n^{3/2}$,-450.0,1.0
1.0,$1/n^{3/2}$,-450.0,1.0
14.0,$1/n^{3/2}$,-350.0,0.08571428571428573
1.0,$1/n^{3/2}$,-450.0,1.0
1.0,$1/n^{3/2}$,-450.0,1.0
1.0,$1/n^{3/2}$,-450.0,1.0
14.0,$1/n^{3/2}$,-350.0,0.2
1.0,$1/n^{3/2}$,-450.0,1.0
1.0,$1/n^{3/2}$,-450.0,1.0
1.0,$1/n^{3/2}$,-450.0,1.0
1.0,$1/n^{3/2}$,-450.0,1.0
1.0,$1/n^{3/2}$,-450.0,1.0
1.0,$1/n^{3/2}$,-450.0,1.0
1.0,$1/n^{3/2}$,-450.0,1.0
1.0,$1/n^{3/2}$,-450.0,1.0
1.0,$1/n^{3/2}$,-450.0,1.0
14.0,$1/n^{3/2}$,-350.0,0.36190476190476195
1.0,$1/n^{3/2}$,-450.0,1.0
14.0,$1/n^{3/2}$,-350.0,0.3619047619047619
1.0,$1/n^{3/2}$,-450.0,1.0
1.0,$1/n^{3/2}$,-450.0,1.0
1.0,$1/n^{3/2}$,-450.0,1.0
1.0,$1/n^{3/2}$,-450.0,1.0
1.0,$1/n^{3/2}$,-450.0,1.0
14.0,$1/n^{3/2}$,-358.0,0.3904761904761905
14.0,$1/n^{3/2}$,-366.0,0.17142857142857143
1.0,$1/n^{3/2}$,-450.0,1.0
14.0,$1/n^{3/2}$,-358.0,0.2095238095238095
1.0,$1/n^{3/2}$,-450.0,1.0
1.0,$1/n^{3/2}$,-450.0,1.0
14.0,$1/n^{3/2}$,-350.0,0.2857142857142857
14.0,$1/n^{3/2}$,-350.0,0.07619047619047618
14.0,$1/n^{3/2}$,-362.0,0.18095238095238095
1.0,$1/n^{3/2}$,-450.0,1.0
14.0,$1/n^{3/2}$,-354.0,0.23809523809523808
1.0,$1/n^{3/2}$,-450.0,1.0
1.0,$1/n^{3/2}$,-450.0,1.0
1.0,$1/n^{3/2}$,-450.0,1.0
1.0,$1/n^{3/2}$,-450.0,1.0
1.0,$1/n^{3/2}$,-450.0,1.0
1.0,$1/n^{3/2}$,-450.0,1.0
1.0,$1/n^{3/2}$,-450.0,1.0
1.0,$1/n^{3/2}$,-450.0,1.0
14.0,$1/n^{3/2}$,-350.0,0.31428571428571433
1.0,$1/n^{3/2}$,-450.0,1.0
1.0,$1/n^{3/2}$,-450.0,1.0
14.0,$1/n^{3/2}$,-350.0,0.047619047619047616
1.0,$1/n^{3/2}$,-450.0,1.0
1.0,$1/n^{3/2}$,-450.0,1.0
1.0,$1/n^{3/2}$,-450.0,1.0
1.0,$1/n^{3/2}$,-450.0,1.0
1.0,$1/n^{3/2}$,-450.0,1.0
1.0,$1/n^{3/2}$,-450.0,1.0
1.0,$1/n^{3/2}$,-450.0,1.0
1.0,$1/n^{3/2}$,-450.0,1.0
1.0,$1/n^{3/2}$,-450.0,1.0
1.0,$1/n^{3/2}$,-450.0,1.0
1.0,$1/n^{3/2}$,-450.0,1.0
1.0,$1/n^{3/2}$,-450.0,1.0
14.0,$1/n^{3/2}$,-350.0,0.10476190476190475
1.0,$1/n^{3/2}$,-450.0,1.0
1.0,$1/n^{3/2}$,-450.0,1.0
14.0,$1/n^{3/2}$,-342.0,0.37142857142857144
1.0,$1/n^{3/2}$,-450.0,1.0
14.0,$1/n^{3/2}$,-346.0,0.19047619047619047
1.0,$1/n^{3/2}$,-450.0,1.0
1.0,$1/n^{3/2}$,-450.0,1.0
14.0,$1/n^{3/2}$,-358.0,0.2952380952380952
14.0,$1/n^{3/2}$,-358.0,0.09523809523809525
1.0,$1/n^{3/2}$,-450.0,1.0
1.0,$1/n^{3/2}$,-450.0,1.0
1.0,$1/n^{3/2}$,-450.0,1.0
1.0,$1/n^{3/2}$,-450.0,1.0
1.0,$1/n^{3/2}$,-450.0,1.0
1.0,$1/n^{3/2}$,-450.0,1.0
1.0,$1/n^{3/2}$,-450.0,1.0
1.0,$1/n^{3/2}$,-450.0,1.0
1.0,$1/n^{3/2}$,-450.0,1.0
1.0,$1/n^{3/2}$,-450.0,1.0
14.0,$1/n^{3/2}$,-362.0,0.3333333333333333
1.0,$1/n^{3/2}$,-450.0,1.0
1.0,$1/n^{3/2}$,-450.0,1.0
1.0,$1/n^{3/2}$,-450.0,1.0
1.0,$1/n^{3/2}$,-450.0,1.0
1.0,$1/n^{3/2}$,-450.0,1.0
1.0,$1/n^{3/2}$,-450.0,1.0
1.0,$1/n^{3/2}$,-450.0,1.0
1.0,$1/n^{3/2}$,-450.0,1.0
1.0,$1/n^{3/2}$,-450.0,1.0
1.0,$1/n^{3/2}$,-450.0,1.0
1.0,$1/n^{3/2}$,-450.0,1.0
1.0,$1/n^{3/2}$,-450.0,1.0
1.0,$1/n^{3/2}$,-450.0,1.0
1.0,$1/n^{3/2}$,-450.0,1.0
1.0,$1/n^{3/2}$,-450.0,1.0
1.0,$1/n^{3/2}$,-450.0,1.0
14.0,$1/n^{3/2}$,-346.0,0.3904761904761905
1.0,$1/n^{3/2}$,-450.0,1.0
1.0,$1/n^{3/2}$,-450.0,1.0
1.0,$1/n^{3/2}$,-450.0,1.0
1.0,$1/n^{3/2}$,-450.0,1.0
14.0,$1/n^{3/2}$,-350.0,0.08571428571428572
1.0,$1/n^{3/2}$,-450.0,1.0
1.0,$1/n^{3/2}$,-450.0,1.0
1.0,$1/n^{3/2}$,-450.0,1.0
14.0,$1/n^{3/2}$,-366.0,0.34285714285714286
1.0,$1/n^{3/2}$,-450.0,1.0
1.0,$1/n^{3/2}$,-450.0,1.0
1.0,$1/n^{3/2}$,-450.0,1.0
1.0,$1/n^{3/2}$,-450.0,1.0
1.0,$1/n^{3/2}$,-450.0,1.0
1.0,$1/n^{3/2}$,-450.0,1.0
1.0,$1/n^{3/2}$,-450.0,1.0
1.0,$1/n^{3/2}$,-450.0,1.0
1.0,$1/n^{3/2}$,-450.0,1.0
1.0,$1/n^{3/2}$,-450.0,1.0
1.0,$1/n^{3/2}$,-450.0,1.0
1.0,$1/n^{3/2}$,-450.0,1.0
1.0,$1/n^{3/2}$,-450.0,1.0
1.0,$1/n^{3/2}$,-450.0,1.0
1.0,$1/n^{3/2}$,-450.0,1.0
1.0,$1/n^{3/2}$,-450.0,1.0
1.0,$1/n^{3/2}$,-450.0,1.0
1.0,$1/n^{3/2}$,-450.0,1.0
1.0,$1/n^{3/2}$,-450.0,1.0
14.0,$1/n^{3/2}$,-350.0,0.06666666666666668
1.0,$1/n^{3/2}$,-450.0,1.0
14.0,$1/n^{3/2}$,-370.0,0.04761904761904762
1.0,$1/n^{3/2}$,-450.0,1.0
1.0,$1/n^{3/2}$,-450.0,1.0
1.0,$1/n^{3/2}$,-450.0,1.0
1.0,$1/n^{3/2}$,-450.0,1.0
1.0,$1/n^{3/2}$,-450.0,1.0
1.0,$1/n^{3/2}$,-450.0,1.0
1.0,$1/n^{3/2}$,-450.0,1.0
14.0,$1/n^{3/2}$,-354.0,0.31428571428571433
1.0,$1/n^{3/2}$,-450.0,1.0
1.0,$1/n^{3/2}$,-450.0,1.0
1.0,$1/n^{3/2}$,-450.0,1.0
1.0,$1/n^{3/2}$,-450.0,1.0
1.0,$1/n^{3/2}$,-450.0,1.0
1.0,$1/n^{3/2}$,-450.0,1.0
14.0,$1/n^{3/2}$,-358.0,0.05714285714285714
1.0,$1/n^{3/2}$,-450.0,1.0
14.0,$1/n$,-366.0,0.07619047619047618
1.0,$1/n$,-450.0,1.0
1.0,$1/n$,-450.0,1.0
14.0,$1/n$,-370.0,0.10476190476190475
14.0,$1/n$,-362.0,0.1619047619047619
1.0,$1/n$,-450.0,1.0
1.0,$1/n$,-450.0,1.0
14.0,$1/n$,-354.0,0.2857142857142857
1.0,$1/n$,-450.0,1.0
1.0,$1/n$,-450.0,1.0
14.0,$1/n$,-362.0,0.13333333333333333
1.0,$1/n$,-450.0,1.0
1.0,$1/n$,-450.0,1.0
1.0,$1/n$,-450.0,1.0
14.0,$1/n$,-362.0,0.24761904761904766
1.0,$1/n$,-450.0,1.0
1.0,$1/n$,-450.0,1.0
1.0,$1/n$,-450.0,1.0
1.0,$1/n$,-450.0,1.0
1.0,$1/n$,-450.0,1.0
1.0,$1/n$,-450.0,1.0
1.0,$1/n$,-450.0,1.0
1.0,$1/n$,-450.0,1.0
1.0,$1/n$,-450.0,1.0
1.0,$1/n$,-450.0,1.0
1.0,$1/n$,-450.0,1.0
14.0,$1/n$,-358.0,0.3047619047619047
1.0,$1/n$,-450.0,1.0
1.0,$1/n$,-450.0,1.0
1.0,$1/n$,-450.0,1.0
14.0,$1/n$,-366.0,0.48571428571428577
14.0,$1/n$,-358.0,0.08571428571428573
1.0,$1/n$,-450.0,1.0
14.0,$1/n$,-366.0,0.17142857142857143
1.0,$1/n$,-450.0,1.0
1.0,$1/n$,-450.0,1.0
1.0,$1/n$,-450.0,1.0
1.0,$1/n$,-450.0,1.0
14.0,$1/n$,-354.0,0.13333333333333333
1.0,$1/n$,-450.0,1.0
14.0,$1/n$,-370.0,0.07619047619047621
1.0,$1/n$,-450.0,1.0
1.0,$1/n$,-450.0,1.0
14.0,$1/n$,-382.0,0.2761904761904762
1.0,$1/n$,-450.0,1.0
1.0,$1/n$,-450.0,1.0
1.0,$1/n$,-450.0,1.0
1.0,$1/n$,-450.0,1.0
1.0,$1/n$,-450.0,1.0
14.0,$1/n$,-378.0,0.5523809523809523
1.0,$1/n$,-450.0,1.0
1.0,$1/n$,-450.0,1.0
14.0,$1/n$,-354.0,0.2
1.0,$1/n$,-450.0,1.0
1.0,$1/n$,-450.0,1.0
1.0,$1/n$,-450.0,1.0
1.0,$1/n$,-450.0,1.0
1.0,$1/n$,-450.0,1.0
14.0,$1/n$,-374.0,0.3142857142857142
1.0,$1/n$,-450.0,1.0
1.0,$1/n$,-450.0,1.0
14.0,$1/n$,-362.0,0.34285714285714286
1.0,$1/n$,-450.0,1.0
1.0,$1/n$,-450.0,1.0
1.0,$1/n$,-450.0,1.0
14.0,$1/n$,-358.0,0.30476190476190473
1.0,$1/n$,-450.0,1.0
1.0,$1/n$,-450.0,1.0
1.0,$1/n$,-450.0,1.0
14.0,$1/n$,-370.0,0.08571428571428572
1.0,$1/n$,-450.0,1.0
14.0,$1/n$,-362.0,0.3714285714285714
1.0,$1/n$,-450.0,1.0
14.0,$1/n$,-358.0,0.2571428571428572
14.0,$1/n$,-366.0,0.21904761904761902
1.0,$1/n$,-450.0,1.0
1.0,$1/n$,-450.0,1.0
1.0,$1/n$,-450.0,1.0
14.0,$1/n$,-358.0,0.06666666666666667
14.0,$1/n$,-362.0,0.019047619047619046
1.0,$1/n$,-450.0,1.0
14.0,$1/n$,-354.0,0.019047619047619046
1.0,$1/n$,-450.0,1.0
1.0,$1/n$,-450.0,1.0
1.0,$1/n$,-450.0,1.0
1.0,$1/n$,-450.0,1.0
1.0,$1/n$,-450.0,1.0
1.0,$1/n$,-450.0,1.0
1.0,$1/n$,-450.0,1.0
1.0,$1/n$,-450.0,1.0
1.0,$1/n$,-450.0,1.0
1.0,$1/n$,-450.0,1.0
1.0,$1/n$,-450.0,1.0
1.0,$1/n$,-450.0,1.0
1.0,$1/n$,-450.0,1.0
1.0,$1/n$,-450.0,1.0
1.0,$1/n$,-450.0,1.0
1.0,$1/n$,-450.0,1.0
14.0,$1/n$,-378.0,0.00761904761904762
14.0,$1/n$,-350.0,0.30476190476190473
1.0,$1/n$,-450.0,1.0
1.0,$1/n$,-450.0,1.0
14.0,$1/n$,-370.0,0.2285714285714285
1.0,$1/n$,-450.0,1.0
14.0,$1/n$,-370.0,0.35238095238095235
1.0,$1/n$,-450.0,1.0
1.0,$1/n$,-450.0,1.0
1.0,$1/n$,-450.0,1.0
1.0,$1/n$,-450.0,1.0
1.0,$1/n$,-450.0,1.0
1.0,$1/n$,-450.0,1.0
1.0,$1/n$,-450.0,1.0
1.0,$1/n$,-450.0,1.0
1.0,$1/n$,-450.0,1.0
1.0,$1/n$,-450.0,1.0
1.0,$1/n$,-450.0,1.0
1.0,$1/n$,-450.0,1.0
14.0,$1/n$,-370.0,0.12380952380952381
14.0,$1/n$,-358.0,0.0292063492063492
1.0,$1/n$,-450.0,1.0
1.0,$1/n$,-450.0,1.0
1.0,$1/n$,-450.0,1.0
1.0,$1/n$,-450.0,1.0
1.0,$1/n$,-450.0,1.0
1.0,$1/n$,-450.0,1.0
14.0,$1/n$,-370.0,0.011428571428571429
1.0,$1/n$,-450.0,1.0
1.0,$1/n$,-450.0,1.0
1.0,$1/n$,-450.0,1.0
1.0,$1/n$,-450.0,1.0
1.0,$1/n$,-450.0,1.0
1.0,$1/n$,-450.0,1.0
1.0,$1/n$,-450.0,1.0
1.0,$1/n$,-450.0,1.0
1.0,$1/n$,-450.0,1.0
1.0,$1/n$,-450.0,1.0
1.0,$1/n$,-450.0,1.0
1.0,$1/n$,-450.0,1.0
14.0,$1/n$,-378.0,0.3047619047619047
1.0,$1/n$,-450.0,1.0
1.0,$1/n$,-450.0,1.0
1.0,$1/n$,-450.0,1.0
14.0,$1/n$,-378.0,0.10476190476190475
1.0,$1/n$,-450.0,1.0
14.0,$1/n$,-362.0,0.014603174603174604
14.0,$1/n$,-382.0,0.27619047619047626
1.0,$1/n$,-450.0,1.0
1.0,$1/n$,-450.0,1.0
1.0,$1/n$,-450.0,1.0
1.0,$1/n$,-450.0,1.0
1.0,$1/n$,-450.0,1.0
1.0,$1/n$,-450.0,1.0
14.0,$1/n$,-342.0,0.047619047619047616
14.0,$1/n$,-370.0,0.2952380952380952
1.0,$1/n$,-450.0,1.0
14.0,$1/n$,-366.0,0.16190476190476194
1.0,$1/n$,-450.0,1.0
14.0,$1/n$,-362.0,0.1619047619047619
1.0,$1/n$,-450.0,1.0
14.0,$1/n$,-374.0,0.3999999999999999
14.0,$1/n$,-366.0,0.4095238095238095
1.0,$1/n$,-450.0,1.0
1.0,$1/n$,-450.0,1.0
1.0,$1/n$,-450.0,1.0
1.0,$1/n$,-450.0,1.0
14.0,$1/n$,-370.0,0.06666666666666667
1.0,$1/n$,-450.0,1.0
1.0,$1/n$,-450.0,1.0
1.0,$1/n$,-450.0,1.0
14.0,$1/n$,-366.0,0.2380952380952381
1.0,$1/n$,-450.0,1.0
1.0,$1/n$,-450.0,1.0
14.0,$1/n$,-362.0,0.012698412698412698
1.0,$1/n$,-450.0,1.0
1.0,$1/n$,-450.0,1.0
1.0,$1/n$,-450.0,1.0
1.0,$1/n$,-450.0,1.0
1.0,$1/n$,-450.0,1.0
1.0,$1/n$,-450.0,1.0
1.0,$1/n$,-450.0,1.0
1.0,$1/n$,-450.0,1.0
1.0,$1/n$,-450.0,1.0
1.0,$1/n$,-450.0,1.0
1.0,$1/n$,-450.0,1.0
1.0,$1/n$,-450.0,1.0
1.0,$1/n$,-450.0,1.0
1.0,$1/n$,-450.0,1.0
1.0,$1/n$,-450.0,1.0
14.0,$1/n$,-350.0,0.2
1.0,$1/n$,-450.0,1.0
1.0,$1/n$,-450.0,1.0
14.0,$1/n$,-370.0,0.10476190476190475
1.0,$1/n$,-450.0,1.0
14.0,$1/n$,-366.0,0.11428571428571432
1.0,$1/n$,-450.0,1.0
1.0,$1/n$,-450.0,1.0
1.0,$1/n$,-450.0,1.0
1.0,$1/n$,-450.0,1.0
1.0,$1/n$,-450.0,1.0
14.0,$1/n$,-362.0,0.19047619047619052
1.0,$1/n$,-450.0,1.0
1.0,$1/n$,-450.0,1.0
1.0,$1/n$,-450.0,1.0
14.0,$1/n$,-370.0,0.2666666666666668
1.0,$1/n$,-450.0,1.0
1.0,$1/n$,-450.0,1.0
1.0,$1/n$,-450.0,1.0
1.0,$1/n$,-450.0,1.0
1.0,$1/n$,-450.0,1.0
1.0,$1/n$,-450.0,1.0
1.0,$1/n$,-450.0,1.0
1.0,$1/n$,-450.0,1.0
1.0,$1/n$,-450.0,1.0
14.0,$1/n$,-366.0,0.12380952380952381
1.0,$1/n$,-450.0,1.0
1.0,$1/n$,-450.0,1.0
1.0,$1/n$,-450.0,1.0
14.0,$1/n$,-366.0,0.08571428571428573
1.0,$1/n$,-450.0,1.0
1.0,$1/n$,-450.0,1.0
1.0,$1/n$,-450.0,1.0
1.0,$1/n$,-450.0,1.0
1.0,$1/n$,-450.0,1.0
1.0,$1/n$,-450.0,1.0
1.0,$1/n$,-450.0,1.0
1.0,$1/n$,-450.0,1.0
1.0,$1/n$,-450.0,1.0
14.0,$1/n$,-366.0,0.3619047619047619
1.0,$1/n$,-450.0,1.0
1.0,$1/n$,-450.0,1.0
1.0,$1/n$,-450.0,1.0
14.0,$1/n$,-354.0,0.14285714285714285
14.0,$1/n$,-358.0,0.19999999999999998
14.0,$1/n$,-358.0,0.020317460317460317
14.0,$1/n$,-378.0,0.49523809523809526
1.0,$1/n$,-450.0,1.0
14.0,$1/n$,-358.0,0.1238095238095238
1.0,$1/n$,-450.0,1.0
1.0,$1/n$,-450.0,1.0
1.0,$1/n$,-450.0,1.0
1.0,$1/n$,-450.0,1.0
1.0,$1/n$,-450.0,1.0
1.0,$1/n$,-450.0,1.0
1.0,$1/n$,-450.0,1.0
14.0,$1/n$,-366.0,0.10476190476190475
1.0,$1/n$,-450.0,1.0
14.0,$1/n$,-374.0,0.2571428571428572
1.0,$1/n$,-450.0,1.0
1.0,$1/n$,-450.0,1.0
1.0,$1/n$,-450.0,1.0
1.0,$1/n$,-450.0,1.0
1.0,$1/n$,-450.0,1.0
14.0,$1/n$,-362.0,0.3809523809523809
1.0,$1/n$,-450.0,1.0
1.0,$1/n$,-450.0,1.0
1.0,$1/n$,-450.0,1.0
1.0,$1/n$,-450.0,1.0
1.0,$1/n$,-450.0,1.0
14.0,$1/n$,-362.0,0.35238095238095235
1.0,$1/n$,-450.0,1.0
1.0,$1/n$,-450.0,1.0
1.0,$1/n$,-450.0,1.0
14.0,$1/n$,-362.0,0.10476190476190475
1.0,$1/n$,-450.0,1.0
1.0,$1/n$,-450.0,1.0
1.0,$1/n$,-450.0,1.0
1.0,$1/n$,-450.0,1.0
1.0,$1/n$,-450.0,1.0
1.0,$1/n$,-450.0,1.0
1.0,$1/n$,-450.0,1.0
1.0,$1/n$,-450.0,1.0
1.0,$1/n$,-450.0,1.0
14.0,$1/n$,-374.0,0.1904761904761905
1.0,$1/n$,-450.0,1.0
14.0,$1/n$,-350.0,0.3619047619047619
1.0,$1/n$,-450.0,1.0
14.0,$1/n$,-370.0,0.2095238095238095
1.0,$1/n$,-450.0,1.0
1.0,$1/n$,-450.0,1.0
1.0,$1/n$,-450.0,1.0
14.0,$1/n$,-370.0,0.28571428571428575
14.0,$1/n$,-366.0,0.17142857142857143
1.0,$1/n$,-450.0,1.0
14.0,$1/n$,-386.0,0.6285714285714287
14.0,$1/n$,-354.0,0.22857142857142856
1.0,$1/n$,-450.0,1.0
14.0,$1/n$,-366.0,0.04761904761904761
14.0,$1/n$,-362.0,0.013968253968253968
14.0,$1/n$,-374.0,0.35238095238095235
1.0,$1/n$,-450.0,1.0
14.0,$1/n$,-358.0,0.24761904761904763
1.0,$1/n$,-450.0,1.0
14.0,$1/n$,-370.0,0.4095238095238095
1.0,$1/n$,-450.0,1.0
1.0,$1/n$,-450.0,1.0
1.0,$1/n$,-450.0,1.0
14.0,$1/n$,-370.0,0.5142857142857142
1.0,$1/n$,-450.0,1.0
1.0,$1/n$,-450.0,1.0
14.0,$1/n$,-358.0,0.2571428571428572
1.0,$1/n$,-450.0,1.0
1.0,$1/n$,-450.0,1.0
14.0,$1/n$,-350.0,0.047619047619047616
1.0,$1/n$,-450.0,1.0
1.0,$1/n$,-450.0,1.0
1.0,$1/n$,-450.0,1.0
1.0,$1/n$,-450.0,1.0
1.0,$1/n$,-450.0,1.0
1.0,$1/n$,-450.0,1.0
1.0,$1/n$,-450.0,1.0
1.0,$1/n$,-450.0,1.0
1.0,$1/n$,-450.0,1.0
1.0,$1/n$,-450.0,1.0
1.0,$1/n$,-450.0,1.0
1.0,$1/n$,-450.0,1.0
14.0,$1/n$,-354.0,0.13333333333333333
1.0,$1/n$,-450.0,1.0
1.0,$1/n$,-450.0,1.0
14.0,$1/n$,-358.0,0.2857142857142857
1.0,$1/n$,-450.0,1.0
14.0,$1/n$,-358.0,0.29523809523809524
1.0,$1/n$,-450.0,1.0
14.0,$1/n$,-374.0,0.012063492063492064
14.0,$1/n$,-358.0,0.2952380952380952
1.0,$1/n$,-450.0,1.0
1.0,$1/n$,-450.0,1.0
1.0,$1/n$,-450.0,1.0
1.0,$1/n$,-450.0,1.0
1.0,$1/n$,-450.0,1.0
1.0,$1/n$,-450.0,1.0
1.0,$1/n$,-450.0,1.0
1.0,$1/n$,-450.0,1.0
1.0,$1/n$,-450.0,1.0
1.0,$1/n$,-450.0,1.0
1.0,$1/n$,-450.0,1.0
1.0,$1/n$,-450.0,1.0
1.0,$1/n$,-450.0,1.0
1.0,$1/n$,-450.0,1.0
1.0,$1/n$,-450.0,1.0
1.0,$1/n$,-450.0,1.0
1.0,$1/n$,-450.0,1.0
1.0,$1/n$,-450.0,1.0
1.0,$1/n$,-450.0,1.0
1.0,$1/n$,-450.0,1.0
1.0,$1/n$,-450.0,1.0
1.0,$1/n$,-450.0,1.0
1.0,$1/n$,-450.0,1.0
1.0,$1/n$,-450.0,1.0
1.0,$1/n$,-450.0,1.0
1.0,$1/n$,-450.0,1.0
1.0,$1/n$,-450.0,1.0
1.0,$1/n$,-450.0,1.0
14.0,$1/n$,-370.0,0.4476190476190477
1.0,$1/n$,-450.0,1.0
1.0,$1/n$,-450.0,1.0
1.0,$1/n$,-450.0,1.0
1.0,$1/n$,-450.0,1.0
14.0,$1/n$,-354.0,0.09523809523809525
1.0,$1/n$,-450.0,1.0
1.0,$1/n$,-450.0,1.0
1.0,$1/n$,-450.0,1.0
14.0,$1/n$,-366.0,0.34285714285714286
1.0,$1/n$,-450.0,1.0
1.0,$1/n$,-450.0,1.0
1.0,$1/n$,-450.0,1.0
1.0,$1/n$,-450.0,1.0
1.0,$1/n$,-450.0,1.0
1.0,$1/n$,-450.0,1.0
1.0,$1/n$,-450.0,1.0
1.0,$1/n$,-450.0,1.0
1.0,$1/n$,-450.0,1.0
1.0,$1/n$,-450.0,1.0
1.0,$1/n$,-450.0,1.0
1.0,$1/n$,-450.0,1.0
14.0,$1/n$,-370.0,0.2571428571428572
1.0,$1/n$,-450.0,1.0
14.0,$1/n$,-370.0,0.09523809523809526
1.0,$1/n$,-450.0,1.0
1.0,$1/n$,-450.0,1.0
1.0,$1/n$,-450.0,1.0
1.0,$1/n$,-450.0,1.0
14.0,$1/n$,-354.0,0.07619047619047621
1.0,$1/n$,-450.0,1.0
14.0,$1/n$,-370.0,0.2095238095238095
1.0,$1/n$,-450.0,1.0
1.0,$1/n$,-450.0,1.0
14.0,$1/n$,-358.0,0.04761904761904761
1.0,$1/n$,-450.0,1.0
1.0,$1/n$,-450.0,1.0
1.0,$1/n$,-450.0,1.0
1.0,$1/n$,-450.0,1.0
14.0,$1/n$,-374.0,0.17142857142857143
1.0,$1/n$,-450.0,1.0
1.0,$1/n$,-450.0,1.0
1.0,$1/n$,-450.0,1.0
1.0,$1/n$,-450.0,1.0
1.0,$1/n$,-450.0,1.0
1.0,$1/n$,-450.0,1.0
14.0,$1/n$,-366.0,0.1142857142857143
1.0,$1/n$,-450.0,1.0
1.0,$1/\sqrt{n}$,-450.0,1.0
1.0,$1/\sqrt{n}$,-450.0,1.0
1.0,$1/\sqrt{n}$,-450.0,1.0
1.0,$1/\sqrt{n}$,-450.0,1.0
1.0,$1/\sqrt{n}$,-450.0,1.0
1.0,$1/\sqrt{n}$,-450.0,1.0
1.0,$1/\sqrt{n}$,-450.0,1.0
1.0,$1/\sqrt{n}$,-390.0,0.3333333333333333
1.0,$1/\sqrt{n}$,-450.0,1.0
1.0,$1/\sqrt{n}$,-450.0,1.0
14.0,$1/\sqrt{n}$,-374.0,0.14285714285714285
12.0,$1/\sqrt{n}$,-386.0,0.26666666666666666
1.0,$1/\sqrt{n}$,-450.0,1.0
1.0,$1/\sqrt{n}$,-450.0,1.0
1.0,$1/\sqrt{n}$,-450.0,1.0
70.0,$1/\sqrt{n}$,-370.0,0.05650793650793651
1.0,$1/\sqrt{n}$,-450.0,1.0
1.0,$1/\sqrt{n}$,-450.0,1.0
1.0,$1/\sqrt{n}$,-450.0,1.0
1.0,$1/\sqrt{n}$,-450.0,1.0
14.0,$1/\sqrt{n}$,-382.0,0.5333333333333332
1.0,$1/\sqrt{n}$,-390.0,0.06666666666666667
1.0,$1/\sqrt{n}$,-450.0,1.0
1.0,$1/\sqrt{n}$,-450.0,1.0
1.0,$1/\sqrt{n}$,-450.0,1.0
1.0,$1/\sqrt{n}$,-450.0,1.0
14.0,$1/\sqrt{n}$,-378.0,0.41904761904761917
1.0,$1/\sqrt{n}$,-450.0,1.0
14.0,$1/\sqrt{n}$,-386.0,0.6476190476190476
1.0,$1/\sqrt{n}$,-450.0,1.0
1.0,$1/\sqrt{n}$,-450.0,1.0
14.0,$1/\sqrt{n}$,-378.0,0.16190476190476186
1.0,$1/\sqrt{n}$,-390.0,0.06666666666666667
1.0,$1/\sqrt{n}$,-390.0,0.06666666666666667
1.0,$1/\sqrt{n}$,-450.0,1.0
1.0,$1/\sqrt{n}$,-450.0,1.0
1.0,$1/\sqrt{n}$,-450.0,1.0
1.0,$1/\sqrt{n}$,-450.0,1.0
1.0,$1/\sqrt{n}$,-390.0,0.4666666666666667
1.0,$1/\sqrt{n}$,-450.0,1.0
14.0,$1/\sqrt{n}$,-378.0,0.2761904761904762
14.0,$1/\sqrt{n}$,-374.0,0.49523809523809526
1.0,$1/\sqrt{n}$,-450.0,1.0
1.0,$1/\sqrt{n}$,-450.0,1.0
14.0,$1/\sqrt{n}$,-386.0,0.24761904761904763
1.0,$1/\sqrt{n}$,-450.0,1.0
1.0,$1/\sqrt{n}$,-450.0,1.0
1.0,$1/\sqrt{n}$,-450.0,1.0
1.0,$1/\sqrt{n}$,-450.0,1.0
1.0,$1/\sqrt{n}$,-390.0,0.06666666666666667
1.0,$1/\sqrt{n}$,-450.0,1.0
1.0,$1/\sqrt{n}$,-450.0,1.0
1.0,$1/\sqrt{n}$,-390.0,0.7333333333333333
1.0,$1/\sqrt{n}$,-450.0,1.0
1.0,$1/\sqrt{n}$,-450.0,1.0
14.0,$1/\sqrt{n}$,-382.0,0.40952380952380957
1.0,$1/\sqrt{n}$,-450.0,1.0
1.0,$1/\sqrt{n}$,-450.0,1.0
1.0,$1/\sqrt{n}$,-450.0,1.0
1.0,$1/\sqrt{n}$,-450.0,1.0
1.0,$1/\sqrt{n}$,-450.0,1.0
308.0,$1/\sqrt{n}$,-370.0,0.14476190476190479
1.0,$1/\sqrt{n}$,-450.0,1.0
1.0,$1/\sqrt{n}$,-450.0,1.0
14.0,$1/\sqrt{n}$,-386.0,0.08571428571428574
1.0,$1/\sqrt{n}$,-390.0,0.06666666666666667
1.0,$1/\sqrt{n}$,-450.0,1.0
1.0,$1/\sqrt{n}$,-450.0,1.0
1.0,$1/\sqrt{n}$,-450.0,1.0
168.0,$1/\sqrt{n}$,-378.0,0.029576719576719573
1.0,$1/\sqrt{n}$,-450.0,1.0
1.0,$1/\sqrt{n}$,-390.0,0.06666666666666667
1.0,$1/\sqrt{n}$,-450.0,1.0
1.0,$1/\sqrt{n}$,-450.0,1.0
1.0,$1/\sqrt{n}$,-450.0,1.0
14.0,$1/\sqrt{n}$,-378.0,0.19047619047619052
1.0,$1/\sqrt{n}$,-450.0,1.0
1.0,$1/\sqrt{n}$,-450.0,1.0
1.0,$1/\sqrt{n}$,-450.0,1.0
14.0,$1/\sqrt{n}$,-374.0,0.3238095238095238
24.0,$1/\sqrt{n}$,-386.0,0.40444444444444444
1.0,$1/\sqrt{n}$,-450.0,1.0
1.0,$1/\sqrt{n}$,-450.0,1.0
1.0,$1/\sqrt{n}$,-450.0,1.0
1.0,$1/\sqrt{n}$,-450.0,1.0
1.0,$1/\sqrt{n}$,-450.0,1.0
1.0,$1/\sqrt{n}$,-450.0,1.0
1.0,$1/\sqrt{n}$,-450.0,1.0
84.0,$1/\sqrt{n}$,-378.0,0.035978835978835985
1.0,$1/\sqrt{n}$,-450.0,1.0
1.0,$1/\sqrt{n}$,-450.0,1.0
1.0,$1/\sqrt{n}$,-450.0,1.0
1.0,$1/\sqrt{n}$,-450.0,1.0
1.0,$1/\sqrt{n}$,-390.0,0.3333333333333333
1.0,$1/\sqrt{n}$,-390.0,0.06666666666666667
1.0,$1/\sqrt{n}$,-450.0,1.0
14.0,$1/\sqrt{n}$,-386.0,0.3428571428571429
1.0,$1/\sqrt{n}$,-390.0,0.2
14.0,$1/\sqrt{n}$,-378.0,0.06666666666666667
14.0,$1/\sqrt{n}$,-382.0,0.2285714285714285
1.0,$1/\sqrt{n}$,-450.0,1.0
1.0,$1/\sqrt{n}$,-450.0,1.0
14.0,$1/\sqrt{n}$,-362.0,0.12380952380952379
1.0,$1/\sqrt{n}$,-450.0,1.0
14.0,$1/\sqrt{n}$,-386.0,0.21904761904761896
14.0,$1/\sqrt{n}$,-366.0,0.2380952380952381
1.0,$1/\sqrt{n}$,-450.0,1.0
1.0,$1/\sqrt{n}$,-390.0,0.06666666666666667
1.0,$1/\sqrt{n}$,-450.0,1.0
1.0,$1/\sqrt{n}$,-450.0,1.0
1.0,$1/\sqrt{n}$,-390.0,0.2
1.0,$1/\sqrt{n}$,-450.0,1.0
1.0,$1/\sqrt{n}$,-450.0,1.0
1.0,$1/\sqrt{n}$,-390.0,0.7333333333333333
1.0,$1/\sqrt{n}$,-450.0,1.0
1.0,$1/\sqrt{n}$,-450.0,1.0
1.0,$1/\sqrt{n}$,-450.0,1.0
1.0,$1/\sqrt{n}$,-450.0,1.0
1.0,$1/\sqrt{n}$,-450.0,1.0
1.0,$1/\sqrt{n}$,-450.0,1.0
1.0,$1/\sqrt{n}$,-390.0,0.06666666666666667
1.0,$1/\sqrt{n}$,-450.0,1.0
1.0,$1/\sqrt{n}$,-450.0,1.0
1.0,$1/\sqrt{n}$,-450.0,1.0
1.0,$1/\sqrt{n}$,-450.0,1.0
14.0,$1/\sqrt{n}$,-386.0,0.6857142857142856
1.0,$1/\sqrt{n}$,-450.0,1.0
14.0,$1/\sqrt{n}$,-362.0,0.15238095238095234
1.0,$1/\sqrt{n}$,-450.0,1.0
1.0,$1/\sqrt{n}$,-450.0,1.0
1.0,$1/\sqrt{n}$,-450.0,1.0
1.0,$1/\sqrt{n}$,-450.0,1.0
1.0,$1/\sqrt{n}$,-450.0,1.0
1.0,$1/\sqrt{n}$,-450.0,1.0
1.0,$1/\sqrt{n}$,-450.0,1.0
1.0,$1/\sqrt{n}$,-450.0,1.0
7.0,$1/\sqrt{n}$,-382.0,0.2952380952380952
1.0,$1/\sqrt{n}$,-450.0,1.0
1.0,$1/\sqrt{n}$,-390.0,0.3333333333333333
1.0,$1/\sqrt{n}$,-450.0,1.0
1.0,$1/\sqrt{n}$,-450.0,1.0
1.0,$1/\sqrt{n}$,-450.0,1.0
1.0,$1/\sqrt{n}$,-450.0,1.0
1.0,$1/\sqrt{n}$,-450.0,1.0
1.0,$1/\sqrt{n}$,-450.0,1.0
1.0,$1/\sqrt{n}$,-450.0,1.0
1.0,$1/\sqrt{n}$,-450.0,1.0
1.0,$1/\sqrt{n}$,-450.0,1.0
1.0,$1/\sqrt{n}$,-450.0,1.0
1.0,$1/\sqrt{n}$,-450.0,1.0
1.0,$1/\sqrt{n}$,-450.0,1.0
1.0,$1/\sqrt{n}$,-450.0,1.0
1.0,$1/\sqrt{n}$,-450.0,1.0
1.0,$1/\sqrt{n}$,-450.0,1.0
14.0,$1/\sqrt{n}$,-382.0,0.5428571428571428
14.0,$1/\sqrt{n}$,-382.0,0.006349206349206349
1.0,$1/\sqrt{n}$,-450.0,1.0
1.0,$1/\sqrt{n}$,-450.0,1.0
1.0,$1/\sqrt{n}$,-450.0,1.0
1.0,$1/\sqrt{n}$,-450.0,1.0
168.0,$1/\sqrt{n}$,-378.0,0.4901587301587301
1.0,$1/\sqrt{n}$,-450.0,1.0
1.0,$1/\sqrt{n}$,-450.0,1.0
1.0,$1/\sqrt{n}$,-450.0,1.0
1.0,$1/\sqrt{n}$,-450.0,1.0
1.0,$1/\sqrt{n}$,-450.0,1.0
14.0,$1/\sqrt{n}$,-386.0,0.36190476190476195
1.0,$1/\sqrt{n}$,-450.0,1.0
1.0,$1/\sqrt{n}$,-450.0,1.0
14.0,$1/\sqrt{n}$,-386.0,0.04761904761904762
1.0,$1/\sqrt{n}$,-450.0,1.0
1.0,$1/\sqrt{n}$,-450.0,1.0
1.0,$1/\sqrt{n}$,-390.0,0.2
1.0,$1/\sqrt{n}$,-450.0,1.0
1.0,$1/\sqrt{n}$,-390.0,0.2
1.0,$1/\sqrt{n}$,-450.0,1.0
1.0,$1/\sqrt{n}$,-450.0,1.0
1.0,$1/\sqrt{n}$,-450.0,1.0
14.0,$1/\sqrt{n}$,-378.0,0.4571428571428572
14.0,$1/\sqrt{n}$,-382.0,0.2952380952380952
1.0,$1/\sqrt{n}$,-450.0,1.0
1.0,$1/\sqrt{n}$,-450.0,1.0
1.0,$1/\sqrt{n}$,-390.0,0.06666666666666667
1.0,$1/\sqrt{n}$,-450.0,1.0
1.0,$1/\sqrt{n}$,-450.0,1.0
1.0,$1/\sqrt{n}$,-450.0,1.0
1.0,$1/\sqrt{n}$,-450.0,1.0
1.0,$1/\sqrt{n}$,-450.0,1.0
1.0,$1/\sqrt{n}$,-450.0,1.0
1.0,$1/\sqrt{n}$,-450.0,1.0
1.0,$1/\sqrt{n}$,-450.0,1.0
1.0,$1/\sqrt{n}$,-450.0,1.0
1.0,$1/\sqrt{n}$,-450.0,1.0
1.0,$1/\sqrt{n}$,-390.0,0.2
1.0,$1/\sqrt{n}$,-450.0,1.0
1.0,$1/\sqrt{n}$,-390.0,0.6
1.0,$1/\sqrt{n}$,-450.0,1.0
1.0,$1/\sqrt{n}$,-450.0,1.0
1.0,$1/\sqrt{n}$,-450.0,1.0
14.0,$1/\sqrt{n}$,-386.0,0.2571428571428572
1.0,$1/\sqrt{n}$,-450.0,1.0
1.0,$1/\sqrt{n}$,-450.0,1.0
1.0,$1/\sqrt{n}$,-450.0,1.0
1.0,$1/\sqrt{n}$,-450.0,1.0
1.0,$1/\sqrt{n}$,-450.0,1.0
1.0,$1/\sqrt{n}$,-450.0,1.0
1.0,$1/\sqrt{n}$,-450.0,1.0
1.0,$1/\sqrt{n}$,-450.0,1.0
1.0,$1/\sqrt{n}$,-450.0,1.0
1.0,$1/\sqrt{n}$,-450.0,1.0
1.0,$1/\sqrt{n}$,-450.0,1.0
1.0,$1/\sqrt{n}$,-450.0,1.0
1.0,$1/\sqrt{n}$,-450.0,1.0
1.0,$1/\sqrt{n}$,-450.0,1.0
1.0,$1/\sqrt{n}$,-450.0,1.0
14.0,$1/\sqrt{n}$,-382.0,0.10476190476190475
1.0,$1/\sqrt{n}$,-450.0,1.0
1.0,$1/\sqrt{n}$,-390.0,0.06666666666666667
1.0,$1/\sqrt{n}$,-450.0,1.0
1.0,$1/\sqrt{n}$,-450.0,1.0
1.0,$1/\sqrt{n}$,-450.0,1.0
1.0,$1/\sqrt{n}$,-450.0,1.0
1.0,$1/\sqrt{n}$,-450.0,1.0
1.0,$1/\sqrt{n}$,-450.0,1.0
1.0,$1/\sqrt{n}$,-390.0,0.2
1.0,$1/\sqrt{n}$,-450.0,1.0
1.0,$1/\sqrt{n}$,-450.0,1.0
1.0,$1/\sqrt{n}$,-450.0,1.0
1.0,$1/\sqrt{n}$,-450.0,1.0
1.0,$1/\sqrt{n}$,-450.0,1.0
14.0,$1/\sqrt{n}$,-378.0,0.28571428571428575
14.0,$1/\sqrt{n}$,-374.0,0.18095238095238098
14.0,$1/\sqrt{n}$,-386.0,0.10476190476190475
14.0,$1/\sqrt{n}$,-386.0,0.18095238095238098
14.0,$1/\sqrt{n}$,-386.0,0.2666666666666667
1.0,$1/\sqrt{n}$,-450.0,1.0
1.0,$1/\sqrt{n}$,-450.0,1.0
14.0,$1/\sqrt{n}$,-382.0,0.31428571428571433
1.0,$1/\sqrt{n}$,-450.0,1.0
1.0,$1/\sqrt{n}$,-450.0,1.0
1.0,$1/\sqrt{n}$,-450.0,1.0
1.0,$1/\sqrt{n}$,-450.0,1.0
1.0,$1/\sqrt{n}$,-450.0,1.0
1.0,$1/\sqrt{n}$,-450.0,1.0
1.0,$1/\sqrt{n}$,-450.0,1.0
1.0,$1/\sqrt{n}$,-450.0,1.0
1.0,$1/\sqrt{n}$,-390.0,0.4666666666666667
1.0,$1/\sqrt{n}$,-450.0,1.0
1.0,$1/\sqrt{n}$,-450.0,1.0
1.0,$1/\sqrt{n}$,-450.0,1.0
1.0,$1/\sqrt{n}$,-450.0,1.0
1.0,$1/\sqrt{n}$,-450.0,1.0
14.0,$1/\sqrt{n}$,-378.0,0.37142857142857144
14.0,$1/\sqrt{n}$,-382.0,0.05714285714285715
1.0,$1/\sqrt{n}$,-450.0,1.0
1.0,$1/\sqrt{n}$,-450.0,1.0
1.0,$1/\sqrt{n}$,-450.0,1.0
1.0,$1/\sqrt{n}$,-450.0,1.0
14.0,$1/\sqrt{n}$,-370.0,0.1142857142857143
1.0,$1/\sqrt{n}$,-450.0,1.0
1.0,$1/\sqrt{n}$,-450.0,1.0
1.0,$1/\sqrt{n}$,-450.0,1.0
1.0,$1/\sqrt{n}$,-390.0,0.2
1.0,$1/\sqrt{n}$,-450.0,1.0
1.0,$1/\sqrt{n}$,-450.0,1.0
1.0,$1/\sqrt{n}$,-450.0,1.0
14.0,$1/\sqrt{n}$,-382.0,0.08571428571428572
1.0,$1/\sqrt{n}$,-450.0,1.0
1.0,$1/\sqrt{n}$,-450.0,1.0
1.0,$1/\sqrt{n}$,-450.0,1.0
1.0,$1/\sqrt{n}$,-450.0,1.0
1.0,$1/\sqrt{n}$,-450.0,1.0
1.0,$1/\sqrt{n}$,-450.0,1.0
1.0,$1/\sqrt{n}$,-450.0,1.0
1.0,$1/\sqrt{n}$,-390.0,0.2
1.0,$1/\sqrt{n}$,-450.0,1.0
1.0,$1/\sqrt{n}$,-450.0,1.0
1.0,$1/\sqrt{n}$,-450.0,1.0
1.0,$1/\sqrt{n}$,-450.0,1.0
1.0,$1/\sqrt{n}$,-450.0,1.0
1.0,$1/\sqrt{n}$,-450.0,1.0
1.0,$1/\sqrt{n}$,-450.0,1.0
1.0,$1/\sqrt{n}$,-450.0,1.0
1.0,$1/\sqrt{n}$,-450.0,1.0
1.0,$1/\sqrt{n}$,-450.0,1.0
1.0,$1/\sqrt{n}$,-450.0,1.0
1.0,$1/\sqrt{n}$,-390.0,0.3333333333333333
14.0,$1/\sqrt{n}$,-366.0,0.22857142857142856
1.0,$1/\sqrt{n}$,-450.0,1.0
168.0,$1/\sqrt{n}$,-382.0,0.2615873015873016
1.0,$1/\sqrt{n}$,-450.0,1.0
1.0,$1/\sqrt{n}$,-450.0,1.0
1.0,$1/\sqrt{n}$,-390.0,0.2
1.0,$1/\sqrt{n}$,-450.0,1.0
1.0,$1/\sqrt{n}$,-450.0,1.0
1.0,$1/\sqrt{n}$,-450.0,1.0
1.0,$1/\sqrt{n}$,-450.0,1.0
1.0,$1/\sqrt{n}$,-450.0,1.0
1.0,$1/\sqrt{n}$,-450.0,1.0
1.0,$1/\sqrt{n}$,-390.0,0.2
1.0,$1/\sqrt{n}$,-450.0,1.0
1.0,$1/\sqrt{n}$,-450.0,1.0
14.0,$1/\sqrt{n}$,-386.0,0.09523809523809523
1.0,$1/\sqrt{n}$,-450.0,1.0
1.0,$1/\sqrt{n}$,-450.0,1.0
1.0,$1/\sqrt{n}$,-450.0,1.0
1.0,$1/\sqrt{n}$,-450.0,1.0
1.0,$1/\sqrt{n}$,-450.0,1.0
1.0,$1/\sqrt{n}$,-450.0,1.0
14.0,$1/\sqrt{n}$,-386.0,0.6095238095238097
1.0,$1/\sqrt{n}$,-450.0,1.0
1.0,$1/\sqrt{n}$,-450.0,1.0
1.0,$1/\sqrt{n}$,-450.0,1.0
1.0,$1/\sqrt{n}$,-450.0,1.0
1.0,$1/\sqrt{n}$,-450.0,1.0
1.0,$1/\sqrt{n}$,-450.0,1.0
1.0,$1/\sqrt{n}$,-450.0,1.0
1.0,$1/\sqrt{n}$,-450.0,1.0
1.0,$1/\sqrt{n}$,-390.0,0.2
1.0,$1/\sqrt{n}$,-450.0,1.0
14.0,$1/\sqrt{n}$,-374.0,0.02857142857142856
1.0,$1/\sqrt{n}$,-450.0,1.0
1.0,$1/\sqrt{n}$,-450.0,1.0
1.0,$1/\sqrt{n}$,-450.0,1.0
1.0,$1/\sqrt{n}$,-390.0,0.06666666666666667
1.0,$1/\sqrt{n}$,-450.0,1.0
1.0,$1/\sqrt{n}$,-450.0,1.0
1.0,$1/\sqrt{n}$,-450.0,1.0
1.0,$1/\sqrt{n}$,-450.0,1.0
1.0,$1/\sqrt{n}$,-390.0,0.2
1.0,$1/\sqrt{n}$,-450.0,1.0
1.0,$1/\sqrt{n}$,-450.0,1.0
1.0,$1/\sqrt{n}$,-450.0,1.0
1.0,$1/\sqrt{n}$,-450.0,1.0
1.0,$1/\sqrt{n}$,-450.0,1.0
1.0,$1/\sqrt{n}$,-450.0,1.0
1.0,$1/\sqrt{n}$,-450.0,1.0
1.0,$1/\sqrt{n}$,-450.0,1.0
14.0,$1/\sqrt{n}$,-374.0,0.13333333333333333
1.0,$1/\sqrt{n}$,-450.0,1.0
1.0,$1/\sqrt{n}$,-450.0,1.0
1.0,$1/\sqrt{n}$,-450.0,1.0
1.0,$1/\sqrt{n}$,-450.0,1.0
1.0,$1/\sqrt{n}$,-450.0,1.0
1.0,$1/\sqrt{n}$,-450.0,1.0
1.0,$1/\sqrt{n}$,-450.0,1.0
1.0,$1/\sqrt{n}$,-450.0,1.0
1.0,$1/\sqrt{n}$,-450.0,1.0
14.0,$1/\sqrt{n}$,-386.0,0.20952380952380947
1.0,$1/\sqrt{n}$,-450.0,1.0
1.0,$1/\sqrt{n}$,-450.0,1.0
1.0,$1/\sqrt{n}$,-450.0,1.0
1.0,$1/\sqrt{n}$,-450.0,1.0
1.0,$1/\sqrt{n}$,-450.0,1.0
1.0,$1/\sqrt{n}$,-450.0,1.0
1.0,$1/\sqrt{n}$,-450.0,1.0
1.0,$1/\sqrt{n}$,-450.0,1.0
1.0,$1/\sqrt{n}$,-390.0,0.3333333333333333
1.0,$1/\sqrt{n}$,-450.0,1.0
14.0,$1/\sqrt{n}$,-382.0,0.17142857142857143
14.0,$1/\sqrt{n}$,-386.0,0.21904761904761896
1.0,$1/\sqrt{n}$,-450.0,1.0
1.0,$1/\sqrt{n}$,-450.0,1.0
1.0,$1/\sqrt{n}$,-450.0,1.0
14.0,$1/\sqrt{n}$,-382.0,0.1333333333333333
1.0,$1/\sqrt{n}$,-450.0,1.0
1.0,$1/\sqrt{n}$,-390.0,0.2
1.0,$1/\sqrt{n}$,-450.0,1.0
1.0,$1/\sqrt{n}$,-450.0,1.0
1.0,$1/\sqrt{n}$,-450.0,1.0
1.0,$1/\sqrt{n}$,-450.0,1.0
1.0,$1/\sqrt{n}$,-450.0,1.0
1.0,$1/\sqrt{n}$,-450.0,1.0
1.0,$1/\sqrt{n}$,-450.0,1.0
1.0,$1/\sqrt{n}$,-450.0,1.0
1.0,$1/\sqrt{n}$,-450.0,1.0
1.0,$1/\sqrt{n}$,-450.0,1.0
1.0,$1/\sqrt{n}$,-450.0,1.0
1.0,$1/\sqrt{n}$,-450.0,1.0
1.0,$1/\sqrt{n}$,-450.0,1.0
1.0,$1/\sqrt{n}$,-450.0,1.0
1.0,$1/\sqrt{n}$,-450.0,1.0
1.0,$1/\sqrt{n}$,-390.0,0.3333333333333333
1.0,$1/\sqrt{n}$,-450.0,1.0
1.0,$1/\sqrt{n}$,-450.0,1.0
1.0,$1/\sqrt{n}$,-450.0,1.0
1.0,$1/\sqrt{n}$,-450.0,1.0
1.0,$1/\sqrt{n}$,-450.0,1.0
1.0,$1/\sqrt{n}$,-450.0,1.0
1.0,$1/\sqrt{n}$,-450.0,1.0
1.0,$1/\sqrt{n}$,-450.0,1.0
14.0,$1/\sqrt{n}$,-374.0,0.46666666666666673
1.0,$1/\sqrt{n}$,-450.0,1.0
1.0,$1/\sqrt{n}$,-450.0,1.0
1.0,$1/\sqrt{n}$,-450.0,1.0
1.0,$1/\sqrt{n}$,-450.0,1.0
1.0,$1/\sqrt{n}$,-450.0,1.0
1.0,$1/\sqrt{n}$,-450.0,1.0
14.0,$1/\sqrt{n}$,-378.0,0.27619047619047626
1.0,$1/\sqrt{n}$,-450.0,1.0
14.0,$1/{n^{1/3}}$,-382.0,0.09523809523809523
1.0,$1/{n^{1/3}}$,-450.0,1.0
7.0,$1/{n^{1/3}}$,-398.0,0.6825396825396826
1.0,$1/{n^{1/3}}$,-390.0,0.7333333333333333
1.0,$1/{n^{1/3}}$,-450.0,1.0
3.0,$1/{n^{1/3}}$,-414.0,0.84
1.0,$1/{n^{1/3}}$,-450.0,1.0
1.0,$1/{n^{1/3}}$,-390.0,0.2
10.0,$1/{n^{1/3}}$,-386.0,0.2755555555555556
1.0,$1/{n^{1/3}}$,-450.0,1.0
1.0,$1/{n^{1/3}}$,-450.0,1.0
1.0,$1/{n^{1/3}}$,-450.0,1.0
1.0,$1/{n^{1/3}}$,-450.0,1.0
1.0,$1/{n^{1/3}}$,-450.0,1.0
1.0,$1/{n^{1/3}}$,-450.0,1.0
1.0,$1/{n^{1/3}}$,-450.0,1.0
14.0,$1/{n^{1/3}}$,-386.0,0.009523809523809523
14.0,$1/{n^{1/3}}$,-382.0,0.14285714285714285
1.0,$1/{n^{1/3}}$,-450.0,1.0
1.0,$1/{n^{1/3}}$,-390.0,0.2
144.0,$1/{n^{1/3}}$,-362.0,0.21333333333333332
5.0,$1/{n^{1/3}}$,-386.0,0.011555555555555555
1.0,$1/{n^{1/3}}$,-450.0,1.0
9.0,$1/{n^{1/3}}$,-394.0,0.68
105.0,$1/{n^{1/3}}$,-382.0,0.05007407407407407
1.0,$1/{n^{1/3}}$,-450.0,1.0
140.0,$1/{n^{1/3}}$,-382.0,0.4012698412698412
14.0,$1/{n^{1/3}}$,-386.0,0.20952380952380947
1.0,$1/{n^{1/3}}$,-450.0,1.0
20.0,$1/{n^{1/3}}$,-378.0,0.33066666666666666
1.0,$1/{n^{1/3}}$,-450.0,1.0
1.0,$1/{n^{1/3}}$,-450.0,1.0
1.0,$1/{n^{1/3}}$,-450.0,1.0
7.0,$1/{n^{1/3}}$,-406.0,0.8133333333333334
1.0,$1/{n^{1/3}}$,-450.0,1.0
1.0,$1/{n^{1/3}}$,-390.0,0.4666666666666667
1.0,$1/{n^{1/3}}$,-450.0,1.0
1.0,$1/{n^{1/3}}$,-450.0,1.0
1.0,$1/{n^{1/3}}$,-450.0,1.0
112.0,$1/{n^{1/3}}$,-374.0,0.3164285714285714
1.0,$1/{n^{1/3}}$,-406.0,0.84
1.0,$1/{n^{1/3}}$,-450.0,1.0
1.0,$1/{n^{1/3}}$,-450.0,1.0
1.0,$1/{n^{1/3}}$,-450.0,1.0
1.0,$1/{n^{1/3}}$,-390.0,0.3333333333333333
1.0,$1/{n^{1/3}}$,-450.0,1.0
8.0,$1/{n^{1/3}}$,-382.0,0.18888888888888888
1.0,$1/{n^{1/3}}$,-450.0,1.0
6.0,$1/{n^{1/3}}$,-386.0,0.41777777777777775
1.0,$1/{n^{1/3}}$,-450.0,1.0
1.0,$1/{n^{1/3}}$,-450.0,1.0
1.0,$1/{n^{1/3}}$,-450.0,1.0
1.0,$1/{n^{1/3}}$,-450.0,1.0
1.0,$1/{n^{1/3}}$,-450.0,1.0
18.0,$1/{n^{1/3}}$,-386.0,0.39999999999999997
1.0,$1/{n^{1/3}}$,-450.0,1.0
1.0,$1/{n^{1/3}}$,-450.0,1.0
1.0,$1/{n^{1/3}}$,-450.0,1.0
1.0,$1/{n^{1/3}}$,-390.0,0.4666666666666667
1.0,$1/{n^{1/3}}$,-450.0,1.0
1.0,$1/{n^{1/3}}$,-450.0,1.0
1.0,$1/{n^{1/3}}$,-450.0,1.0
84.0,$1/{n^{1/3}}$,-378.0,0.38190476190476197
1.0,$1/{n^{1/3}}$,-450.0,1.0
1.0,$1/{n^{1/3}}$,-390.0,0.06666666666666667
1.0,$1/{n^{1/3}}$,-450.0,1.0
1.0,$1/{n^{1/3}}$,-450.0,1.0
1.0,$1/{n^{1/3}}$,-450.0,1.0
1.0,$1/{n^{1/3}}$,-450.0,1.0
12.0,$1/{n^{1/3}}$,-386.0,0.2666666666666667
1.0,$1/{n^{1/3}}$,-450.0,1.0
1.0,$1/{n^{1/3}}$,-450.0,1.0
1.0,$1/{n^{1/3}}$,-390.0,0.2
1.0,$1/{n^{1/3}}$,-450.0,1.0
1.0,$1/{n^{1/3}}$,-450.0,1.0
21.0,$1/{n^{1/3}}$,-386.0,0.4044444444444445
1.0,$1/{n^{1/3}}$,-450.0,1.0
1.0,$1/{n^{1/3}}$,-450.0,1.0
1.0,$1/{n^{1/3}}$,-450.0,1.0
1.0,$1/{n^{1/3}}$,-450.0,1.0
1.0,$1/{n^{1/3}}$,-450.0,1.0
10.0,$1/{n^{1/3}}$,-382.0,0.06933333333333333
1.0,$1/{n^{1/3}}$,-450.0,1.0
30.0,$1/{n^{1/3}}$,-378.0,0.28444444444444444
1.0,$1/{n^{1/3}}$,-390.0,0.2
1.0,$1/{n^{1/3}}$,-450.0,1.0
1.0,$1/{n^{1/3}}$,-450.0,1.0
1.0,$1/{n^{1/3}}$,-450.0,1.0
1.0,$1/{n^{1/3}}$,-450.0,1.0
1.0,$1/{n^{1/3}}$,-450.0,1.0
1.0,$1/{n^{1/3}}$,-410.0,0.8577777777777778
1.0,$1/{n^{1/3}}$,-450.0,1.0
1.0,$1/{n^{1/3}}$,-450.0,1.0
10.0,$1/{n^{1/3}}$,-386.0,0.26666666666666666
1.0,$1/{n^{1/3}}$,-390.0,0.3333333333333333
1.0,$1/{n^{1/3}}$,-450.0,1.0
1.0,$1/{n^{1/3}}$,-390.0,0.4666666666666667
6.0,$1/{n^{1/3}}$,-386.0,0.2844444444444444
1.0,$1/{n^{1/3}}$,-450.0,1.0
1.0,$1/{n^{1/3}}$,-450.0,1.0
1.0,$1/{n^{1/3}}$,-390.0,0.06666666666666667
120.0,$1/{n^{1/3}}$,-370.0,0.11555555555555556
1.0,$1/{n^{1/3}}$,-450.0,1.0
1.0,$1/{n^{1/3}}$,-450.0,1.0
1.0,$1/{n^{1/3}}$,-450.0,1.0
1.0,$1/{n^{1/3}}$,-450.0,1.0
1.0,$1/{n^{1/3}}$,-450.0,1.0
1.0,$1/{n^{1/3}}$,-450.0,1.0
1.0,$1/{n^{1/3}}$,-450.0,1.0
1.0,$1/{n^{1/3}}$,-450.0,1.0
1.0,$1/{n^{1/3}}$,-450.0,1.0
7.0,$1/{n^{1/3}}$,-406.0,0.8133333333333332
1.0,$1/{n^{1/3}}$,-450.0,1.0
12.0,$1/{n^{1/3}}$,-390.0,0.6488888888888888
1.0,$1/{n^{1/3}}$,-450.0,1.0
1.0,$1/{n^{1/3}}$,-450.0,1.0
7.0,$1/{n^{1/3}}$,-406.0,0.8133333333333334
6.0,$1/{n^{1/3}}$,-394.0,0.6311111111111112
1.0,$1/{n^{1/3}}$,-450.0,1.0
1.0,$1/{n^{1/3}}$,-450.0,1.0
60.0,$1/{n^{1/3}}$,-374.0,0.0797037037037037
1.0,$1/{n^{1/3}}$,-450.0,1.0
1.0,$1/{n^{1/3}}$,-450.0,1.0
1.0,$1/{n^{1/3}}$,-450.0,1.0
1.0,$1/{n^{1/3}}$,-450.0,1.0
1.0,$1/{n^{1/3}}$,-450.0,1.0
1.0,$1/{n^{1/3}}$,-390.0,0.2
126.0,$1/{n^{1/3}}$,-374.0,0.2501587301587302
1.0,$1/{n^{1/3}}$,-390.0,0.4666666666666667
21.0,$1/{n^{1/3}}$,-386.0,0.26222222222222225
1.0,$1/{n^{1/3}}$,-450.0,1.0
1.0,$1/{n^{1/3}}$,-450.0,1.0
1.0,$1/{n^{1/3}}$,-450.0,1.0
1.0,$1/{n^{1/3}}$,-450.0,1.0
1.0,$1/{n^{1/3}}$,-450.0,1.0
1.0,$1/{n^{1/3}}$,-450.0,1.0
21.0,$1/{n^{1/3}}$,-386.0,0.4044444444444445
1.0,$1/{n^{1/3}}$,-450.0,1.0
1.0,$1/{n^{1/3}}$,-390.0,0.3333333333333333
1.0,$1/{n^{1/3}}$,-450.0,1.0
1.0,$1/{n^{1/3}}$,-450.0,1.0
1.0,$1/{n^{1/3}}$,-450.0,1.0
3.0,$1/{n^{1/3}}$,-382.0,0.1822222222222222
14.0,$1/{n^{1/3}}$,-386.0,0.4952380952380952
1.0,$1/{n^{1/3}}$,-450.0,1.0
1.0,$1/{n^{1/3}}$,-450.0,1.0
1.0,$1/{n^{1/3}}$,-450.0,1.0
1.0,$1/{n^{1/3}}$,-450.0,1.0
6.0,$1/{n^{1/3}}$,-374.0,0.15555555555555556
1.0,$1/{n^{1/3}}$,-450.0,1.0
2.0,$1/{n^{1/3}}$,-406.0,0.7555555555555555
1.0,$1/{n^{1/3}}$,-450.0,1.0
35.0,$1/{n^{1/3}}$,-382.0,0.6190476190476191
1.0,$1/{n^{1/3}}$,-450.0,1.0
1.0,$1/{n^{1/3}}$,-450.0,1.0
1.0,$1/{n^{1/3}}$,-450.0,1.0
1.0,$1/{n^{1/3}}$,-450.0,1.0
1.0,$1/{n^{1/3}}$,-450.0,1.0
1.0,$1/{n^{1/3}}$,-390.0,0.3333333333333333
1.0,$1/{n^{1/3}}$,-450.0,1.0
1.0,$1/{n^{1/3}}$,-450.0,1.0
1.0,$1/{n^{1/3}}$,-450.0,1.0
68.0,$1/{n^{1/3}}$,-378.0,0.4972549019607843
1.0,$1/{n^{1/3}}$,-450.0,1.0
1.0,$1/{n^{1/3}}$,-450.0,1.0
24.0,$1/{n^{1/3}}$,-378.0,0.35333333333333333
1.0,$1/{n^{1/3}}$,-450.0,1.0
1.0,$1/{n^{1/3}}$,-390.0,0.4666666666666667
1.0,$1/{n^{1/3}}$,-450.0,1.0
1.0,$1/{n^{1/3}}$,-390.0,0.06666666666666667
1.0,$1/{n^{1/3}}$,-450.0,1.0
15.0,$1/{n^{1/3}}$,-382.0,0.20177777777777778
1.0,$1/{n^{1/3}}$,-450.0,1.0
1.0,$1/{n^{1/3}}$,-450.0,1.0
1.0,$1/{n^{1/3}}$,-390.0,0.06666666666666667
42.0,$1/{n^{1/3}}$,-382.0,0.4681481481481481
1.0,$1/{n^{1/3}}$,-450.0,1.0
1.0,$1/{n^{1/3}}$,-450.0,1.0
10.0,$1/{n^{1/3}}$,-386.0,0.023111111111111114
1.0,$1/{n^{1/3}}$,-450.0,1.0
1.0,$1/{n^{1/3}}$,-450.0,1.0
1.0,$1/{n^{1/3}}$,-450.0,1.0
1.0,$1/{n^{1/3}}$,-450.0,1.0
1.0,$1/{n^{1/3}}$,-450.0,1.0
483.0,$1/{n^{1/3}}$,-366.0,0.3364067172762825
1.0,$1/{n^{1/3}}$,-450.0,1.0
1.0,$1/{n^{1/3}}$,-390.0,0.06666666666666667
1.0,$1/{n^{1/3}}$,-390.0,0.2
1.0,$1/{n^{1/3}}$,-450.0,1.0
42.0,$1/{n^{1/3}}$,-370.0,0.02666666666666667
1.0,$1/{n^{1/3}}$,-450.0,1.0
1.0,$1/{n^{1/3}}$,-450.0,1.0
1.0,$1/{n^{1/3}}$,-450.0,1.0
24.0,$1/{n^{1/3}}$,-378.0,0.04222222222222222
1.0,$1/{n^{1/3}}$,-450.0,1.0
40.0,$1/{n^{1/3}}$,-378.0,0.16333333333333336
12.0,$1/{n^{1/3}}$,-378.0,0.26000000000000006
1.0,$1/{n^{1/3}}$,-450.0,1.0
1.0,$1/{n^{1/3}}$,-450.0,1.0
7.0,$1/{n^{1/3}}$,-382.0,0.2533333333333333
1.0,$1/{n^{1/3}}$,-390.0,0.06666666666666667
1.0,$1/{n^{1/3}}$,-390.0,0.06666666666666667
1.0,$1/{n^{1/3}}$,-450.0,1.0
1.0,$1/{n^{1/3}}$,-450.0,1.0
1.0,$1/{n^{1/3}}$,-450.0,1.0
1.0,$1/{n^{1/3}}$,-450.0,1.0
1.0,$1/{n^{1/3}}$,-450.0,1.0
10.0,$1/{n^{1/3}}$,-386.0,0.12444444444444444
1.0,$1/{n^{1/3}}$,-390.0,0.2
20.0,$1/{n^{1/3}}$,-386.0,0.019999999999999997
1.0,$1/{n^{1/3}}$,-450.0,1.0
1.0,$1/{n^{1/3}}$,-450.0,1.0
1.0,$1/{n^{1/3}}$,-450.0,1.0
1.0,$1/{n^{1/3}}$,-450.0,1.0
36.0,$1/{n^{1/3}}$,-374.0,0.3666666666666666
6.0,$1/{n^{1/3}}$,-382.0,0.3155555555555556
2.0,$1/{n^{1/3}}$,-406.0,0.7555555555555555
8.0,$1/{n^{1/3}}$,-382.0,0.5555555555555556
152.0,$1/{n^{1/3}}$,-378.0,0.26947368421052625
1.0,$1/{n^{1/3}}$,-390.0,0.4666666666666667
1.0,$1/{n^{1/3}}$,-450.0,1.0
1.0,$1/{n^{1/3}}$,-450.0,1.0
1.0,$1/{n^{1/3}}$,-450.0,1.0
1.0,$1/{n^{1/3}}$,-390.0,0.06666666666666667
6.0,$1/{n^{1/3}}$,-382.0,0.40444444444444444
1.0,$1/{n^{1/3}}$,-450.0,1.0
1.0,$1/{n^{1/3}}$,-450.0,1.0
8.0,$1/{n^{1/3}}$,-402.0,0.7955555555555556
7.0,$1/{n^{1/3}}$,-398.0,0.6825396825396826
1.0,$1/{n^{1/3}}$,-450.0,1.0
1002.0,$1/{n^{1/3}}$,-370.0,0.08444444444444445
10.0,$1/{n^{1/3}}$,-386.0,0.2577777777777778
8.0,$1/{n^{1/3}}$,-382.0,0.08444444444444443
3.0,$1/{n^{1/3}}$,-386.0,0.22666666666666666
5.0,$1/{n^{1/3}}$,-386.0,0.027555555555555555
6.0,$1/{n^{1/3}}$,-398.0,0.7199999999999999
1.0,$1/{n^{1/3}}$,-390.0,0.2
1.0,$1/{n^{1/3}}$,-450.0,1.0
1.0,$1/{n^{1/3}}$,-450.0,1.0
1.0,$1/{n^{1/3}}$,-410.0,0.8577777777777778
1.0,$1/{n^{1/3}}$,-450.0,1.0
1.0,$1/{n^{1/3}}$,-450.0,1.0
1.0,$1/{n^{1/3}}$,-450.0,1.0
1.0,$1/{n^{1/3}}$,-450.0,1.0
1.0,$1/{n^{1/3}}$,-450.0,1.0
1.0,$1/{n^{1/3}}$,-390.0,0.2
1.0,$1/{n^{1/3}}$,-450.0,1.0
1.0,$1/{n^{1/3}}$,-450.0,1.0
1.0,$1/{n^{1/3}}$,-450.0,1.0
1.0,$1/{n^{1/3}}$,-450.0,1.0
1.0,$1/{n^{1/3}}$,-450.0,1.0
1.0,$1/{n^{1/3}}$,-450.0,1.0
1.0,$1/{n^{1/3}}$,-450.0,1.0
15.0,$1/{n^{1/3}}$,-382.0,0.19407407407407407
6.0,$1/{n^{1/3}}$,-390.0,0.6133333333333333
42.0,$1/{n^{1/3}}$,-382.0,0.38857142857142857
1.0,$1/{n^{1/3}}$,-450.0,1.0
1.0,$1/{n^{1/3}}$,-450.0,1.0
24.0,$1/{n^{1/3}}$,-382.0,0.05777777777777778
1.0,$1/{n^{1/3}}$,-410.0,0.8577777777777778
1.0,$1/{n^{1/3}}$,-450.0,1.0
1.0,$1/{n^{1/3}}$,-450.0,1.0
1.0,$1/{n^{1/3}}$,-390.0,0.3333333333333333
1.0,$1/{n^{1/3}}$,-450.0,1.0
1.0,$1/{n^{1/3}}$,-390.0,0.4666666666666667
1.0,$1/{n^{1/3}}$,-450.0,1.0
1.0,$1/{n^{1/3}}$,-390.0,0.6
1.0,$1/{n^{1/3}}$,-390.0,0.2
1.0,$1/{n^{1/3}}$,-450.0,1.0
1.0,$1/{n^{1/3}}$,-450.0,1.0
5.0,$1/{n^{1/3}}$,-386.0,0.011555555555555557
1.0,$1/{n^{1/3}}$,-450.0,1.0
210.0,$1/{n^{1/3}}$,-378.0,0.5161904761904762
1.0,$1/{n^{1/3}}$,-450.0,1.0
378.0,$1/{n^{1/3}}$,-378.0,0.12839506172839504
1.0,$1/{n^{1/3}}$,-450.0,1.0
1.0,$1/{n^{1/3}}$,-390.0,0.06666666666666667
1.0,$1/{n^{1/3}}$,-390.0,0.3333333333333333
1.0,$1/{n^{1/3}}$,-450.0,1.0
20.0,$1/{n^{1/3}}$,-386.0,0.24888888888888894
18.0,$1/{n^{1/3}}$,-386.0,0.4
1.0,$1/{n^{1/3}}$,-390.0,0.3333333333333333
1.0,$1/{n^{1/3}}$,-450.0,1.0
1.0,$1/{n^{1/3}}$,-450.0,1.0
1.0,$1/{n^{1/3}}$,-450.0,1.0
1.0,$1/{n^{1/3}}$,-410.0,0.8577777777777778
1.0,$1/{n^{1/3}}$,-390.0,0.06666666666666667
14.0,$1/{n^{1/3}}$,-378.0,0.5523809523809523
1.0,$1/{n^{1/3}}$,-450.0,1.0
42.0,$1/{n^{1/3}}$,-382.0,0.5193650793650795
12.0,$1/{n^{1/3}}$,-398.0,0.7466666666666666
1.0,$1/{n^{1/3}}$,-390.0,0.4666666666666667
30.0,$1/{n^{1/3}}$,-370.0,0.23111111111111113
1.0,$1/{n^{1/3}}$,-450.0,1.0
1.0,$1/{n^{1/3}}$,-450.0,1.0
1.0,$1/{n^{1/3}}$,-450.0,1.0
1002.0,$1/{n^{1/3}}$,-374.0,0.022222222222222223
1.0,$1/{n^{1/3}}$,-450.0,1.0
7.0,$1/{n^{1/3}}$,-406.0,0.8133333333333334
1.0,$1/{n^{1/3}}$,-390.0,0.2
1.0,$1/{n^{1/3}}$,-450.0,1.0
1.0,$1/{n^{1/3}}$,-450.0,1.0
1.0,$1/{n^{1/3}}$,-450.0,1.0
1.0,$1/{n^{1/3}}$,-450.0,1.0
1.0,$1/{n^{1/3}}$,-450.0,1.0
4.0,$1/{n^{1/3}}$,-398.0,0.7022222222222223
14.0,$1/{n^{1/3}}$,-386.0,0.4
26.0,$1/{n^{1/3}}$,-398.0,0.6895726495726494
88.0,$1/{n^{1/3}}$,-394.0,0.6957575757575758
1.0,$1/{n^{1/3}}$,-450.0,1.0
1.0,$1/{n^{1/3}}$,-450.0,1.0
26.0,$1/{n^{1/3}}$,-398.0,0.6895726495726494
1.0,$1/{n^{1/3}}$,-450.0,1.0
1.0,$1/{n^{1/3}}$,-450.0,1.0
1.0,$1/{n^{1/3}}$,-450.0,1.0
1.0,$1/{n^{1/3}}$,-450.0,1.0
1.0,$1/{n^{1/3}}$,-450.0,1.0
1.0,$1/{n^{1/3}}$,-450.0,1.0
1.0,$1/{n^{1/3}}$,-450.0,1.0
1.0,$1/{n^{1/3}}$,-390.0,0.4666666666666667
1.0,$1/{n^{1/3}}$,-450.0,1.0
1.0,$1/{n^{1/3}}$,-450.0,1.0
1.0,$1/{n^{1/3}}$,-450.0,1.0
1.0,$1/{n^{1/3}}$,-450.0,1.0
1.0,$1/{n^{1/3}}$,-450.0,1.0
1.0,$1/{n^{1/3}}$,-450.0,1.0
7.0,$1/{n^{1/3}}$,-382.0,0.05904761904761905
1.0,$1/{n^{1/3}}$,-450.0,1.0
20.0,$1/{n^{1/3}}$,-386.0,0.019999999999999997
1.0,$1/{n^{1/3}}$,-390.0,0.06666666666666667
1.0,$1/{n^{1/3}}$,-450.0,1.0
1.0,$1/{n^{1/3}}$,-450.0,1.0
72.0,$1/{n^{1/3}}$,-390.0,0.6444444444444445
1.0,$1/{n^{1/3}}$,-450.0,1.0
1.0,$1/{n^{1/3}}$,-450.0,1.0
1.0,$1/{n^{1/3}}$,-450.0,1.0
1.0,$1/{n^{1/3}}$,-450.0,1.0
1.0,$1/{n^{1/3}}$,-450.0,1.0
10.0,$1/{n^{1/3}}$,-386.0,0.13333333333333333
1.0,$1/{n^{1/3}}$,-450.0,1.0
1.0,$1/{n^{1/3}}$,-450.0,1.0
1.0,$1/{n^{1/3}}$,-450.0,1.0
1.0,$1/{n^{1/3}}$,-450.0,1.0
1.0,$1/{n^{1/3}}$,-450.0,1.0
21.0,$1/{n^{1/3}}$,-386.0,0.016719576719576714
1.0,$1/{n^{1/3}}$,-450.0,1.0
1.0,$1/{n^{1/3}}$,-390.0,0.2
1.0,$1/{n^{1/3}}$,-450.0,1.0
1.0,$1/{n^{1/3}}$,-450.0,1.0
90.0,$1/{n^{1/3}}$,-382.0,0.2
1.0,$1/{n^{1/3}}$,-450.0,1.0
182.0,$1/{n^{1/3}}$,-362.0,0.36820512820512824
6.0,$1/{n^{1/3}}$,-398.0,0.7333333333333334
1.0,$1/{n^{1/3}}$,-450.0,1.0
1.0,$1/{n^{1/3}}$,-450.0,1.0
1.0,$1/{n^{1/3}}$,-390.0,0.4666666666666667
1.0,$1/{n^{1/3}}$,-450.0,1.0
1.0,$1/{n^{1/3}}$,-450.0,1.0
1.0,$1/{n^{1/3}}$,-450.0,1.0
1.0,$1/{n^{1/3}}$,-450.0,1.0
1.0,$1/{n^{1/3}}$,-450.0,1.0
10.0,$1/{n^{1/3}}$,-386.0,0.52
1.0,$1/{n^{1/3}}$,-450.0,1.0
1.0,$1/{n^{1/3}}$,-450.0,1.0
1.0,$1/{n^{1/3}}$,-450.0,1.0
1.0,$1/{n^{1/3}}$,-450.0,1.0
1.0,$1/{n^{1/3}}$,-450.0,1.0
1.0,$1/{n^{1/3}}$,-450.0,1.0
1.0,$1/{n^{1/3}}$,-450.0,1.0
1.0,$1/{n^{1/3}}$,-450.0,1.0
1.0,$1/{n^{1/3}}$,-450.0,1.0
18.0,$1/{n^{1/3}}$,-386.0,0.2666666666666666
1.0,$1/{n^{1/3}}$,-450.0,1.0
35.0,$1/{n^{1/3}}$,-382.0,0.047619047619047616
1.0,$1/{n^{1/3}}$,-450.0,1.0
1.0,$1/{n^{1/3}}$,-450.0,1.0
1.0,$1/{n^{1/3}}$,-450.0,1.0
1.0,$1/{n^{1/3}}$,-450.0,1.0
1.0,$1/{n^{1/3}}$,-450.0,1.0
1.0,$1/{n^{1/3}}$,-450.0,1.0
1.0,$1/{n^{1/3}}$,-450.0,1.0
3.0,$1/{n^{1/3}}$,-414.0,0.84
1.0,$1/{n^{1/3}}$,-450.0,1.0
1.0,$1/{n^{1/3}}$,-390.0,0.2
1.0,$1/{n^{1/3}}$,-450.0,1.0
1.0,$1/{n^{1/3}}$,-450.0,1.0
14.0,$1/{n^{1/3}}$,-386.0,0.48571428571428577
1.0,$1/{n^{1/3}}$,-450.0,1.0
1.0,$1/{n^{1/3}}$,-450.0,1.0
1.0,$1/{n^{1/3}}$,-450.0,1.0
1.0,$1/{n^{1/3}}$,-450.0,1.0
1002.0,$1/{n^{1/3}}$,-374.0,0.30666666666666664
1.0,$1/{n^{1/3}}$,-450.0,1.0
1.0,$1/{n^{1/3}}$,-450.0,1.0
1.0,$1/{n^{1/3}}$,-450.0,1.0
10.0,$1/{n^{1/3}}$,-386.0,0.27999999999999997
1.0,$1/{n^{1/3}}$,-450.0,1.0
1.0,$1/{n^{1/3}}$,-450.0,1.0
1.0,$1/{n^{1/3}}$,-390.0,0.2
1.0,$1/{n^{1/3}}$,-450.0,1.0
14.0,$1/\log^{2}(n)$,-378.0,0.012063492063492064
1.0,$1/\log^{2}(n)$,-450.0,1.0
1.0,$1/\log^{2}(n)$,-450.0,1.0
1.0,$1/\log^{2}(n)$,-450.0,1.0
1.0,$1/\log^{2}(n)$,-450.0,1.0
1.0,$1/\log^{2}(n)$,-450.0,1.0
1.0,$1/\log^{2}(n)$,-450.0,1.0
14.0,$1/\log^{2}(n)$,-354.0,0.3238095238095238
1.0,$1/\log^{2}(n)$,-450.0,1.0
1.0,$1/\log^{2}(n)$,-450.0,1.0
14.0,$1/\log^{2}(n)$,-354.0,0.31428571428571433
1.0,$1/\log^{2}(n)$,-450.0,1.0
1.0,$1/\log^{2}(n)$,-450.0,1.0
1.0,$1/\log^{2}(n)$,-450.0,1.0
1.0,$1/\log^{2}(n)$,-450.0,1.0
1.0,$1/\log^{2}(n)$,-450.0,1.0
1.0,$1/\log^{2}(n)$,-450.0,1.0
1.0,$1/\log^{2}(n)$,-450.0,1.0
1.0,$1/\log^{2}(n)$,-450.0,1.0
1.0,$1/\log^{2}(n)$,-450.0,1.0
1.0,$1/\log^{2}(n)$,-450.0,1.0
14.0,$1/\log^{2}(n)$,-374.0,0.20952380952380953
1.0,$1/\log^{2}(n)$,-450.0,1.0
1.0,$1/\log^{2}(n)$,-450.0,1.0
1.0,$1/\log^{2}(n)$,-450.0,1.0
1.0,$1/\log^{2}(n)$,-450.0,1.0
14.0,$1/\log^{2}(n)$,-366.0,0.20952380952380947
1.0,$1/\log^{2}(n)$,-450.0,1.0
1.0,$1/\log^{2}(n)$,-450.0,1.0
1.0,$1/\log^{2}(n)$,-450.0,1.0
14.0,$1/\log^{2}(n)$,-378.0,0.39999999999999997
14.0,$1/\log^{2}(n)$,-350.0,0.2571428571428571
1.0,$1/\log^{2}(n)$,-450.0,1.0
14.0,$1/\log^{2}(n)$,-362.0,0.3333333333333333
1.0,$1/\log^{2}(n)$,-450.0,1.0
1.0,$1/\log^{2}(n)$,-450.0,1.0
1.0,$1/\log^{2}(n)$,-450.0,1.0
1.0,$1/\log^{2}(n)$,-450.0,1.0
1.0,$1/\log^{2}(n)$,-450.0,1.0
1.0,$1/\log^{2}(n)$,-450.0,1.0
1.0,$1/\log^{2}(n)$,-450.0,1.0
1.0,$1/\log^{2}(n)$,-450.0,1.0
1.0,$1/\log^{2}(n)$,-450.0,1.0
14.0,$1/\log^{2}(n)$,-382.0,0.3333333333333334
1.0,$1/\log^{2}(n)$,-450.0,1.0
1.0,$1/\log^{2}(n)$,-450.0,1.0
1.0,$1/\log^{2}(n)$,-450.0,1.0
1.0,$1/\log^{2}(n)$,-450.0,1.0
1.0,$1/\log^{2}(n)$,-450.0,1.0
14.0,$1/\log^{2}(n)$,-350.0,0.2666666666666667
1.0,$1/\log^{2}(n)$,-450.0,1.0
1.0,$1/\log^{2}(n)$,-450.0,1.0
14.0,$1/\log^{2}(n)$,-358.0,0.020317460317460317
1.0,$1/\log^{2}(n)$,-450.0,1.0
1.0,$1/\log^{2}(n)$,-450.0,1.0
1.0,$1/\log^{2}(n)$,-450.0,1.0
1.0,$1/\log^{2}(n)$,-450.0,1.0
1.0,$1/\log^{2}(n)$,-450.0,1.0
14.0,$1/\log^{2}(n)$,-362.0,0.5142857142857143
14.0,$1/\log^{2}(n)$,-358.0,0.33333333333333337
1.0,$1/\log^{2}(n)$,-450.0,1.0
1.0,$1/\log^{2}(n)$,-450.0,1.0
1.0,$1/\log^{2}(n)$,-450.0,1.0
1.0,$1/\log^{2}(n)$,-450.0,1.0
14.0,$1/\log^{2}(n)$,-370.0,0.12380952380952381
14.0,$1/\log^{2}(n)$,-362.0,0.36190476190476195
1.0,$1/\log^{2}(n)$,-450.0,1.0
14.0,$1/\log^{2}(n)$,-366.0,0.1619047619047619
1.0,$1/\log^{2}(n)$,-450.0,1.0
14.0,$1/\log^{2}(n)$,-358.0,0.2285714285714285
1.0,$1/\log^{2}(n)$,-450.0,1.0
14.0,$1/\log^{2}(n)$,-358.0,0.038095238095238085
1.0,$1/\log^{2}(n)$,-450.0,1.0
14.0,$1/\log^{2}(n)$,-362.0,0.047619047619047616
1.0,$1/\log^{2}(n)$,-450.0,1.0
1.0,$1/\log^{2}(n)$,-450.0,1.0
1.0,$1/\log^{2}(n)$,-450.0,1.0
1.0,$1/\log^{2}(n)$,-450.0,1.0
14.0,$1/\log^{2}(n)$,-354.0,0.2190476190476191
14.0,$1/\log^{2}(n)$,-374.0,0.33333333333333337
1.0,$1/\log^{2}(n)$,-450.0,1.0
1.0,$1/\log^{2}(n)$,-450.0,1.0
1.0,$1/\log^{2}(n)$,-450.0,1.0
1.0,$1/\log^{2}(n)$,-450.0,1.0
14.0,$1/\log^{2}(n)$,-362.0,0.2476190476190476
1.0,$1/\log^{2}(n)$,-450.0,1.0
1.0,$1/\log^{2}(n)$,-450.0,1.0
1.0,$1/\log^{2}(n)$,-450.0,1.0
1.0,$1/\log^{2}(n)$,-450.0,1.0
1.0,$1/\log^{2}(n)$,-450.0,1.0
1.0,$1/\log^{2}(n)$,-450.0,1.0
1.0,$1/\log^{2}(n)$,-450.0,1.0
1.0,$1/\log^{2}(n)$,-450.0,1.0
1.0,$1/\log^{2}(n)$,-450.0,1.0
1.0,$1/\log^{2}(n)$,-450.0,1.0
1.0,$1/\log^{2}(n)$,-450.0,1.0
1.0,$1/\log^{2}(n)$,-450.0,1.0
14.0,$1/\log^{2}(n)$,-374.0,0.24761904761904766
14.0,$1/\log^{2}(n)$,-378.0,0.3142857142857142
14.0,$1/\log^{2}(n)$,-362.0,0.419047619047619
1.0,$1/\log^{2}(n)$,-450.0,1.0
14.0,$1/\log^{2}(n)$,-370.0,0.04761904761904762
14.0,$1/\log^{2}(n)$,-354.0,0.19999999999999998
1.0,$1/\log^{2}(n)$,-450.0,1.0
1.0,$1/\log^{2}(n)$,-450.0,1.0
14.0,$1/\log^{2}(n)$,-370.0,0.06666666666666668
1.0,$1/\log^{2}(n)$,-450.0,1.0
1.0,$1/\log^{2}(n)$,-450.0,1.0
1.0,$1/\log^{2}(n)$,-450.0,1.0
1.0,$1/\log^{2}(n)$,-450.0,1.0
14.0,$1/\log^{2}(n)$,-358.0,0.05714285714285715
1.0,$1/\log^{2}(n)$,-450.0,1.0
1.0,$1/\log^{2}(n)$,-450.0,1.0
1.0,$1/\log^{2}(n)$,-450.0,1.0
1.0,$1/\log^{2}(n)$,-450.0,1.0
1.0,$1/\log^{2}(n)$,-450.0,1.0
1.0,$1/\log^{2}(n)$,-450.0,1.0
14.0,$1/\log^{2}(n)$,-362.0,0.15238095238095237
14.0,$1/\log^{2}(n)$,-358.0,0.2761904761904762
1.0,$1/\log^{2}(n)$,-450.0,1.0
1.0,$1/\log^{2}(n)$,-450.0,1.0
1.0,$1/\log^{2}(n)$,-450.0,1.0
1.0,$1/\log^{2}(n)$,-450.0,1.0
1.0,$1/\log^{2}(n)$,-450.0,1.0
1.0,$1/\log^{2}(n)$,-450.0,1.0
14.0,$1/\log^{2}(n)$,-362.0,0.27619047619047626
1.0,$1/\log^{2}(n)$,-450.0,1.0
1.0,$1/\log^{2}(n)$,-450.0,1.0
1.0,$1/\log^{2}(n)$,-450.0,1.0
1.0,$1/\log^{2}(n)$,-450.0,1.0
1.0,$1/\log^{2}(n)$,-450.0,1.0
1.0,$1/\log^{2}(n)$,-450.0,1.0
1.0,$1/\log^{2}(n)$,-450.0,1.0
1.0,$1/\log^{2}(n)$,-450.0,1.0
1.0,$1/\log^{2}(n)$,-450.0,1.0
1.0,$1/\log^{2}(n)$,-450.0,1.0
14.0,$1/\log^{2}(n)$,-350.0,0.33333333333333337
1.0,$1/\log^{2}(n)$,-450.0,1.0
14.0,$1/\log^{2}(n)$,-366.0,0.3523809523809524
1.0,$1/\log^{2}(n)$,-450.0,1.0
1.0,$1/\log^{2}(n)$,-450.0,1.0
1.0,$1/\log^{2}(n)$,-450.0,1.0
1.0,$1/\log^{2}(n)$,-450.0,1.0
1.0,$1/\log^{2}(n)$,-450.0,1.0
1.0,$1/\log^{2}(n)$,-450.0,1.0
14.0,$1/\log^{2}(n)$,-378.0,0.16190476190476186
1.0,$1/\log^{2}(n)$,-450.0,1.0
1.0,$1/\log^{2}(n)$,-450.0,1.0
1.0,$1/\log^{2}(n)$,-450.0,1.0
1.0,$1/\log^{2}(n)$,-450.0,1.0
1.0,$1/\log^{2}(n)$,-450.0,1.0
1.0,$1/\log^{2}(n)$,-450.0,1.0
1.0,$1/\log^{2}(n)$,-450.0,1.0
14.0,$1/\log^{2}(n)$,-370.0,0.02857142857142857
1.0,$1/\log^{2}(n)$,-450.0,1.0
1.0,$1/\log^{2}(n)$,-450.0,1.0
1.0,$1/\log^{2}(n)$,-450.0,1.0
1.0,$1/\log^{2}(n)$,-450.0,1.0
1.0,$1/\log^{2}(n)$,-450.0,1.0
1.0,$1/\log^{2}(n)$,-450.0,1.0
1.0,$1/\log^{2}(n)$,-450.0,1.0
1.0,$1/\log^{2}(n)$,-450.0,1.0
1.0,$1/\log^{2}(n)$,-450.0,1.0
14.0,$1/\log^{2}(n)$,-350.0,0.2571428571428572
1.0,$1/\log^{2}(n)$,-450.0,1.0
14.0,$1/\log^{2}(n)$,-362.0,0.24761904761904766
1.0,$1/\log^{2}(n)$,-450.0,1.0
1.0,$1/\log^{2}(n)$,-450.0,1.0
1.0,$1/\log^{2}(n)$,-450.0,1.0
14.0,$1/\log^{2}(n)$,-350.0,0.30476190476190473
1.0,$1/\log^{2}(n)$,-450.0,1.0
1.0,$1/\log^{2}(n)$,-450.0,1.0
14.0,$1/\log^{2}(n)$,-366.0,0.15238095238095237
1.0,$1/\log^{2}(n)$,-450.0,1.0
1.0,$1/\log^{2}(n)$,-450.0,1.0
1.0,$1/\log^{2}(n)$,-450.0,1.0
1.0,$1/\log^{2}(n)$,-450.0,1.0
1.0,$1/\log^{2}(n)$,-450.0,1.0
14.0,$1/\log^{2}(n)$,-362.0,0.3619047619047619
1.0,$1/\log^{2}(n)$,-450.0,1.0
1.0,$1/\log^{2}(n)$,-450.0,1.0
1.0,$1/\log^{2}(n)$,-450.0,1.0
1.0,$1/\log^{2}(n)$,-450.0,1.0
1.0,$1/\log^{2}(n)$,-450.0,1.0
1.0,$1/\log^{2}(n)$,-450.0,1.0
1.0,$1/\log^{2}(n)$,-450.0,1.0
1.0,$1/\log^{2}(n)$,-450.0,1.0
1.0,$1/\log^{2}(n)$,-450.0,1.0
1.0,$1/\log^{2}(n)$,-450.0,1.0
1.0,$1/\log^{2}(n)$,-450.0,1.0
14.0,$1/\log^{2}(n)$,-366.0,0.3904761904761905
14.0,$1/\log^{2}(n)$,-358.0,0.4857142857142857
1.0,$1/\log^{2}(n)$,-450.0,1.0
14.0,$1/\log^{2}(n)$,-370.0,0.10476190476190479
1.0,$1/\log^{2}(n)$,-450.0,1.0
14.0,$1/\log^{2}(n)$,-366.0,0.038095238095238085
1.0,$1/\log^{2}(n)$,-450.0,1.0
1.0,$1/\log^{2}(n)$,-450.0,1.0
1.0,$1/\log^{2}(n)$,-450.0,1.0
14.0,$1/\log^{2}(n)$,-378.0,0.3714285714285715
14.0,$1/\log^{2}(n)$,-362.0,0.028571428571428564
1.0,$1/\log^{2}(n)$,-450.0,1.0
1.0,$1/\log^{2}(n)$,-450.0,1.0
1.0,$1/\log^{2}(n)$,-450.0,1.0
1.0,$1/\log^{2}(n)$,-450.0,1.0
1.0,$1/\log^{2}(n)$,-450.0,1.0
1.0,$1/\log^{2}(n)$,-450.0,1.0
1.0,$1/\log^{2}(n)$,-450.0,1.0
14.0,$1/\log^{2}(n)$,-350.0,0.11428571428571425
1.0,$1/\log^{2}(n)$,-450.0,1.0
1.0,$1/\log^{2}(n)$,-450.0,1.0
1.0,$1/\log^{2}(n)$,-450.0,1.0
1.0,$1/\log^{2}(n)$,-450.0,1.0
14.0,$1/\log^{2}(n)$,-362.0,0.21904761904761902
1.0,$1/\log^{2}(n)$,-450.0,1.0
1.0,$1/\log^{2}(n)$,-450.0,1.0
1.0,$1/\log^{2}(n)$,-450.0,1.0
14.0,$1/\log^{2}(n)$,-366.0,0.02857142857142856
1.0,$1/\log^{2}(n)$,-450.0,1.0
1.0,$1/\log^{2}(n)$,-450.0,1.0
1.0,$1/\log^{2}(n)$,-450.0,1.0
1.0,$1/\log^{2}(n)$,-450.0,1.0
1.0,$1/\log^{2}(n)$,-450.0,1.0
14.0,$1/\log^{2}(n)$,-362.0,0.02857142857142856
1.0,$1/\log^{2}(n)$,-450.0,1.0
1.0,$1/\log^{2}(n)$,-450.0,1.0
1.0,$1/\log^{2}(n)$,-450.0,1.0
14.0,$1/\log^{2}(n)$,-358.0,0.24761904761904763
1.0,$1/\log^{2}(n)$,-450.0,1.0
1.0,$1/\log^{2}(n)$,-450.0,1.0
14.0,$1/\log^{2}(n)$,-362.0,0.2380952380952381
14.0,$1/\log^{2}(n)$,-358.0,0.219047619047619
14.0,$1/\log^{2}(n)$,-378.0,0.06666666666666667
1.0,$1/\log^{2}(n)$,-450.0,1.0
14.0,$1/\log^{2}(n)$,-366.0,0.038095238095238085
1.0,$1/\log^{2}(n)$,-450.0,1.0
1.0,$1/\log^{2}(n)$,-450.0,1.0
1.0,$1/\log^{2}(n)$,-450.0,1.0
1.0,$1/\log^{2}(n)$,-450.0,1.0
1.0,$1/\log^{2}(n)$,-450.0,1.0
1.0,$1/\log^{2}(n)$,-450.0,1.0
1.0,$1/\log^{2}(n)$,-450.0,1.0
14.0,$1/\log^{2}(n)$,-358.0,0.1619047619047619
14.0,$1/\log^{2}(n)$,-350.0,0.419047619047619
14.0,$1/\log^{2}(n)$,-346.0,0.017777777777777778
1.0,$1/\log^{2}(n)$,-450.0,1.0
14.0,$1/\log^{2}(n)$,-354.0,0.12380952380952381
1.0,$1/\log^{2}(n)$,-450.0,1.0
1.0,$1/\log^{2}(n)$,-450.0,1.0
1.0,$1/\log^{2}(n)$,-450.0,1.0
1.0,$1/\log^{2}(n)$,-450.0,1.0
1.0,$1/\log^{2}(n)$,-450.0,1.0
1.0,$1/\log^{2}(n)$,-450.0,1.0
1.0,$1/\log^{2}(n)$,-450.0,1.0
1.0,$1/\log^{2}(n)$,-450.0,1.0
1.0,$1/\log^{2}(n)$,-450.0,1.0
1.0,$1/\log^{2}(n)$,-450.0,1.0
1.0,$1/\log^{2}(n)$,-450.0,1.0
14.0,$1/\log^{2}(n)$,-374.0,0.2571428571428572
1.0,$1/\log^{2}(n)$,-450.0,1.0
1.0,$1/\log^{2}(n)$,-450.0,1.0
1.0,$1/\log^{2}(n)$,-450.0,1.0
1.0,$1/\log^{2}(n)$,-450.0,1.0
1.0,$1/\log^{2}(n)$,-450.0,1.0
1.0,$1/\log^{2}(n)$,-450.0,1.0
1.0,$1/\log^{2}(n)$,-450.0,1.0
1.0,$1/\log^{2}(n)$,-450.0,1.0
1.0,$1/\log^{2}(n)$,-450.0,1.0
1.0,$1/\log^{2}(n)$,-450.0,1.0
1.0,$1/\log^{2}(n)$,-450.0,1.0
1.0,$1/\log^{2}(n)$,-450.0,1.0
1.0,$1/\log^{2}(n)$,-450.0,1.0
14.0,$1/\log^{2}(n)$,-358.0,0.180952380952381
14.0,$1/\log^{2}(n)$,-370.0,0.12380952380952383
14.0,$1/\log^{2}(n)$,-350.0,0.3619047619047619
1.0,$1/\log^{2}(n)$,-450.0,1.0
1.0,$1/\log^{2}(n)$,-450.0,1.0
1.0,$1/\log^{2}(n)$,-450.0,1.0
1.0,$1/\log^{2}(n)$,-450.0,1.0
1.0,$1/\log^{2}(n)$,-450.0,1.0
14.0,$1/\log^{2}(n)$,-378.0,0.12380952380952381
14.0,$1/\log^{2}(n)$,-370.0,0.18095238095238098
1.0,$1/\log^{2}(n)$,-450.0,1.0
14.0,$1/\log^{2}(n)$,-366.0,0.11428571428571425
1.0,$1/\log^{2}(n)$,-450.0,1.0
1.0,$1/\log^{2}(n)$,-450.0,1.0
14.0,$1/\log^{2}(n)$,-354.0,0.2666666666666667
14.0,$1/\log^{2}(n)$,-358.0,0.015873015873015876
14.0,$1/\log^{2}(n)$,-362.0,0.18095238095238095
1.0,$1/\log^{2}(n)$,-450.0,1.0
14.0,$1/\log^{2}(n)$,-354.0,0.23809523809523808
1.0,$1/\log^{2}(n)$,-450.0,1.0
1.0,$1/\log^{2}(n)$,-450.0,1.0
14.0,$1/\log^{2}(n)$,-370.0,0.5333333333333333
1.0,$1/\log^{2}(n)$,-450.0,1.0
1.0,$1/\log^{2}(n)$,-450.0,1.0
1.0,$1/\log^{2}(n)$,-450.0,1.0
1.0,$1/\log^{2}(n)$,-450.0,1.0
1.0,$1/\log^{2}(n)$,-450.0,1.0
14.0,$1/\log^{2}(n)$,-350.0,0.3904761904761904
1.0,$1/\log^{2}(n)$,-450.0,1.0
1.0,$1/\log^{2}(n)$,-450.0,1.0
1.0,$1/\log^{2}(n)$,-450.0,1.0
1.0,$1/\log^{2}(n)$,-450.0,1.0
1.0,$1/\log^{2}(n)$,-450.0,1.0
1.0,$1/\log^{2}(n)$,-450.0,1.0
1.0,$1/\log^{2}(n)$,-450.0,1.0
1.0,$1/\log^{2}(n)$,-450.0,1.0
1.0,$1/\log^{2}(n)$,-450.0,1.0
1.0,$1/\log^{2}(n)$,-450.0,1.0
1.0,$1/\log^{2}(n)$,-450.0,1.0
1.0,$1/\log^{2}(n)$,-450.0,1.0
1.0,$1/\log^{2}(n)$,-450.0,1.0
1.0,$1/\log^{2}(n)$,-450.0,1.0
1.0,$1/\log^{2}(n)$,-450.0,1.0
14.0,$1/\log^{2}(n)$,-366.0,0.3047619047619047
1.0,$1/\log^{2}(n)$,-450.0,1.0
1.0,$1/\log^{2}(n)$,-450.0,1.0
14.0,$1/\log^{2}(n)$,-338.0,0.35238095238095235
1.0,$1/\log^{2}(n)$,-450.0,1.0
14.0,$1/\log^{2}(n)$,-358.0,0.13333333333333333
1.0,$1/\log^{2}(n)$,-450.0,1.0
1.0,$1/\log^{2}(n)$,-450.0,1.0
1.0,$1/\log^{2}(n)$,-450.0,1.0
14.0,$1/\log^{2}(n)$,-362.0,0.10476190476190476
1.0,$1/\log^{2}(n)$,-450.0,1.0
1.0,$1/\log^{2}(n)$,-450.0,1.0
1.0,$1/\log^{2}(n)$,-450.0,1.0
1.0,$1/\log^{2}(n)$,-450.0,1.0
1.0,$1/\log^{2}(n)$,-450.0,1.0
1.0,$1/\log^{2}(n)$,-450.0,1.0
1.0,$1/\log^{2}(n)$,-450.0,1.0
1.0,$1/\log^{2}(n)$,-450.0,1.0
1.0,$1/\log^{2}(n)$,-450.0,1.0
1.0,$1/\log^{2}(n)$,-450.0,1.0
1.0,$1/\log^{2}(n)$,-450.0,1.0
1.0,$1/\log^{2}(n)$,-450.0,1.0
1.0,$1/\log^{2}(n)$,-450.0,1.0
1.0,$1/\log^{2}(n)$,-450.0,1.0
1.0,$1/\log^{2}(n)$,-450.0,1.0
1.0,$1/\log^{2}(n)$,-450.0,1.0
1.0,$1/\log^{2}(n)$,-450.0,1.0
1.0,$1/\log^{2}(n)$,-450.0,1.0
1.0,$1/\log^{2}(n)$,-450.0,1.0
1.0,$1/\log^{2}(n)$,-450.0,1.0
1.0,$1/\log^{2}(n)$,-450.0,1.0
1.0,$1/\log^{2}(n)$,-450.0,1.0
1.0,$1/\log^{2}(n)$,-450.0,1.0
1.0,$1/\log^{2}(n)$,-450.0,1.0
1.0,$1/\log^{2}(n)$,-450.0,1.0
14.0,$1/\log^{2}(n)$,-370.0,0.2666666666666667
1.0,$1/\log^{2}(n)$,-450.0,1.0
14.0,$1/\log^{2}(n)$,-346.0,0.3904761904761905
1.0,$1/\log^{2}(n)$,-450.0,1.0
1.0,$1/\log^{2}(n)$,-450.0,1.0
14.0,$1/\log^{2}(n)$,-350.0,0.3619047619047619
1.0,$1/\log^{2}(n)$,-450.0,1.0
14.0,$1/\log^{2}(n)$,-366.0,0.1904761904761905
14.0,$1/\log^{2}(n)$,-358.0,0.1619047619047619
1.0,$1/\log^{2}(n)$,-450.0,1.0
1.0,$1/\log^{2}(n)$,-450.0,1.0
14.0,$1/\log^{2}(n)$,-374.0,0.3238095238095238
14.0,$1/\log^{2}(n)$,-374.0,0.18095238095238095
1.0,$1/\log^{2}(n)$,-450.0,1.0
1.0,$1/\log^{2}(n)$,-450.0,1.0
1.0,$1/\log^{2}(n)$,-450.0,1.0
1.0,$1/\log^{2}(n)$,-450.0,1.0
1.0,$1/\log^{2}(n)$,-450.0,1.0
1.0,$1/\log^{2}(n)$,-450.0,1.0
1.0,$1/\log^{2}(n)$,-450.0,1.0
1.0,$1/\log^{2}(n)$,-450.0,1.0
1.0,$1/\log^{2}(n)$,-450.0,1.0
1.0,$1/\log^{2}(n)$,-450.0,1.0
1.0,$1/\log^{2}(n)$,-450.0,1.0
1.0,$1/\log^{2}(n)$,-450.0,1.0
1.0,$1/\log^{2}(n)$,-450.0,1.0
1.0,$1/\log^{2}(n)$,-450.0,1.0
1.0,$1/\log^{2}(n)$,-450.0,1.0
1.0,$1/\log^{2}(n)$,-450.0,1.0
1.0,$1/\log^{2}(n)$,-450.0,1.0
1.0,$1/\log^{2}(n)$,-450.0,1.0
14.0,$1/\log^{2}(n)$,-370.0,0.2666666666666668
1.0,$1/\log^{2}(n)$,-450.0,1.0
14.0,$1/\log^{2}(n)$,-370.0,0.20952380952380947
1.0,$1/\log^{2}(n)$,-450.0,1.0
1.0,$1/\log^{2}(n)$,-450.0,1.0
1.0,$1/\log^{2}(n)$,-450.0,1.0
1.0,$1/\log^{2}(n)$,-450.0,1.0
1.0,$1/\log^{2}(n)$,-450.0,1.0
1.0,$1/\log^{2}(n)$,-450.0,1.0
1.0,$1/\log^{2}(n)$,-450.0,1.0
1.0,$1/\log^{2}(n)$,-450.0,1.0
14.0,$1/\log^{2}(n)$,-358.0,0.33333333333333337
1.0,$1/\log^{2}(n)$,-450.0,1.0
1.0,$1/\log^{2}(n)$,-450.0,1.0
1.0,$1/\log^{2}(n)$,-450.0,1.0
1.0,$1/\log^{2}(n)$,-450.0,1.0
1.0,$1/\log^{2}(n)$,-450.0,1.0
14.0,$1/\log^{2}(n)$,-366.0,0.3714285714285714
1.0,$1/\log^{2}(n)$,-450.0,1.0
1.0,$1/\log(n)$,-450.0,1.0
1.0,$1/\log(n)$,-450.0,1.0
1.0,$1/\log(n)$,-450.0,1.0
1.0,$1/\log(n)$,-450.0,1.0
24.0,$1/\log(n)$,-374.0,0.05925925925925926
1.0,$1/\log(n)$,-450.0,1.0
1.0,$1/\log(n)$,-450.0,1.0
1.0,$1/\log(n)$,-450.0,1.0
12.0,$1/\log(n)$,-386.0,0.11111111111111109
1.0,$1/\log(n)$,-450.0,1.0
1.0,$1/\log(n)$,-450.0,1.0
1.0,$1/\log(n)$,-450.0,1.0
2.0,$1/\log(n)$,-418.0,0.88
1.0,$1/\log(n)$,-450.0,1.0
1.0,$1/\log(n)$,-450.0,1.0
12.0,$1/\log(n)$,-386.0,0.15555555555555553
189.0,$1/\log(n)$,-390.0,0.7145679012345676
1.0,$1/\log(n)$,-450.0,1.0
1.0,$1/\log(n)$,-450.0,1.0
1.0,$1/\log(n)$,-450.0,1.0
1.0,$1/\log(n)$,-450.0,1.0
1.0,$1/\log(n)$,-450.0,1.0
1.0,$1/\log(n)$,-450.0,1.0
1.0,$1/\log(n)$,-450.0,1.0
1.0,$1/\log(n)$,-450.0,1.0
1.0,$1/\log(n)$,-450.0,1.0
1.0,$1/\log(n)$,-390.0,0.2
1.0,$1/\log(n)$,-450.0,1.0
1.0,$1/\log(n)$,-450.0,1.0
1.0,$1/\log(n)$,-390.0,0.2
14.0,$1/\log(n)$,-386.0,0.19047619047619052
1.0,$1/\log(n)$,-450.0,1.0
6.0,$1/\log(n)$,-398.0,0.7022222222222223
1.0,$1/\log(n)$,-450.0,1.0
1.0,$1/\log(n)$,-450.0,1.0
1.0,$1/\log(n)$,-450.0,1.0
1.0,$1/\log(n)$,-450.0,1.0
1.0,$1/\log(n)$,-390.0,0.2
5.0,$1/\log(n)$,-382.0,0.24444444444444446
1.0,$1/\log(n)$,-450.0,1.0
1002.0,$1/\log(n)$,-366.0,0.3244444444444444
1.0,$1/\log(n)$,-390.0,0.2
1.0,$1/\log(n)$,-390.0,0.4666666666666667
60.0,$1/\log(n)$,-382.0,0.33333333333333326
165.0,$1/\log(n)$,-378.0,0.06591245791245792
1.0,$1/\log(n)$,-450.0,1.0
24.0,$1/\log(n)$,-386.0,0.1288888888888889
10.0,$1/\log(n)$,-386.0,0.5333333333333334
40.0,$1/\log(n)$,-390.0,0.6302222222222222
1.0,$1/\log(n)$,-450.0,1.0
1.0,$1/\log(n)$,-390.0,0.06666666666666667
1.0,$1/\log(n)$,-450.0,1.0
40.0,$1/\log(n)$,-382.0,0.06488888888888888
5.0,$1/\log(n)$,-382.0,0.15555555555555556
1.0,$1/\log(n)$,-450.0,1.0
14.0,$1/\log(n)$,-382.0,0.49523809523809526
1.0,$1/\log(n)$,-450.0,1.0
21.0,$1/\log(n)$,-382.0,0.4933333333333334
1.0,$1/\log(n)$,-450.0,1.0
1.0,$1/\log(n)$,-450.0,1.0
1.0,$1/\log(n)$,-390.0,0.3333333333333333
1.0,$1/\log(n)$,-450.0,1.0
1.0,$1/\log(n)$,-450.0,1.0
24.0,$1/\log(n)$,-358.0,0.2188888888888889
220.0,$1/\log(n)$,-378.0,0.14303030303030304
42.0,$1/\log(n)$,-378.0,0.07555555555555556
1.0,$1/\log(n)$,-450.0,1.0
1.0,$1/\log(n)$,-450.0,1.0
1.0,$1/\log(n)$,-450.0,1.0
1.0,$1/\log(n)$,-450.0,1.0
1.0,$1/\log(n)$,-450.0,1.0
84.0,$1/\log(n)$,-362.0,0.15047619047619046
10.0,$1/\log(n)$,-386.0,0.5333333333333333
60.0,$1/\log(n)$,-390.0,0.5733333333333335
5.0,$1/\log(n)$,-394.0,0.6568888888888889
220.0,$1/\log(n)$,-382.0,0.48040404040404044
1.0,$1/\log(n)$,-450.0,1.0
1.0,$1/\log(n)$,-390.0,0.6
10.0,$1/\log(n)$,-386.0,0.5422222222222223
1.0,$1/\log(n)$,-450.0,1.0
1.0,$1/\log(n)$,-450.0,1.0
1.0,$1/\log(n)$,-450.0,1.0
24.0,$1/\log(n)$,-386.0,0.13777777777777778
1.0,$1/\log(n)$,-450.0,1.0
96.0,$1/\log(n)$,-378.0,0.38999999999999996
4.0,$1/\log(n)$,-418.0,0.8888888888888888
1.0,$1/\log(n)$,-450.0,1.0
1.0,$1/\log(n)$,-450.0,1.0
1.0,$1/\log(n)$,-450.0,1.0
1.0,$1/\log(n)$,-450.0,1.0
1.0,$1/\log(n)$,-450.0,1.0
1.0,$1/\log(n)$,-450.0,1.0
1.0,$1/\log(n)$,-450.0,1.0
1.0,$1/\log(n)$,-450.0,1.0
1.0,$1/\log(n)$,-450.0,1.0
1.0,$1/\log(n)$,-450.0,1.0
1.0,$1/\log(n)$,-450.0,1.0
1.0,$1/\log(n)$,-450.0,1.0
1.0,$1/\log(n)$,-450.0,1.0
1.0,$1/\log(n)$,-450.0,1.0
6.0,$1/\log(n)$,-394.0,0.6488888888888888
10.0,$1/\log(n)$,-386.0,0.13333333333333336
1.0,$1/\log(n)$,-450.0,1.0
1.0,$1/\log(n)$,-450.0,1.0
1.0,$1/\log(n)$,-450.0,1.0
1.0,$1/\log(n)$,-450.0,1.0
1.0,$1/\log(n)$,-450.0,1.0
1.0,$1/\log(n)$,-450.0,1.0
1.0,$1/\log(n)$,-450.0,1.0
1.0,$1/\log(n)$,-450.0,1.0
1.0,$1/\log(n)$,-450.0,1.0
1.0,$1/\log(n)$,-450.0,1.0
1.0,$1/\log(n)$,-450.0,1.0
1.0,$1/\log(n)$,-390.0,0.4666666666666667
1.0,$1/\log(n)$,-450.0,1.0
1.0,$1/\log(n)$,-390.0,0.06666666666666667
1.0,$1/\log(n)$,-450.0,1.0
6.0,$1/\log(n)$,-378.0,0.023703703703703703
26.0,$1/\log(n)$,-366.0,0.10564102564102562
1.0,$1/\log(n)$,-450.0,1.0
1.0,$1/\log(n)$,-450.0,1.0
1.0,$1/\log(n)$,-450.0,1.0
1002.0,$1/\log(n)$,-378.0,0.5644444444444444
1.0,$1/\log(n)$,-450.0,1.0
1.0,$1/\log(n)$,-450.0,1.0
1.0,$1/\log(n)$,-450.0,1.0
1.0,$1/\log(n)$,-450.0,1.0
1.0,$1/\log(n)$,-450.0,1.0
1.0,$1/\log(n)$,-450.0,1.0
1.0,$1/\log(n)$,-450.0,1.0
1.0,$1/\log(n)$,-450.0,1.0
1.0,$1/\log(n)$,-450.0,1.0
1.0,$1/\log(n)$,-450.0,1.0
1.0,$1/\log(n)$,-450.0,1.0
1.0,$1/\log(n)$,-450.0,1.0
1.0,$1/\log(n)$,-450.0,1.0
2.0,$1/\log(n)$,-386.0,0.31555555555555553
1.0,$1/\log(n)$,-450.0,1.0
1.0,$1/\log(n)$,-450.0,1.0
4.0,$1/\log(n)$,-382.0,0.5555555555555556
1.0,$1/\log(n)$,-450.0,1.0
1.0,$1/\log(n)$,-450.0,1.0
1.0,$1/\log(n)$,-450.0,1.0
1.0,$1/\log(n)$,-450.0,1.0
8.0,$1/\log(n)$,-378.0,0.05333333333333333
30.0,$1/\log(n)$,-370.0,0.059555555555555556
1.0,$1/\log(n)$,-450.0,1.0
4.0,$1/\log(n)$,-382.0,0.15333333333333332
1.0,$1/\log(n)$,-450.0,1.0
1.0,$1/\log(n)$,-450.0,1.0
1.0,$1/\log(n)$,-450.0,1.0
1.0,$1/\log(n)$,-450.0,1.0
40.0,$1/\log(n)$,-378.0,0.025555555555555554
1.0,$1/\log(n)$,-450.0,1.0
1.0,$1/\log(n)$,-450.0,1.0
12.0,$1/\log(n)$,-386.0,0.15555555555555553
1.0,$1/\log(n)$,-450.0,1.0
1.0,$1/\log(n)$,-450.0,1.0
1.0,$1/\log(n)$,-390.0,0.06666666666666667
1.0,$1/\log(n)$,-450.0,1.0
10.0,$1/\log(n)$,-382.0,0.40888888888888886
1.0,$1/\log(n)$,-450.0,1.0
1.0,$1/\log(n)$,-450.0,1.0
1.0,$1/\log(n)$,-450.0,1.0
1.0,$1/\log(n)$,-450.0,1.0
1.0,$1/\log(n)$,-390.0,0.4666666666666667
1.0,$1/\log(n)$,-450.0,1.0
1.0,$1/\log(n)$,-450.0,1.0
1.0,$1/\log(n)$,-450.0,1.0
1.0,$1/\log(n)$,-450.0,1.0
42.0,$1/\log(n)$,-374.0,0.08571428571428572
1.0,$1/\log(n)$,-450.0,1.0
1.0,$1/\log(n)$,-390.0,0.2
1.0,$1/\log(n)$,-450.0,1.0
1.0,$1/\log(n)$,-450.0,1.0
1.0,$1/\log(n)$,-450.0,1.0
1.0,$1/\log(n)$,-450.0,1.0
1.0,$1/\log(n)$,-450.0,1.0
30.0,$1/\log(n)$,-378.0,0.023703703703703706
1.0,$1/\log(n)$,-450.0,1.0
1.0,$1/\log(n)$,-450.0,1.0
1.0,$1/\log(n)$,-390.0,0.3333333333333333
1.0,$1/\log(n)$,-450.0,1.0
1.0,$1/\log(n)$,-390.0,0.2
12.0,$1/\log(n)$,-386.0,0.5111111111111111
1.0,$1/\log(n)$,-450.0,1.0
10.0,$1/\log(n)$,-378.0,0.09155555555555556
1.0,$1/\log(n)$,-450.0,1.0
1.0,$1/\log(n)$,-450.0,1.0
5.0,$1/\log(n)$,-398.0,0.7155555555555556
180.0,$1/\log(n)$,-394.0,0.6311111111111111
1.0,$1/\log(n)$,-450.0,1.0
1.0,$1/\log(n)$,-450.0,1.0
1.0,$1/\log(n)$,-390.0,0.4666666666666667
1.0,$1/\log(n)$,-450.0,1.0
1.0,$1/\log(n)$,-450.0,1.0
1.0,$1/\log(n)$,-450.0,1.0
1.0,$1/\log(n)$,-450.0,1.0
1.0,$1/\log(n)$,-450.0,1.0
1.0,$1/\log(n)$,-450.0,1.0
1.0,$1/\log(n)$,-450.0,1.0
1.0,$1/\log(n)$,-390.0,0.4666666666666667
1.0,$1/\log(n)$,-450.0,1.0
1.0,$1/\log(n)$,-450.0,1.0
1.0,$1/\log(n)$,-390.0,0.4666666666666667
1.0,$1/\log(n)$,-390.0,0.3333333333333333
1.0,$1/\log(n)$,-450.0,1.0
1.0,$1/\log(n)$,-450.0,1.0
40.0,$1/\log(n)$,-362.0,0.2862222222222222
1.0,$1/\log(n)$,-450.0,1.0
1.0,$1/\log(n)$,-390.0,0.4666666666666667
1.0,$1/\log(n)$,-450.0,1.0
1.0,$1/\log(n)$,-450.0,1.0
1.0,$1/\log(n)$,-450.0,1.0
1.0,$1/\log(n)$,-390.0,0.4666666666666667
1.0,$1/\log(n)$,-390.0,0.06666666666666667
1.0,$1/\log(n)$,-450.0,1.0
1002.0,$1/\log(n)$,-370.0,0.08444444444444445
20.0,$1/\log(n)$,-386.0,0.015111111111111108
140.0,$1/\log(n)$,-378.0,0.1688888888888889
1.0,$1/\log(n)$,-450.0,1.0
1.0,$1/\log(n)$,-450.0,1.0
1.0,$1/\log(n)$,-450.0,1.0
1.0,$1/\log(n)$,-390.0,0.06666666666666667
10.0,$1/\log(n)$,-386.0,0.2666666666666667
1.0,$1/\log(n)$,-450.0,1.0
1.0,$1/\log(n)$,-450.0,1.0
1.0,$1/\log(n)$,-450.0,1.0
10.0,$1/\log(n)$,-386.0,0.39999999999999997
3.0,$1/\log(n)$,-414.0,0.8488888888888888
1.0,$1/\log(n)$,-450.0,1.0
120.0,$1/\log(n)$,-370.0,0.052148148148148145
1.0,$1/\log(n)$,-390.0,0.2
1.0,$1/\log(n)$,-450.0,1.0
1.0,$1/\log(n)$,-450.0,1.0
1.0,$1/\log(n)$,-450.0,1.0
1.0,$1/\log(n)$,-450.0,1.0
1.0,$1/\log(n)$,-450.0,1.0
1.0,$1/\log(n)$,-450.0,1.0
1.0,$1/\log(n)$,-450.0,1.0
20.0,$1/\log(n)$,-386.0,0.015111111111111108
1.0,$1/\log(n)$,-450.0,1.0
420.0,$1/\log(n)$,-370.0,0.3804444444444444
370.0,$1/\log(n)$,-382.0,0.5075795795795796
1.0,$1/\log(n)$,-450.0,1.0
1.0,$1/\log(n)$,-450.0,1.0
20.0,$1/\log(n)$,-382.0,0.057777777777777775
1.0,$1/\log(n)$,-450.0,1.0
6.0,$1/\log(n)$,-378.0,0.24
72.0,$1/\log(n)$,-378.0,0.032345679012345675
1.0,$1/\log(n)$,-450.0,1.0
1.0,$1/\log(n)$,-450.0,1.0
1.0,$1/\log(n)$,-390.0,0.4666666666666667
1.0,$1/\log(n)$,-450.0,1.0
1.0,$1/\log(n)$,-390.0,0.06666666666666667
1.0,$1/\log(n)$,-450.0,1.0
1.0,$1/\log(n)$,-450.0,1.0
5.0,$1/\log(n)$,-382.0,0.6177777777777778
1.0,$1/\log(n)$,-390.0,0.6
468.0,$1/\log(n)$,-358.0,0.427008547008547
5.0,$1/\log(n)$,-398.0,0.7155555555555555
1.0,$1/\log(n)$,-450.0,1.0
52.0,$1/\log(n)$,-394.0,0.6981196581196583
1.0,$1/\log(n)$,-390.0,0.06666666666666667
1.0,$1/\log(n)$,-450.0,1.0
20.0,$1/\log(n)$,-394.0,0.6577777777777778
1.0,$1/\log(n)$,-390.0,0.2
1.0,$1/\log(n)$,-450.0,1.0
4.0,$1/\log(n)$,-410.0,0.8266666666666667
4.0,$1/\log(n)$,-386.0,0.04
1.0,$1/\log(n)$,-450.0,1.0
1.0,$1/\log(n)$,-450.0,1.0
1.0,$1/\log(n)$,-390.0,0.6
1.0,$1/\log(n)$,-450.0,1.0
90.0,$1/\log(n)$,-374.0,0.16009876543209878
1.0,$1/\log(n)$,-450.0,1.0
1.0,$1/\log(n)$,-450.0,1.0
1.0,$1/\log(n)$,-450.0,1.0
1.0,$1/\log(n)$,-450.0,1.0
1.0,$1/\log(n)$,-450.0,1.0
1.0,$1/\log(n)$,-450.0,1.0
1.0,$1/\log(n)$,-450.0,1.0
1.0,$1/\log(n)$,-450.0,1.0
1.0,$1/\log(n)$,-450.0,1.0
20.0,$1/\log(n)$,-378.0,0.05333333333333333
1.0,$1/\log(n)$,-450.0,1.0
1.0,$1/\log(n)$,-450.0,1.0
4.0,$1/\log(n)$,-398.0,0.6666666666666666
1.0,$1/\log(n)$,-450.0,1.0
1.0,$1/\log(n)$,-450.0,1.0
20.0,$1/\log(n)$,-374.0,0.2124444444444445
1.0,$1/\log(n)$,-450.0,1.0
1.0,$1/\log(n)$,-450.0,1.0
1.0,$1/\log(n)$,-450.0,1.0
1.0,$1/\log(n)$,-450.0,1.0
1.0,$1/\log(n)$,-450.0,1.0
1.0,$1/\log(n)$,-450.0,1.0
1.0,$1/\log(n)$,-450.0,1.0
1.0,$1/\log(n)$,-450.0,1.0
1.0,$1/\log(n)$,-390.0,0.2
21.0,$1/\log(n)$,-390.0,0.704126984126984
1.0,$1/\log(n)$,-450.0,1.0
1.0,$1/\log(n)$,-450.0,1.0
1.0,$1/\log(n)$,-450.0,1.0
8.0,$1/\log(n)$,-382.0,0.057777777777777775
1.0,$1/\log(n)$,-450.0,1.0
1.0,$1/\log(n)$,-450.0,1.0
1.0,$1/\log(n)$,-450.0,1.0
1.0,$1/\log(n)$,-450.0,1.0
1.0,$1/\log(n)$,-450.0,1.0
1.0,$1/\log(n)$,-450.0,1.0
1.0,$1/\log(n)$,-450.0,1.0
1.0,$1/\log(n)$,-450.0,1.0
1.0,$1/\log(n)$,-450.0,1.0
102.0,$1/\log(n)$,-378.0,0.05803921568627451
1.0,$1/\log(n)$,-450.0,1.0
1.0,$1/\log(n)$,-450.0,1.0
1.0,$1/\log(n)$,-390.0,0.2
1.0,$1/\log(n)$,-450.0,1.0
1.0,$1/\log(n)$,-450.0,1.0
20.0,$1/\log(n)$,-386.0,0.015111111111111106
1.0,$1/\log(n)$,-450.0,1.0
1.0,$1/\log(n)$,-450.0,1.0
24.0,$1/\log(n)$,-386.0,0.02074074074074074
286.0,$1/\log(n)$,-374.0,0.3835275835275835
1.0,$1/\log(n)$,-390.0,0.2
1.0,$1/\log(n)$,-450.0,1.0
1.0,$1/\log(n)$,-450.0,1.0
42.0,$1/\log(n)$,-386.0,0.5693121693121694
1.0,$1/\log(n)$,-450.0,1.0
1.0,$1/\log(n)$,-450.0,1.0
1.0,$1/\log(n)$,-450.0,1.0
1.0,$1/\log(n)$,-450.0,1.0
1.0,$1/\log(n)$,-390.0,0.3333333333333333
1.0,$1/\log(n)$,-450.0,1.0
1.0,$1/\log(n)$,-450.0,1.0
1.0,$1/\log(n)$,-450.0,1.0
10.0,$1/\log(n)$,-386.0,0.13333333333333336
1.0,$1/\log(n)$,-450.0,1.0
1.0,$1/\log(n)$,-450.0,1.0
1.0,$1/\log(n)$,-450.0,1.0
1.0,$1/\log(n)$,-450.0,1.0
1.0,$1/\log(n)$,-450.0,1.0
10.0,$1/\log(n)$,-382.0,0.25333333333333335
186.0,$1/\log(n)$,-394.0,0.6672401433691757
1.0,$1/\log(n)$,-450.0,1.0
1.0,$1/\log(n)$,-450.0,1.0
1.0,$1/\log(n)$,-450.0,1.0
4.0,$1/\log(n)$,-386.0,0.02222222222222222
1.0,$1/\log(n)$,-450.0,1.0
1.0,$1/\log(n)$,-450.0,1.0
30.0,$1/\log(n)$,-354.0,0.20592592592592593
60.0,$1/\log(n)$,-370.0,0.25999999999999995
1.0,$1/\log(n)$,-450.0,1.0
1.0,$1/\log(n)$,-450.0,1.0
1.0,$1/\log(n)$,-450.0,1.0
10.0,$1/\log(n)$,-398.0,0.7111111111111111
1.0,$1/\log(n)$,-450.0,1.0
1.0,$1/\log(n)$,-450.0,1.0
1.0,$1/\log(n)$,-450.0,1.0
1.0,$1/\log(n)$,-450.0,1.0
1.0,$1/\log(n)$,-450.0,1.0
1.0,$1/\log(n)$,-450.0,1.0
20.0,$1/\log(n)$,-386.0,0.39999999999999997
1.0,$1/\log(n)$,-390.0,0.3333333333333333
1.0,$1/\log(n)$,-450.0,1.0
12.0,$1/\log(n)$,-390.0,0.6
1.0,$1/\log(n)$,-450.0,1.0
20.0,$1/\log(n)$,-398.0,0.6577777777777778
1.0,$1/\log(n)$,-450.0,1.0
1.0,$1/\log(n)$,-450.0,1.0
19.0,$1/\log(n)$,-378.0,0.20280701754385966
1.0,$1/\log(n)$,-390.0,0.06666666666666667
1.0,$1/\log(n)$,-450.0,1.0
1.0,$1/\log(n)$,-450.0,1.0
1.0,$1/\log(n)$,-450.0,1.0
1.0,$1/\log(n)$,-390.0,0.3333333333333333
1.0,$1/\log(n)$,-450.0,1.0
1.0,$1/\log(n)$,-450.0,1.0
1.0,$1/\log(n)$,-450.0,1.0
1.0,$1/\log(n)$,-450.0,1.0
1.0,$1/\log(n)$,-390.0,0.3333333333333333
1.0,$1/\log(n)$,-450.0,1.0
1.0,$1/\log(n)$,-450.0,1.0
1.0,$1/\log(n)$,-450.0,1.0
1.0,$1/\log(n)$,-450.0,1.0
1.0,$1/\log(n)$,-450.0,1.0
1.0,$1/\log(n)$,-450.0,1.0
1.0,$1/\log(n)$,-450.0,1.0
1.0,$1/\log(n)$,-450.0,1.0
1.0,$1/\log(n)$,-390.0,0.06666666666666667
1.0,$1/\log(n)$,-450.0,1.0
1.0,$1/\log(n)$,-450.0,1.0
1.0,$1/\log(n)$,-450.0,1.0
1.0,$1/\log(n)$,-390.0,0.2
1.0,$1/\log(n)$,-450.0,1.0
19.0,$1/\log(n)$,-398.0,0.6963742690058479
1.0,$1/\log(n)$,-450.0,1.0
1.0,$1/\log(n)$,-450.0,1.0
1.0,$1/\log(n)$,-450.0,1.0
