init_magnet,length,Magnetization_mean,Magnetization_min,Magnetization_max,Magnetization_std,SpinGlass
0.0,2,0.0087890625,0.0078125,0.009765625,0.0009765625,-0.02734375
0.0,2,0.013671875,0.009765625,0.017578125,0.00390625,-0.021484375
0.0,2,0.001953125,0.0,0.00390625,0.001953125,-0.025390625
0.0,2,0.01953125,0.017578125,0.021484375,0.001953125,-0.068359375
0.0,2,0.00390625,0.001953125,0.005859375,0.001953125,-0.025390625
0.0,2,0.0048828125,0.00390625,0.005859375,0.0009765625,-0.025390625
0.0,2,0.0029296875,0.001953125,0.00390625,0.0009765625,0.017578125
0.0,2,0.009765625,0.0078125,0.01171875,0.001953125,-0.02734375
0.0,2,0.001953125,0.001953125,0.001953125,0.0,-0.033203125
0.0,2,0.013671875,0.01171875,0.015625,0.001953125,0.001953125
0.0,2,0.0185546875,0.017578125,0.01953125,0.0009765625,-0.017578125
0.0,1,0.001953125,0.001953125,0.001953125,0.0,-0.02734375
0.0,2,0.0107421875,0.009765625,0.01171875,0.0009765625,-0.0234375
0.0,2,0.013671875,0.01171875,0.015625,0.001953125,-0.033203125
0.0,2,0.0126953125,0.01171875,0.013671875,0.0009765625,-0.041015625
0.0,2,0.001953125,0.001953125,0.001953125,0.0,-0.017578125
0.0,2,0.0263671875,0.025390625,0.02734375,0.0009765625,0.01953125
0.0,2,0.0078125,0.0078125,0.0078125,0.0,0.025390625
0.0,2,0.0078125,0.005859375,0.009765625,0.001953125,-0.046875
0.0,2,0.0009765625,0.0,0.001953125,0.0009765625,0.02734375
0.0,2,0.00390625,0.001953125,0.005859375,0.001953125,-0.041015625
0.0,2,0.0009765625,0.0,0.001953125,0.0009765625,-0.00390625
0.0,2,0.001953125,0.0,0.00390625,0.001953125,-0.0078125
0.0,2,0.0166015625,0.015625,0.017578125,0.0009765625,-0.064453125
0.0,2,0.005859375,0.00390625,0.0078125,0.001953125,-0.017578125
0.0,2,0.0029296875,0.001953125,0.00390625,0.0009765625,-0.0078125
0.0,2,0.0068359375,0.005859375,0.0078125,0.0009765625,-0.025390625
0.0,2,0.0029296875,0.001953125,0.00390625,0.0009765625,-0.001953125
0.0,2,0.005859375,0.00390625,0.0078125,0.001953125,-0.00390625
0.0,2,0.0029296875,0.0,0.005859375,0.0029296875,-0.025390625
0.0,2,0.001953125,0.001953125,0.001953125,0.0,-0.017578125
0.0,2,0.0048828125,0.00390625,0.005859375,0.0009765625,-0.025390625
0.0,2,0.001953125,0.001953125,0.001953125,0.0,0.009765625
0.0,2,0.0048828125,0.001953125,0.0078125,0.0029296875,-0.025390625
0.0,2,0.0048828125,0.00390625,0.005859375,0.0009765625,-0.021484375
0.0,2,0.0166015625,0.01171875,0.021484375,0.0048828125,0.017578125
0.0,2,0.0029296875,0.001953125,0.00390625,0.0009765625,-0.0390625
0.0,2,0.0078125,0.005859375,0.009765625,0.001953125,-0.009765625
0.0,2,0.0087890625,0.0078125,0.009765625,0.0009765625,-0.009765625
0.0,2,0.009765625,0.009765625,0.009765625,0.0,0.001953125
0.0,2,0.0048828125,0.00390625,0.005859375,0.0009765625,-0.037109375
0.0,2,0.0078125,0.0078125,0.0078125,0.0,0.001953125
0.0,2,0.00390625,0.001953125,0.005859375,0.001953125,-0.015625
0.0,2,0.0078125,0.0078125,0.0078125,0.0,0.025390625
0.0,2,0.0146484375,0.013671875,0.015625,0.0009765625,-0.021484375
0.0,2,0.0,0.0,0.0,0.0,0.009765625
0.0,2,0.0009765625,0.0,0.001953125,0.0009765625,-0.044921875
0.0,2,0.005859375,0.00390625,0.0078125,0.001953125,-0.001953125
0.0,2,0.005859375,0.00390625,0.0078125,0.001953125,0.001953125
0.0,2,0.0146484375,0.013671875,0.015625,0.0009765625,-0.01171875
0.0,2,0.0087890625,0.00390625,0.013671875,0.0048828125,-0.0078125
0.0,2,0.001953125,0.0,0.00390625,0.001953125,-0.041015625
0.0,2,0.0029296875,0.001953125,0.00390625,0.0009765625,-0.04296875
0.0,2,0.0029296875,0.001953125,0.00390625,0.0009765625,0.0078125
0.0,2,0.0009765625,0.0,0.001953125,0.0009765625,0.0078125
0.0,2,0.005859375,0.005859375,0.005859375,0.0,-0.01171875
0.0,2,0.009765625,0.009765625,0.009765625,0.0,0.013671875
0.0,2,0.0185546875,0.017578125,0.01953125,0.0009765625,-0.01953125
0.0,2,0.00390625,0.001953125,0.005859375,0.001953125,-0.044921875
0.0,2,0.00390625,0.001953125,0.005859375,0.001953125,-0.015625
0.0,2,0.0009765625,0.0,0.001953125,0.0009765625,-0.01171875
0.0,2,0.0,0.0,0.0,0.0,-0.01171875
0.0,2,0.0146484375,0.013671875,0.015625,0.0009765625,-0.021484375
0.0,2,0.005859375,0.005859375,0.005859375,0.0,-0.03125
0.0,2,0.0107421875,0.0078125,0.013671875,0.0029296875,-0.005859375
0.0,2,0.00390625,0.001953125,0.005859375,0.001953125,-0.037109375
0.0,2,0.0,0.0,0.0,0.0,-0.037109375
0.0,2,0.0048828125,0.00390625,0.005859375,0.0009765625,-0.048828125
0.0,2,0.005859375,0.00390625,0.0078125,0.001953125,-0.048828125
0.0,2,0.0146484375,0.01171875,0.017578125,0.0029296875,-0.01171875
0.0,2,0.0107421875,0.0078125,0.013671875,0.0029296875,-0.013671875
0.0,2,0.001953125,0.0,0.00390625,0.001953125,-0.03125
0.0,2,0.0048828125,0.00390625,0.005859375,0.0009765625,-0.029296875
0.0,2,0.0068359375,0.001953125,0.01171875,0.0048828125,-0.01171875
0.0,2,0.0078125,0.005859375,0.009765625,0.001953125,-0.0390625
0.0,2,0.01171875,0.009765625,0.013671875,0.001953125,-0.048828125
0.0,1,0.00390625,0.00390625,0.00390625,0.0,-0.052734375
0.0,2,0.021484375,0.021484375,0.021484375,0.0,-0.056640625
0.0,2,0.0078125,0.005859375,0.009765625,0.001953125,-0.013671875
0.0,2,0.0107421875,0.009765625,0.01171875,0.0009765625,-0.009765625
0.0,2,0.0029296875,0.001953125,0.00390625,0.0009765625,-0.03515625
0.0,2,0.0029296875,0.001953125,0.00390625,0.0009765625,0.0
0.0,2,0.01171875,0.009765625,0.013671875,0.001953125,-0.017578125
0.0,2,0.0,0.0,0.0,0.0,0.001953125
0.0,2,0.017578125,0.017578125,0.017578125,0.0,-0.009765625
0.0,2,0.0166015625,0.015625,0.017578125,0.0009765625,0.0
0.0,2,0.0068359375,0.00390625,0.009765625,0.0029296875,-0.0078125
0.0,2,0.015625,0.013671875,0.017578125,0.001953125,-0.009765625
0.0,2,0.001953125,0.0,0.00390625,0.001953125,-0.0390625
0.0,2,0.00390625,0.001953125,0.005859375,0.001953125,-0.0625
0.0,2,0.021484375,0.021484375,0.021484375,0.0,0.005859375
0.0,2,0.0068359375,0.00390625,0.009765625,0.0029296875,-0.025390625
0.0,2,0.013671875,0.01171875,0.015625,0.001953125,-0.01953125
0.0,2,0.0224609375,0.01953125,0.025390625,0.0029296875,-0.041015625
0.0,2,0.0048828125,0.00390625,0.005859375,0.0009765625,0.0078125
0.0,2,0.0068359375,0.005859375,0.0078125,0.0009765625,-0.04296875
0.0,2,0.0087890625,0.0078125,0.009765625,0.0009765625,-0.0078125
0.0,2,0.017578125,0.015625,0.01953125,0.001953125,-0.01953125
0.0,2,0.0078125,0.0078125,0.0078125,0.0,-0.005859375
0.0,2,0.0224609375,0.021484375,0.0234375,0.0009765625,-0.005859375
0.0,2,0.0009765625,0.0,0.001953125,0.0009765625,-0.009765625
0.0,2,0.0029296875,0.001953125,0.00390625,0.0009765625,-0.009765625
0.0,2,0.0087890625,0.0078125,0.009765625,0.0009765625,-0.013671875
0.0,2,0.00390625,0.001953125,0.005859375,0.001953125,0.013671875
0.0,2,0.0107421875,0.009765625,0.01171875,0.0009765625,-0.029296875
0.0,2,0.0029296875,0.001953125,0.00390625,0.0009765625,-0.013671875
0.0,2,0.013671875,0.01171875,0.015625,0.001953125,-0.025390625
0.0,2,0.0068359375,0.005859375,0.0078125,0.0009765625,-0.0390625
0.0,2,0.0107421875,0.009765625,0.01171875,0.0009765625,-0.00390625
0.0,2,0.0048828125,0.00390625,0.005859375,0.0009765625,-0.046875
0.0,2,0.00390625,0.001953125,0.005859375,0.001953125,-0.001953125
0.0,2,0.0087890625,0.0078125,0.009765625,0.0009765625,-0.025390625
0.0,2,0.0185546875,0.017578125,0.01953125,0.0009765625,-0.029296875
0.0,2,0.0068359375,0.005859375,0.0078125,0.0009765625,-0.009765625
0.0,2,0.009765625,0.0078125,0.01171875,0.001953125,-0.005859375
0.0,2,0.009765625,0.0078125,0.01171875,0.001953125,0.0
0.0,2,0.0126953125,0.01171875,0.013671875,0.0009765625,-0.00390625
0.0,2,0.0107421875,0.00390625,0.017578125,0.0068359375,0.00390625
0.0,2,0.0029296875,0.001953125,0.00390625,0.0009765625,0.00390625
0.0,2,0.0048828125,0.00390625,0.005859375,0.0009765625,-0.029296875
0.0,2,0.01171875,0.009765625,0.013671875,0.001953125,0.001953125
0.0,2,0.0009765625,0.0,0.001953125,0.0009765625,-0.04296875
0.0,2,0.0029296875,0.001953125,0.00390625,0.0009765625,-0.03125
0.0,2,0.0146484375,0.013671875,0.015625,0.0009765625,-0.021484375
0.0,2,0.0087890625,0.005859375,0.01171875,0.0029296875,-0.02734375
0.0,2,0.0029296875,0.001953125,0.00390625,0.0009765625,-0.048828125
0.0,2,0.013671875,0.013671875,0.013671875,0.0,-0.05859375
0.0,2,0.0107421875,0.009765625,0.01171875,0.0009765625,-0.03125
0.0,2,0.00390625,0.001953125,0.005859375,0.001953125,-0.0625
0.0,2,0.00390625,0.00390625,0.00390625,0.0,-0.041015625
0.0,2,0.00390625,0.00390625,0.00390625,0.0,-0.025390625
0.0,2,0.0126953125,0.01171875,0.013671875,0.0009765625,-0.021484375
0.0,2,0.0126953125,0.01171875,0.013671875,0.0009765625,-0.05078125
0.0,2,0.01171875,0.0078125,0.015625,0.00390625,-0.02734375
0.0,2,0.0048828125,0.00390625,0.005859375,0.0009765625,-0.01953125
0.0,2,0.00390625,0.001953125,0.005859375,0.001953125,-0.013671875
0.0,2,0.005859375,0.00390625,0.0078125,0.001953125,-0.037109375
0.0,2,0.01171875,0.01171875,0.01171875,0.0,-0.02734375
0.0,2,0.01171875,0.009765625,0.013671875,0.001953125,-0.00390625
0.0,2,0.001953125,0.0,0.00390625,0.001953125,-0.005859375
0.0,2,0.0078125,0.005859375,0.009765625,0.001953125,-0.044921875
0.0,2,0.0107421875,0.009765625,0.01171875,0.0009765625,0.01953125
0.0,2,0.01171875,0.01171875,0.01171875,0.0,0.0
0.0,2,0.009765625,0.009765625,0.009765625,0.0,-0.013671875
0.0,2,0.0029296875,0.001953125,0.00390625,0.0009765625,-0.041015625
0.0,2,0.0107421875,0.0078125,0.013671875,0.0029296875,-0.025390625
0.0,2,0.001953125,0.0,0.00390625,0.001953125,0.0078125
0.0,2,0.00390625,0.00390625,0.00390625,0.0,-0.00390625
0.0,2,0.0107421875,0.009765625,0.01171875,0.0009765625,-0.0234375
0.0,2,0.001953125,0.001953125,0.001953125,0.0,-0.046875
0.0,2,0.0126953125,0.01171875,0.013671875,0.0009765625,-0.021484375
0.0,2,0.00390625,0.001953125,0.005859375,0.001953125,-0.05078125
0.0,2,0.0078125,0.005859375,0.009765625,0.001953125,-0.0078125
0.0,2,0.0048828125,0.00390625,0.005859375,0.0009765625,-0.009765625
0.0,2,0.009765625,0.009765625,0.009765625,0.0,0.001953125
0.0,2,0.0029296875,0.001953125,0.00390625,0.0009765625,-0.037109375
0.0,2,0.005859375,0.00390625,0.0078125,0.001953125,-0.00390625
0.0,2,0.0009765625,0.0,0.001953125,0.0009765625,-0.037109375
0.0,2,0.0078125,0.0078125,0.0078125,0.0,-0.01953125
0.0,2,0.0029296875,0.001953125,0.00390625,0.0009765625,0.001953125
0.0,2,0.001953125,0.0,0.00390625,0.001953125,-0.021484375
0.0,2,0.005859375,0.00390625,0.0078125,0.001953125,-0.001953125
0.0,2,0.005859375,0.005859375,0.005859375,0.0,-0.005859375
0.0,2,0.0107421875,0.009765625,0.01171875,0.0009765625,-0.01171875
0.0,2,0.0048828125,0.00390625,0.005859375,0.0009765625,-0.03125
0.0,2,0.009765625,0.009765625,0.009765625,0.0,0.01171875
0.0,2,0.00390625,0.00390625,0.00390625,0.0,-0.044921875
0.0,2,0.0068359375,0.005859375,0.0078125,0.0009765625,-0.01171875
0.0,2,0.0068359375,0.005859375,0.0078125,0.0009765625,-0.015625
0.0,2,0.00390625,0.001953125,0.005859375,0.001953125,0.0078125
0.0,2,0.01171875,0.009765625,0.013671875,0.001953125,0.017578125
0.0,2,0.0009765625,0.0,0.001953125,0.0009765625,-0.021484375
0.0,2,0.0029296875,0.001953125,0.00390625,0.0009765625,0.009765625
0.0,2,0.0185546875,0.017578125,0.01953125,0.0009765625,-0.068359375
0.0,2,0.0048828125,0.00390625,0.005859375,0.0009765625,-0.0390625
0.0,2,0.0048828125,0.00390625,0.005859375,0.0009765625,-0.009765625
0.0,2,0.0068359375,0.00390625,0.009765625,0.0029296875,-0.009765625
0.0,2,0.015625,0.013671875,0.017578125,0.001953125,-0.0546875
0.0,2,0.0029296875,0.001953125,0.00390625,0.0009765625,-0.021484375
0.0,1,0.001953125,0.001953125,0.001953125,0.0,-0.029296875
0.0,2,0.009765625,0.0078125,0.01171875,0.001953125,-0.013671875
0.0,2,0.0234375,0.021484375,0.025390625,0.001953125,-0.0234375
0.0,2,0.0078125,0.005859375,0.009765625,0.001953125,-0.087890625
0.0,2,0.0068359375,0.005859375,0.0078125,0.0009765625,-0.041015625
0.0,2,0.0029296875,0.001953125,0.00390625,0.0009765625,-0.046875
0.0,2,0.0107421875,0.0078125,0.013671875,0.0029296875,0.0078125
0.0,2,0.0009765625,0.0,0.001953125,0.0009765625,-0.03515625
0.0,2,0.0029296875,0.001953125,0.00390625,0.0009765625,-0.0078125
0.0,2,0.0068359375,0.005859375,0.0078125,0.0009765625,-0.01953125
0.0,2,0.0029296875,0.001953125,0.00390625,0.0009765625,0.005859375
0.0,2,0.0009765625,0.0,0.001953125,0.0009765625,0.0
0.0,2,0.0146484375,0.013671875,0.015625,0.0009765625,-0.029296875
0.0,2,0.0048828125,0.00390625,0.005859375,0.0009765625,-0.013671875
0.0,2,0.0166015625,0.013671875,0.01953125,0.0029296875,-0.009765625
0.0,2,0.0029296875,0.001953125,0.00390625,0.0009765625,-0.0078125
0.0,2,0.0009765625,0.0,0.001953125,0.0009765625,-0.021484375
0.0,2,0.005859375,0.005859375,0.005859375,0.0,0.015625
0.0,2,0.0107421875,0.009765625,0.01171875,0.0009765625,0.005859375
0.0,2,0.009765625,0.0078125,0.01171875,0.001953125,-0.00390625
0.0,2,0.01171875,0.01171875,0.01171875,0.0,-0.029296875
0.0,2,0.001953125,0.001953125,0.001953125,0.0,0.00390625
0.0,2,0.0126953125,0.01171875,0.013671875,0.0009765625,-0.033203125
0.0,2,0.0009765625,0.0,0.001953125,0.0009765625,0.0
0.0,2,0.0107421875,0.009765625,0.01171875,0.0009765625,0.01953125
0.0,2,0.015625,0.015625,0.015625,0.0,-0.052734375
0.0,2,0.001953125,0.001953125,0.001953125,0.0,-0.015625
0.0,2,0.0048828125,0.00390625,0.005859375,0.0009765625,-0.068359375
0.0,2,0.0,0.0,0.0,0.0,-0.00390625
0.0,2,0.005859375,0.001953125,0.009765625,0.00390625,-0.0390625
0.0,1,0.01171875,0.01171875,0.01171875,0.0,-0.001953125
0.0,2,0.0068359375,0.005859375,0.0078125,0.0009765625,-0.009765625
0.0,2,0.0087890625,0.0078125,0.009765625,0.0009765625,-0.00390625
0.0,2,0.0107421875,0.009765625,0.01171875,0.0009765625,-0.052734375
0.0,2,0.0048828125,0.00390625,0.005859375,0.0009765625,-0.001953125
0.0,2,0.009765625,0.0078125,0.01171875,0.001953125,-0.015625
0.0,2,0.009765625,0.0078125,0.01171875,0.001953125,-0.0234375
0.0,2,0.0009765625,0.0,0.001953125,0.0009765625,-0.029296875
0.0,2,0.0087890625,0.00390625,0.013671875,0.0048828125,-0.046875
0.0,2,0.0048828125,0.00390625,0.005859375,0.0009765625,-0.03515625
0.0,2,0.0244140625,0.0234375,0.025390625,0.0009765625,-0.013671875
0.0,2,0.0166015625,0.013671875,0.01953125,0.0029296875,0.02734375
0.0,2,0.0029296875,0.0,0.005859375,0.0029296875,-0.0078125
0.0,2,0.0048828125,0.00390625,0.005859375,0.0009765625,-0.037109375
0.0,2,0.001953125,0.001953125,0.001953125,0.0,0.02734375
0.0,2,0.0048828125,0.00390625,0.005859375,0.0009765625,-0.029296875
0.0,2,0.005859375,0.00390625,0.0078125,0.001953125,0.0
0.0,2,0.0048828125,0.00390625,0.005859375,0.0009765625,0.00390625
0.0,2,0.013671875,0.01171875,0.015625,0.001953125,-0.009765625
0.0,2,0.0068359375,0.005859375,0.0078125,0.0009765625,-0.052734375
0.0,2,0.0029296875,0.001953125,0.00390625,0.0009765625,0.037109375
0.0,2,0.0087890625,0.0078125,0.009765625,0.0009765625,-0.013671875
0.0,2,0.0029296875,0.0,0.005859375,0.0029296875,0.033203125
0.0,2,0.009765625,0.0078125,0.01171875,0.001953125,-0.015625
0.0,2,0.00390625,0.0,0.0078125,0.00390625,-0.048828125
0.0,2,0.005859375,0.00390625,0.0078125,0.001953125,-0.0234375
0.0,2,0.00390625,0.00390625,0.00390625,0.0,-0.005859375
0.0,2,0.0185546875,0.017578125,0.01953125,0.0009765625,-0.005859375
0.0,2,0.0068359375,0.005859375,0.0078125,0.0009765625,-0.001953125
0.0,2,0.001953125,0.001953125,0.001953125,0.0,-0.01171875
0.0,2,0.0029296875,0.001953125,0.00390625,0.0009765625,0.013671875
0.0,2,0.0029296875,0.001953125,0.00390625,0.0009765625,-0.005859375
0.0,2,0.001953125,0.0,0.00390625,0.001953125,-0.046875
0.0,2,0.00390625,0.00390625,0.00390625,0.0,-0.015625
0.0,2,0.0029296875,0.001953125,0.00390625,0.0009765625,0.013671875
0.0,2,0.01171875,0.009765625,0.013671875,0.001953125,-0.05859375
0.0,2,0.0029296875,0.001953125,0.00390625,0.0009765625,-0.017578125
0.0,2,0.013671875,0.01171875,0.015625,0.001953125,0.005859375
0.0,2,0.005859375,0.00390625,0.0078125,0.001953125,-0.029296875
0.0,2,0.005859375,0.00390625,0.0078125,0.001953125,-0.029296875
0.0,2,0.0078125,0.005859375,0.009765625,0.001953125,-0.013671875
0.0,2,0.005859375,0.001953125,0.009765625,0.00390625,0.017578125
0.0,2,0.0087890625,0.0078125,0.009765625,0.0009765625,-0.033203125
0.0,2,0.0126953125,0.01171875,0.013671875,0.0009765625,-0.015625
0.0,2,0.0107421875,0.009765625,0.01171875,0.0009765625,-0.037109375
0.0,2,0.0009765625,0.0,0.001953125,0.0009765625,-0.060546875
0.0,2,0.0107421875,0.009765625,0.01171875,0.0009765625,-0.029296875
0.0,2,0.0009765625,0.0,0.001953125,0.0009765625,-0.0390625
0.0,2,0.0126953125,0.01171875,0.013671875,0.0009765625,-0.037109375
0.0,2,0.00390625,0.00390625,0.00390625,0.0,-0.0390625
0.0,2,0.01171875,0.01171875,0.01171875,0.0,-0.025390625
0.0,2,0.0126953125,0.01171875,0.013671875,0.0009765625,-0.046875
0.0,2,0.0107421875,0.009765625,0.01171875,0.0009765625,-0.01953125
0.0,2,0.009765625,0.009765625,0.009765625,0.0,-0.056640625
0.0,2,0.0146484375,0.013671875,0.015625,0.0009765625,0.00390625
0.0,2,0.0107421875,0.009765625,0.01171875,0.0009765625,-0.0390625
0.0,2,0.0068359375,0.005859375,0.0078125,0.0009765625,-0.03515625
0.0,2,0.0009765625,0.0,0.001953125,0.0009765625,-0.046875
0.0,2,0.0029296875,0.001953125,0.00390625,0.0009765625,-0.06640625
0.0,2,0.0048828125,0.001953125,0.0078125,0.0029296875,-0.064453125
0.0,2,0.017578125,0.017578125,0.017578125,0.0,0.015625
0.0,2,0.0087890625,0.0078125,0.009765625,0.0009765625,-0.021484375
0.0,2,0.0068359375,0.005859375,0.0078125,0.0009765625,-0.017578125
0.0,2,0.013671875,0.009765625,0.017578125,0.00390625,-0.03125
0.0,2,0.0107421875,0.0078125,0.013671875,0.0029296875,-0.01171875
0.0,2,0.00390625,0.001953125,0.005859375,0.001953125,-0.013671875
0.0,2,0.0029296875,0.001953125,0.00390625,0.0009765625,-0.021484375
0.0,2,0.0048828125,0.00390625,0.005859375,0.0009765625,-0.03125
0.0,2,0.005859375,0.00390625,0.0078125,0.001953125,-0.009765625
0.0,2,0.005859375,0.00390625,0.0078125,0.001953125,-0.013671875
0.0,2,0.0009765625,0.0,0.001953125,0.0009765625,-0.02734375
0.0,2,0.0048828125,0.00390625,0.005859375,0.0009765625,-0.03125
0.0,2,0.0029296875,0.001953125,0.00390625,0.0009765625,-0.037109375
0.0,2,0.017578125,0.017578125,0.017578125,0.0,-0.005859375
0.0,2,0.02734375,0.025390625,0.029296875,0.001953125,-0.0234375
0.0,2,0.00390625,0.0,0.0078125,0.00390625,-0.0078125
0.0,2,0.0068359375,0.005859375,0.0078125,0.0009765625,0.001953125
0.0,2,0.01171875,0.009765625,0.013671875,0.001953125,-0.037109375
0.0,2,0.001953125,0.001953125,0.001953125,0.0,-0.01171875
0.0,2,0.0078125,0.005859375,0.009765625,0.001953125,-0.01953125
0.0,2,0.009765625,0.005859375,0.013671875,0.00390625,-0.041015625
0.0,2,0.0048828125,0.00390625,0.005859375,0.0009765625,-0.068359375
0.0,2,0.0068359375,0.00390625,0.009765625,0.0029296875,-0.015625
0.0,2,0.0087890625,0.0078125,0.009765625,0.0009765625,0.01953125
0.0,2,0.001953125,0.001953125,0.001953125,0.0,0.0390625
0.0,2,0.00390625,0.00390625,0.00390625,0.0,-0.056640625
0.0,2,0.0068359375,0.005859375,0.0078125,0.0009765625,-0.037109375
0.0,2,0.0009765625,0.0,0.001953125,0.0009765625,-0.001953125
0.0,2,0.0009765625,0.0,0.001953125,0.0009765625,-0.009765625
0.0,2,0.0146484375,0.013671875,0.015625,0.0009765625,-0.03125
0.0,2,0.0126953125,0.01171875,0.013671875,0.0009765625,-0.044921875
0.2,2,0.212890625,0.212890625,0.212890625,0.0,-0.064453125
0.2,2,0.2080078125,0.205078125,0.2109375,0.0029296875,-0.0234375
0.2,2,0.20703125,0.205078125,0.208984375,0.001953125,-0.060546875
0.2,2,0.2109375,0.2109375,0.2109375,0.0,-0.05859375
0.2,2,0.220703125,0.21875,0.22265625,0.001953125,-0.05078125
0.2,2,0.22265625,0.220703125,0.224609375,0.001953125,-0.068359375
0.2,2,0.2001953125,0.19921875,0.201171875,0.0009765625,-0.09375
0.2,2,0.2099609375,0.208984375,0.2109375,0.0009765625,-0.0625
0.2,2,0.212890625,0.212890625,0.212890625,0.0,-0.07421875
0.2,2,0.2109375,0.208984375,0.212890625,0.001953125,-0.04296875
0.2,2,0.201171875,0.197265625,0.205078125,0.00390625,-0.033203125
0.2,2,0.20703125,0.20703125,0.20703125,0.0,-0.03125
0.2,2,0.20703125,0.20703125,0.20703125,0.0,-0.087890625
0.2,2,0.2109375,0.208984375,0.212890625,0.001953125,-0.091796875
0.2,2,0.2177734375,0.216796875,0.21875,0.0009765625,-0.033203125
0.2,2,0.21875,0.21875,0.21875,0.0,-0.04296875
0.2,2,0.208984375,0.20703125,0.2109375,0.001953125,-0.0546875
0.2,2,0.2099609375,0.208984375,0.2109375,0.0009765625,-0.109375
0.2,2,0.2060546875,0.205078125,0.20703125,0.0009765625,-0.09375
0.2,2,0.208984375,0.20703125,0.2109375,0.001953125,-0.03125
0.2,2,0.2041015625,0.203125,0.205078125,0.0009765625,-0.046875
0.2,2,0.21484375,0.21484375,0.21484375,0.0,-0.056640625
0.2,1,0.220703125,0.220703125,0.220703125,0.0,-0.05859375
0.2,2,0.197265625,0.1953125,0.19921875,0.001953125,-0.048828125
0.2,2,0.2021484375,0.201171875,0.203125,0.0009765625,-0.0546875
0.2,2,0.203125,0.201171875,0.205078125,0.001953125,-0.078125
0.2,2,0.2060546875,0.205078125,0.20703125,0.0009765625,-0.0625
0.2,2,0.208984375,0.208984375,0.208984375,0.0,-0.080078125
0.2,2,0.2099609375,0.20703125,0.212890625,0.0029296875,-0.037109375
0.2,2,0.1923828125,0.19140625,0.193359375,0.0009765625,-0.08203125
0.2,2,0.212890625,0.212890625,0.212890625,0.0,-0.087890625
0.2,2,0.2158203125,0.21484375,0.216796875,0.0009765625,-0.037109375
0.2,2,0.205078125,0.201171875,0.208984375,0.00390625,-0.076171875
0.2,2,0.2099609375,0.208984375,0.2109375,0.0009765625,-0.02734375
0.2,2,0.2060546875,0.205078125,0.20703125,0.0009765625,-0.05859375
0.2,2,0.2041015625,0.203125,0.205078125,0.0009765625,-0.048828125
0.2,2,0.205078125,0.205078125,0.205078125,0.0,-0.076171875
0.2,2,0.203125,0.201171875,0.205078125,0.001953125,-0.0390625
0.2,2,0.203125,0.203125,0.203125,0.0,-0.0546875
0.2,2,0.2060546875,0.205078125,0.20703125,0.0009765625,-0.048828125
0.2,2,0.2099609375,0.20703125,0.212890625,0.0029296875,-0.0859375
0.2,2,0.212890625,0.2109375,0.21484375,0.001953125,-0.052734375
0.2,2,0.205078125,0.203125,0.20703125,0.001953125,-0.04296875
0.2,2,0.197265625,0.1953125,0.19921875,0.001953125,-0.048828125
0.2,2,0.208984375,0.208984375,0.208984375,0.0,-0.107421875
0.2,2,0.2060546875,0.205078125,0.20703125,0.0009765625,-0.087890625
0.2,2,0.1923828125,0.19140625,0.193359375,0.0009765625,-0.060546875
0.2,2,0.208984375,0.20703125,0.2109375,0.001953125,-0.052734375
0.2,2,0.2041015625,0.201171875,0.20703125,0.0029296875,-0.033203125
0.2,2,0.2138671875,0.212890625,0.21484375,0.0009765625,-0.078125
0.2,2,0.1953125,0.193359375,0.197265625,0.001953125,-0.01953125
0.2,2,0.2197265625,0.21875,0.220703125,0.0009765625,-0.06640625
0.2,2,0.205078125,0.203125,0.20703125,0.001953125,-0.05078125
0.2,2,0.20703125,0.205078125,0.208984375,0.001953125,-0.0546875
0.2,2,0.185546875,0.185546875,0.185546875,0.0,-0.048828125
0.2,2,0.2001953125,0.197265625,0.203125,0.0029296875,-0.056640625
0.2,2,0.208984375,0.20703125,0.2109375,0.001953125,-0.103515625
0.2,2,0.1962890625,0.193359375,0.19921875,0.0029296875,-0.080078125
0.2,2,0.2197265625,0.21875,0.220703125,0.0009765625,-0.078125
0.2,2,0.19921875,0.19921875,0.19921875,0.0,-0.115234375
0.2,1,0.22265625,0.22265625,0.22265625,0.0,-0.076171875
0.2,2,0.20703125,0.205078125,0.208984375,0.001953125,-0.0625
0.2,2,0.2158203125,0.21484375,0.216796875,0.0009765625,-0.044921875
0.2,2,0.205078125,0.205078125,0.205078125,0.0,-0.03515625
0.2,2,0.20703125,0.205078125,0.208984375,0.001953125,-0.04296875
0.2,2,0.205078125,0.203125,0.20703125,0.001953125,-0.076171875
0.2,2,0.2080078125,0.205078125,0.2109375,0.0029296875,-0.076171875
0.2,2,0.1943359375,0.19140625,0.197265625,0.0029296875,-0.08203125
0.2,2,0.201171875,0.19921875,0.203125,0.001953125,-0.0390625
0.2,2,0.2001953125,0.19921875,0.201171875,0.0009765625,-0.08203125
0.2,2,0.2119140625,0.2109375,0.212890625,0.0009765625,-0.048828125
0.2,2,0.2099609375,0.208984375,0.2109375,0.0009765625,-0.087890625
0.2,1,0.20703125,0.20703125,0.20703125,0.0,-0.029296875
0.2,2,0.1962890625,0.1953125,0.197265625,0.0009765625,-0.0546875
0.2,2,0.2041015625,0.203125,0.205078125,0.0009765625,-0.04296875
0.2,2,0.19921875,0.19921875,0.19921875,0.0,-0.076171875
0.2,2,0.2177734375,0.21484375,0.220703125,0.0029296875,-0.041015625
0.2,2,0.1982421875,0.197265625,0.19921875,0.0009765625,-0.033203125
0.2,2,0.2021484375,0.201171875,0.203125,0.0009765625,-0.052734375
0.2,2,0.21875,0.216796875,0.220703125,0.001953125,-0.0625
0.2,2,0.2197265625,0.21875,0.220703125,0.0009765625,-0.0390625
0.2,2,0.201171875,0.201171875,0.201171875,0.0,-0.078125
0.2,2,0.2177734375,0.216796875,0.21875,0.0009765625,-0.064453125
0.2,2,0.205078125,0.205078125,0.205078125,0.0,-0.078125
0.2,2,0.1982421875,0.197265625,0.19921875,0.0009765625,-0.05859375
0.2,2,0.185546875,0.185546875,0.185546875,0.0,-0.083984375
0.2,2,0.2099609375,0.208984375,0.2109375,0.0009765625,-0.064453125
0.2,2,0.2041015625,0.201171875,0.20703125,0.0029296875,-0.07421875
0.2,2,0.22265625,0.220703125,0.224609375,0.001953125,-0.06640625
0.2,2,0.2109375,0.2109375,0.2109375,0.0,-0.068359375
0.2,2,0.2041015625,0.201171875,0.20703125,0.0029296875,-0.091796875
0.2,2,0.2021484375,0.201171875,0.203125,0.0009765625,-0.0703125
0.2,2,0.1953125,0.193359375,0.197265625,0.001953125,-0.068359375
0.2,2,0.2099609375,0.208984375,0.2109375,0.0009765625,-0.0625
0.2,2,0.2177734375,0.216796875,0.21875,0.0009765625,-0.0546875
0.2,2,0.21484375,0.21484375,0.21484375,0.0,-0.0859375
0.2,2,0.21484375,0.212890625,0.216796875,0.001953125,-0.021484375
0.2,2,0.212890625,0.212890625,0.212890625,0.0,-0.056640625
0.2,2,0.2080078125,0.205078125,0.2109375,0.0029296875,-0.021484375
0.2,2,0.2021484375,0.201171875,0.203125,0.0009765625,-0.080078125
0.2,2,0.205078125,0.203125,0.20703125,0.001953125,-0.08203125
0.2,2,0.2001953125,0.1953125,0.205078125,0.0048828125,-0.044921875
0.2,2,0.1904296875,0.189453125,0.19140625,0.0009765625,-0.05078125
0.2,2,0.21484375,0.21484375,0.21484375,0.0,-0.06640625
0.2,2,0.19921875,0.19921875,0.19921875,0.0,-0.072265625
0.2,2,0.2119140625,0.2109375,0.212890625,0.0009765625,-0.05859375
0.2,2,0.216796875,0.21484375,0.21875,0.001953125,-0.076171875
0.2,2,0.201171875,0.201171875,0.201171875,0.0,-0.03125
0.2,2,0.2060546875,0.205078125,0.20703125,0.0009765625,-0.0703125
0.2,2,0.2041015625,0.203125,0.205078125,0.0009765625,-0.052734375
0.2,2,0.205078125,0.203125,0.20703125,0.001953125,-0.056640625
0.2,2,0.2138671875,0.212890625,0.21484375,0.0009765625,-0.087890625
0.2,2,0.2021484375,0.19921875,0.205078125,0.0029296875,-0.072265625
0.2,2,0.2001953125,0.19921875,0.201171875,0.0009765625,-0.091796875
0.2,2,0.1923828125,0.1875,0.197265625,0.0048828125,-0.029296875
0.2,2,0.2236328125,0.22265625,0.224609375,0.0009765625,-0.078125
0.2,2,0.201171875,0.201171875,0.201171875,0.0,-0.025390625
0.2,2,0.205078125,0.19921875,0.2109375,0.005859375,-0.041015625
0.2,2,0.203125,0.203125,0.203125,0.0,-0.05078125
0.2,2,0.201171875,0.19921875,0.203125,0.001953125,-0.080078125
0.2,2,0.2119140625,0.2109375,0.212890625,0.0009765625,-0.044921875
0.2,2,0.205078125,0.203125,0.20703125,0.001953125,-0.056640625
0.2,2,0.2109375,0.2109375,0.2109375,0.0,-0.03125
0.2,2,0.2001953125,0.19921875,0.201171875,0.0009765625,-0.05078125
0.2,2,0.201171875,0.201171875,0.201171875,0.0,-0.06640625
0.2,2,0.21484375,0.212890625,0.216796875,0.001953125,-0.0625
0.2,2,0.205078125,0.203125,0.20703125,0.001953125,-0.052734375
0.2,2,0.197265625,0.197265625,0.197265625,0.0,-0.07421875
0.2,2,0.20703125,0.20703125,0.20703125,0.0,-0.052734375
0.2,2,0.2080078125,0.205078125,0.2109375,0.0029296875,-0.087890625
0.2,2,0.2080078125,0.20703125,0.208984375,0.0009765625,-0.068359375
0.2,2,0.1962890625,0.1953125,0.197265625,0.0009765625,-0.044921875
0.2,2,0.205078125,0.205078125,0.205078125,0.0,-0.060546875
0.2,2,0.1953125,0.193359375,0.197265625,0.001953125,-0.029296875
0.2,2,0.21875,0.216796875,0.220703125,0.001953125,-0.0546875
0.2,2,0.2138671875,0.212890625,0.21484375,0.0009765625,-0.052734375
0.2,2,0.212890625,0.212890625,0.212890625,0.0,-0.03125
0.2,2,0.2060546875,0.203125,0.208984375,0.0029296875,-0.076171875
0.2,2,0.20703125,0.203125,0.2109375,0.00390625,-0.068359375
0.2,2,0.1923828125,0.19140625,0.193359375,0.0009765625,-0.072265625
0.2,2,0.203125,0.201171875,0.205078125,0.001953125,-0.046875
0.2,2,0.1982421875,0.1953125,0.201171875,0.0029296875,-0.03515625
0.2,2,0.1982421875,0.197265625,0.19921875,0.0009765625,-0.087890625
0.2,2,0.216796875,0.216796875,0.216796875,0.0,-0.05078125
0.2,2,0.205078125,0.205078125,0.205078125,0.0,-0.048828125
0.2,2,0.20703125,0.205078125,0.208984375,0.001953125,-0.0703125
0.2,2,0.2001953125,0.19921875,0.201171875,0.0009765625,-0.0703125
0.2,2,0.20703125,0.205078125,0.208984375,0.001953125,-0.06640625
0.2,2,0.19921875,0.19921875,0.19921875,0.0,-0.07421875
0.2,2,0.185546875,0.18359375,0.1875,0.001953125,-0.0546875
0.2,2,0.20703125,0.205078125,0.208984375,0.001953125,-0.0703125
0.2,2,0.2099609375,0.208984375,0.2109375,0.0009765625,-0.03515625
0.2,2,0.2099609375,0.208984375,0.2109375,0.0009765625,-0.064453125
0.2,2,0.2119140625,0.2109375,0.212890625,0.0009765625,-0.033203125
0.2,2,0.2158203125,0.21484375,0.216796875,0.0009765625,-0.0390625
0.2,2,0.2197265625,0.21875,0.220703125,0.0009765625,-0.056640625
0.2,2,0.212890625,0.2109375,0.21484375,0.001953125,-0.09765625
0.2,2,0.2080078125,0.20703125,0.208984375,0.0009765625,-0.021484375
0.2,2,0.2158203125,0.21484375,0.216796875,0.0009765625,-0.0625
0.2,2,0.2109375,0.208984375,0.212890625,0.001953125,-0.07421875
0.2,2,0.208984375,0.20703125,0.2109375,0.001953125,-0.080078125
0.2,2,0.203125,0.201171875,0.205078125,0.001953125,-0.078125
0.2,2,0.2255859375,0.224609375,0.2265625,0.0009765625,-0.078125
0.2,2,0.216796875,0.216796875,0.216796875,0.0,-0.068359375
0.2,2,0.205078125,0.205078125,0.205078125,0.0,-0.087890625
0.2,2,0.20703125,0.205078125,0.208984375,0.001953125,-0.08984375
0.2,2,0.2119140625,0.2109375,0.212890625,0.0009765625,-0.03125
0.2,2,0.2109375,0.2109375,0.2109375,0.0,-0.091796875
0.2,2,0.2041015625,0.203125,0.205078125,0.0009765625,-0.0703125
0.2,2,0.21875,0.216796875,0.220703125,0.001953125,-0.048828125
0.2,2,0.216796875,0.21484375,0.21875,0.001953125,-0.0625
0.2,2,0.2041015625,0.203125,0.205078125,0.0009765625,-0.001953125
0.2,2,0.2021484375,0.201171875,0.203125,0.0009765625,-0.021484375
0.2,2,0.1923828125,0.19140625,0.193359375,0.0009765625,-0.03515625
0.2,2,0.212890625,0.212890625,0.212890625,0.0,-0.091796875
0.2,2,0.19921875,0.197265625,0.201171875,0.001953125,-0.03125
0.2,2,0.2041015625,0.203125,0.205078125,0.0009765625,-0.099609375
0.2,2,0.2109375,0.208984375,0.212890625,0.001953125,-0.060546875
0.2,2,0.197265625,0.197265625,0.197265625,0.0,-0.01171875
0.2,2,0.203125,0.203125,0.203125,0.0,-0.052734375
0.2,2,0.20703125,0.205078125,0.208984375,0.001953125,-0.076171875
0.2,1,0.224609375,0.224609375,0.224609375,0.0,-0.05859375
0.2,2,0.2109375,0.208984375,0.212890625,0.001953125,-0.07421875
0.2,2,0.22265625,0.220703125,0.224609375,0.001953125,-0.11328125
0.2,2,0.2021484375,0.201171875,0.203125,0.0009765625,-0.048828125
0.2,1,0.205078125,0.205078125,0.205078125,0.0,-0.103515625
0.2,2,0.19921875,0.197265625,0.201171875,0.001953125,-0.07421875
0.2,2,0.19921875,0.19921875,0.19921875,0.0,-0.01953125
0.2,2,0.2119140625,0.2109375,0.212890625,0.0009765625,-0.04296875
0.2,2,0.208984375,0.20703125,0.2109375,0.001953125,-0.05078125
0.2,2,0.2138671875,0.212890625,0.21484375,0.0009765625,-0.068359375
0.2,2,0.2021484375,0.201171875,0.203125,0.0009765625,-0.05078125
0.2,2,0.2109375,0.208984375,0.212890625,0.001953125,-0.03515625
0.2,2,0.1953125,0.193359375,0.197265625,0.001953125,-0.044921875
0.2,2,0.203125,0.203125,0.203125,0.0,-0.083984375
0.2,2,0.2001953125,0.19921875,0.201171875,0.0009765625,-0.064453125
0.2,2,0.2021484375,0.201171875,0.203125,0.0009765625,-0.0625
0.2,2,0.2099609375,0.208984375,0.2109375,0.0009765625,-0.046875
0.2,2,0.2138671875,0.212890625,0.21484375,0.0009765625,-0.07421875
0.2,2,0.2080078125,0.20703125,0.208984375,0.0009765625,-0.068359375
0.2,2,0.2041015625,0.203125,0.205078125,0.0009765625,-0.0546875
0.2,2,0.208984375,0.208984375,0.208984375,0.0,-0.078125
0.2,2,0.2119140625,0.2109375,0.212890625,0.0009765625,-0.044921875
0.2,2,0.1953125,0.193359375,0.197265625,0.001953125,-0.0234375
0.2,2,0.2177734375,0.216796875,0.21875,0.0009765625,-0.068359375
0.2,2,0.2138671875,0.212890625,0.21484375,0.0009765625,-0.046875
0.2,2,0.201171875,0.19921875,0.203125,0.001953125,-0.060546875
0.2,2,0.2080078125,0.20703125,0.208984375,0.0009765625,-0.05859375
0.2,2,0.2099609375,0.20703125,0.212890625,0.0029296875,-0.11328125
0.2,2,0.19921875,0.19921875,0.19921875,0.0,-0.08984375
0.2,2,0.1982421875,0.197265625,0.19921875,0.0009765625,-0.064453125
0.2,2,0.1943359375,0.193359375,0.1953125,0.0009765625,-0.048828125
0.2,2,0.216796875,0.21484375,0.21875,0.001953125,-0.103515625
0.2,2,0.203125,0.203125,0.203125,0.0,-0.06640625
0.2,2,0.2099609375,0.208984375,0.2109375,0.0009765625,-0.046875
0.2,2,0.2021484375,0.201171875,0.203125,0.0009765625,-0.029296875
0.2,2,0.1982421875,0.193359375,0.203125,0.0048828125,-0.072265625
0.2,2,0.2119140625,0.2109375,0.212890625,0.0009765625,-0.05078125
0.2,2,0.2197265625,0.21875,0.220703125,0.0009765625,-0.111328125
0.2,2,0.205078125,0.203125,0.20703125,0.001953125,-0.03515625
0.2,2,0.197265625,0.197265625,0.197265625,0.0,-0.03515625
0.2,2,0.212890625,0.2109375,0.21484375,0.001953125,-0.06640625
0.2,2,0.2119140625,0.2109375,0.212890625,0.0009765625,-0.05078125
0.2,2,0.193359375,0.193359375,0.193359375,0.0,-0.095703125
0.2,1,0.20703125,0.20703125,0.20703125,0.0,-0.052734375
0.2,2,0.2119140625,0.2109375,0.212890625,0.0009765625,-0.083984375
0.2,2,0.2099609375,0.208984375,0.2109375,0.0009765625,-0.0546875
0.2,2,0.21875,0.21875,0.21875,0.0,-0.056640625
0.2,2,0.2001953125,0.197265625,0.203125,0.0029296875,-0.06640625
0.2,2,0.2060546875,0.205078125,0.20703125,0.0009765625,-0.103515625
0.2,2,0.2080078125,0.20703125,0.208984375,0.0009765625,-0.037109375
0.2,2,0.21484375,0.21484375,0.21484375,0.0,-0.04296875
0.2,2,0.205078125,0.203125,0.20703125,0.001953125,-0.05859375
0.2,2,0.189453125,0.1875,0.19140625,0.001953125,-0.056640625
0.2,2,0.205078125,0.205078125,0.205078125,0.0,-0.08984375
0.2,2,0.21484375,0.212890625,0.216796875,0.001953125,-0.0625
0.2,2,0.203125,0.201171875,0.205078125,0.001953125,-0.095703125
0.2,2,0.2041015625,0.203125,0.205078125,0.0009765625,-0.015625
0.2,2,0.20703125,0.20703125,0.20703125,0.0,-0.0546875
0.2,2,0.2080078125,0.20703125,0.208984375,0.0009765625,-0.05859375
0.2,2,0.216796875,0.212890625,0.220703125,0.00390625,-0.04296875
0.2,2,0.2138671875,0.212890625,0.21484375,0.0009765625,-0.056640625
0.2,2,0.2138671875,0.2109375,0.216796875,0.0029296875,-0.056640625
0.2,2,0.20703125,0.205078125,0.208984375,0.001953125,-0.080078125
0.2,2,0.203125,0.19921875,0.20703125,0.00390625,-0.08203125
0.2,2,0.208984375,0.20703125,0.2109375,0.001953125,-0.04296875
0.2,2,0.2265625,0.224609375,0.228515625,0.001953125,-0.076171875
0.2,2,0.21484375,0.21484375,0.21484375,0.0,-0.037109375
0.2,2,0.2021484375,0.201171875,0.203125,0.0009765625,-0.09375
0.2,1,0.224609375,0.224609375,0.224609375,0.0,-0.078125
0.2,2,0.2060546875,0.205078125,0.20703125,0.0009765625,-0.09765625
0.2,2,0.2021484375,0.201171875,0.203125,0.0009765625,-0.080078125
0.2,2,0.2119140625,0.208984375,0.21484375,0.0029296875,-0.0546875
0.2,2,0.2021484375,0.201171875,0.203125,0.0009765625,-0.01953125
0.2,2,0.19140625,0.19140625,0.19140625,0.0,-0.052734375
0.2,2,0.2158203125,0.21484375,0.216796875,0.0009765625,-0.08203125
0.2,2,0.2138671875,0.212890625,0.21484375,0.0009765625,-0.0546875
0.2,2,0.205078125,0.203125,0.20703125,0.001953125,-0.048828125
0.2,2,0.2099609375,0.20703125,0.212890625,0.0029296875,-0.033203125
0.2,2,0.212890625,0.212890625,0.212890625,0.0,-0.09765625
0.2,2,0.21484375,0.212890625,0.216796875,0.001953125,-0.0390625
0.2,2,0.216796875,0.216796875,0.216796875,0.0,-0.087890625
0.2,2,0.20703125,0.20703125,0.20703125,0.0,-0.068359375
0.2,2,0.20703125,0.205078125,0.208984375,0.001953125,-0.05078125
0.2,2,0.19921875,0.197265625,0.201171875,0.001953125,0.0
0.2,2,0.2158203125,0.21484375,0.216796875,0.0009765625,-0.03515625
0.2,2,0.201171875,0.19921875,0.203125,0.001953125,-0.08203125
0.2,2,0.2109375,0.2109375,0.2109375,0.0,-0.072265625
0.2,2,0.20703125,0.20703125,0.20703125,0.0,-0.064453125
0.2,2,0.2099609375,0.208984375,0.2109375,0.0009765625,-0.03125
0.2,2,0.203125,0.203125,0.203125,0.0,-0.064453125
0.2,2,0.20703125,0.205078125,0.208984375,0.001953125,-0.10546875
0.2,2,0.208984375,0.20703125,0.2109375,0.001953125,-0.0625
0.2,2,0.2041015625,0.203125,0.205078125,0.0009765625,-0.08203125
0.2,2,0.2021484375,0.201171875,0.203125,0.0009765625,-0.05859375
0.2,2,0.2216796875,0.220703125,0.22265625,0.0009765625,-0.083984375
0.2,2,0.2119140625,0.2109375,0.212890625,0.0009765625,-0.01953125
0.2,2,0.2060546875,0.203125,0.208984375,0.0029296875,-0.09765625
0.2,2,0.2099609375,0.208984375,0.2109375,0.0009765625,-0.1015625
0.2,2,0.2080078125,0.20703125,0.208984375,0.0009765625,-0.0546875
0.2,2,0.205078125,0.203125,0.20703125,0.001953125,-0.078125
0.2,1,0.2265625,0.2265625,0.2265625,0.0,-0.0703125
0.2,2,0.212890625,0.2109375,0.21484375,0.001953125,-0.02734375
0.2,2,0.2177734375,0.21484375,0.220703125,0.0029296875,-0.064453125
0.2,2,0.19140625,0.189453125,0.193359375,0.001953125,-0.044921875
0.2,2,0.2109375,0.2109375,0.2109375,0.0,-0.05078125
0.2,2,0.2138671875,0.212890625,0.21484375,0.0009765625,-0.041015625
0.2,2,0.2080078125,0.20703125,0.208984375,0.0009765625,-0.0859375
0.2,2,0.1982421875,0.1953125,0.201171875,0.0029296875,-0.056640625
0.2,2,0.197265625,0.1953125,0.19921875,0.001953125,-0.080078125
0.2,2,0.1845703125,0.18359375,0.185546875,0.0009765625,-0.05078125
0.2,2,0.212890625,0.2109375,0.21484375,0.001953125,-0.068359375
0.2,2,0.1953125,0.193359375,0.197265625,0.001953125,-0.0703125
0.2,2,0.2119140625,0.2109375,0.212890625,0.0009765625,-0.02734375
0.2,2,0.2099609375,0.208984375,0.2109375,0.0009765625,-0.0546875
0.2,2,0.2138671875,0.212890625,0.21484375,0.0009765625,-0.08984375
0.2,2,0.20703125,0.20703125,0.20703125,0.0,-0.05859375
0.2,2,0.1982421875,0.1953125,0.201171875,0.0029296875,-0.0234375
0.2,1,0.216796875,0.216796875,0.216796875,0.0,-0.083984375
0.2,2,0.203125,0.201171875,0.205078125,0.001953125,-0.060546875
0.4,2,0.4111328125,0.41015625,0.412109375,0.0009765625,-0.17578125
0.4,2,0.4111328125,0.408203125,0.4140625,0.0029296875,-0.1640625
0.4,2,0.4169921875,0.416015625,0.41796875,0.0009765625,-0.16796875
0.4,2,0.4208984375,0.419921875,0.421875,0.0009765625,-0.14453125
0.4,2,0.4130859375,0.41015625,0.416015625,0.0029296875,-0.16015625
0.4,2,0.40625,0.404296875,0.408203125,0.001953125,-0.2109375
0.4,1,0.419921875,0.419921875,0.419921875,0.0,-0.22265625
0.4,1,0.412109375,0.412109375,0.412109375,0.0,-0.15625
0.4,1,0.416015625,0.416015625,0.416015625,0.0,-0.171875
0.4,2,0.4072265625,0.40625,0.408203125,0.0009765625,-0.173828125
0.4,2,0.4111328125,0.408203125,0.4140625,0.0029296875,-0.1796875
0.4,1,0.41015625,0.41015625,0.41015625,0.0,-0.1640625
0.4,2,0.4111328125,0.41015625,0.412109375,0.0009765625,-0.169921875
0.4,2,0.4228515625,0.421875,0.423828125,0.0009765625,-0.193359375
0.4,2,0.4111328125,0.41015625,0.412109375,0.0009765625,-0.17578125
0.4,2,0.41015625,0.408203125,0.412109375,0.001953125,-0.173828125
0.4,2,0.40234375,0.400390625,0.404296875,0.001953125,-0.19140625
0.4,1,0.41015625,0.41015625,0.41015625,0.0,-0.166015625
0.4,2,0.412109375,0.412109375,0.412109375,0.0,-0.19140625
0.4,2,0.4140625,0.412109375,0.416015625,0.001953125,-0.1640625
0.4,2,0.390625,0.388671875,0.392578125,0.001953125,-0.14453125
0.4,2,0.4130859375,0.412109375,0.4140625,0.0009765625,-0.189453125
0.4,2,0.4033203125,0.400390625,0.40625,0.0029296875,-0.193359375
0.4,2,0.4111328125,0.41015625,0.412109375,0.0009765625,-0.19921875
0.4,2,0.4248046875,0.423828125,0.42578125,0.0009765625,-0.166015625
0.4,1,0.412109375,0.412109375,0.412109375,0.0,-0.162109375
0.4,2,0.4111328125,0.41015625,0.412109375,0.0009765625,-0.197265625
0.4,2,0.3935546875,0.390625,0.396484375,0.0029296875,-0.173828125
0.4,1,0.421875,0.421875,0.421875,0.0,-0.203125
0.4,2,0.4111328125,0.41015625,0.412109375,0.0009765625,-0.146484375
0.4,2,0.408203125,0.40625,0.41015625,0.001953125,-0.1484375
0.4,2,0.419921875,0.41796875,0.421875,0.001953125,-0.197265625
0.4,2,0.4091796875,0.408203125,0.41015625,0.0009765625,-0.19140625
0.4,1,0.41796875,0.41796875,0.41796875,0.0,-0.138671875
0.4,2,0.4072265625,0.404296875,0.41015625,0.0029296875,-0.19921875
0.4,2,0.4033203125,0.40234375,0.404296875,0.0009765625,-0.185546875
0.4,2,0.4111328125,0.41015625,0.412109375,0.0009765625,-0.193359375
0.4,2,0.4130859375,0.412109375,0.4140625,0.0009765625,-0.158203125
0.4,1,0.419921875,0.419921875,0.419921875,0.0,-0.16015625
0.4,1,0.4140625,0.4140625,0.4140625,0.0,-0.1953125
0.4,2,0.416015625,0.416015625,0.416015625,0.0,-0.20703125
0.4,1,0.416015625,0.416015625,0.416015625,0.0,-0.181640625
0.4,2,0.408203125,0.40625,0.41015625,0.001953125,-0.18359375
0.4,2,0.416015625,0.4140625,0.41796875,0.001953125,-0.1796875
0.4,2,0.4111328125,0.41015625,0.412109375,0.0009765625,-0.19140625
0.4,2,0.412109375,0.41015625,0.4140625,0.001953125,-0.1796875
0.4,2,0.3984375,0.3984375,0.3984375,0.0,-0.19921875
0.4,2,0.4091796875,0.408203125,0.41015625,0.0009765625,-0.20703125
0.4,2,0.41015625,0.41015625,0.41015625,0.0,-0.177734375
0.4,2,0.4072265625,0.404296875,0.41015625,0.0029296875,-0.14453125
0.4,2,0.4033203125,0.40234375,0.404296875,0.0009765625,-0.169921875
0.4,2,0.4140625,0.412109375,0.416015625,0.001953125,-0.1875
0.4,2,0.4072265625,0.404296875,0.41015625,0.0029296875,-0.154296875
0.4,2,0.416015625,0.4140625,0.41796875,0.001953125,-0.181640625
0.4,2,0.4033203125,0.400390625,0.40625,0.0029296875,-0.14453125
0.4,1,0.421875,0.421875,0.421875,0.0,-0.162109375
0.4,2,0.412109375,0.412109375,0.412109375,0.0,-0.138671875
0.4,2,0.4189453125,0.41796875,0.419921875,0.0009765625,-0.189453125
0.4,2,0.4072265625,0.404296875,0.41015625,0.0029296875,-0.193359375
0.4,2,0.41015625,0.408203125,0.412109375,0.001953125,-0.15234375
0.4,2,0.404296875,0.40234375,0.40625,0.001953125,-0.17578125
0.4,1,0.4140625,0.4140625,0.4140625,0.0,-0.1640625
0.4,2,0.43359375,0.431640625,0.435546875,0.001953125,-0.193359375
0.4,2,0.4091796875,0.408203125,0.41015625,0.0009765625,-0.15234375
0.4,2,0.4111328125,0.41015625,0.412109375,0.0009765625,-0.171875
0.4,2,0.4208984375,0.419921875,0.421875,0.0009765625,-0.193359375
0.4,2,0.400390625,0.3984375,0.40234375,0.001953125,-0.197265625
0.4,2,0.41015625,0.41015625,0.41015625,0.0,-0.181640625
0.4,2,0.4150390625,0.412109375,0.41796875,0.0029296875,-0.203125
0.4,2,0.4130859375,0.412109375,0.4140625,0.0009765625,-0.1953125
0.4,2,0.4111328125,0.41015625,0.412109375,0.0009765625,-0.17578125
0.4,2,0.4189453125,0.41796875,0.419921875,0.0009765625,-0.19140625
0.4,1,0.41015625,0.41015625,0.41015625,0.0,-0.162109375
0.4,2,0.40234375,0.40234375,0.40234375,0.0,-0.208984375
0.4,2,0.404296875,0.404296875,0.404296875,0.0,-0.1640625
0.4,2,0.41015625,0.408203125,0.412109375,0.001953125,-0.169921875
0.4,2,0.4150390625,0.4140625,0.416015625,0.0009765625,-0.18359375
0.4,2,0.4052734375,0.404296875,0.40625,0.0009765625,-0.142578125
0.4,1,0.416015625,0.416015625,0.416015625,0.0,-0.203125
0.4,1,0.416015625,0.416015625,0.416015625,0.0,-0.17578125
0.4,2,0.4091796875,0.408203125,0.41015625,0.0009765625,-0.173828125
0.4,1,0.412109375,0.412109375,0.412109375,0.0,-0.16015625
0.4,2,0.4033203125,0.40234375,0.404296875,0.0009765625,-0.19921875
0.4,2,0.4111328125,0.41015625,0.412109375,0.0009765625,-0.19921875
0.4,2,0.4169921875,0.416015625,0.41796875,0.0009765625,-0.20703125
0.4,2,0.4189453125,0.41796875,0.419921875,0.0009765625,-0.185546875
0.4,1,0.412109375,0.412109375,0.412109375,0.0,-0.203125
0.4,2,0.4150390625,0.412109375,0.41796875,0.0029296875,-0.205078125
0.4,2,0.4140625,0.412109375,0.416015625,0.001953125,-0.17578125
0.4,2,0.40625,0.404296875,0.408203125,0.001953125,-0.1953125
0.4,2,0.40625,0.404296875,0.408203125,0.001953125,-0.171875
0.4,2,0.408203125,0.408203125,0.408203125,0.0,-0.201171875
0.4,2,0.40625,0.404296875,0.408203125,0.001953125,-0.1953125
0.4,2,0.4072265625,0.40625,0.408203125,0.0009765625,-0.181640625
0.4,2,0.416015625,0.4140625,0.41796875,0.001953125,-0.16015625
0.4,2,0.4052734375,0.40234375,0.408203125,0.0029296875,-0.14453125
0.4,2,0.4140625,0.4140625,0.4140625,0.0,-0.16015625
0.4,2,0.41015625,0.408203125,0.412109375,0.001953125,-0.19140625
0.4,2,0.4140625,0.412109375,0.416015625,0.001953125,-0.17578125
0.4,2,0.4111328125,0.408203125,0.4140625,0.0029296875,-0.173828125
0.4,2,0.42578125,0.42578125,0.42578125,0.0,-0.220703125
0.4,2,0.4150390625,0.4140625,0.416015625,0.0009765625,-0.201171875
0.4,2,0.408203125,0.408203125,0.408203125,0.0,-0.18359375
0.4,2,0.4189453125,0.41796875,0.419921875,0.0009765625,-0.17578125
0.4,2,0.4140625,0.412109375,0.416015625,0.001953125,-0.216796875
0.4,2,0.4052734375,0.404296875,0.40625,0.0009765625,-0.1953125
0.4,2,0.4228515625,0.421875,0.423828125,0.0009765625,-0.2109375
0.4,2,0.4013671875,0.400390625,0.40234375,0.0009765625,-0.185546875
0.4,2,0.4111328125,0.41015625,0.412109375,0.0009765625,-0.166015625
0.4,2,0.4140625,0.412109375,0.416015625,0.001953125,-0.201171875
0.4,2,0.416015625,0.416015625,0.416015625,0.0,-0.197265625
0.4,2,0.4033203125,0.40234375,0.404296875,0.0009765625,-0.19140625
0.4,2,0.41015625,0.41015625,0.41015625,0.0,-0.19140625
0.4,1,0.404296875,0.404296875,0.404296875,0.0,-0.142578125
0.4,2,0.4140625,0.41015625,0.41796875,0.00390625,-0.169921875
0.4,2,0.400390625,0.3984375,0.40234375,0.001953125,-0.15625
0.4,2,0.4072265625,0.404296875,0.41015625,0.0029296875,-0.171875
0.4,2,0.41015625,0.408203125,0.412109375,0.001953125,-0.1796875
0.4,2,0.41796875,0.41796875,0.41796875,0.0,-0.1875
0.4,2,0.40625,0.404296875,0.408203125,0.001953125,-0.158203125
0.4,2,0.416015625,0.4140625,0.41796875,0.001953125,-0.15625
0.4,2,0.4140625,0.4140625,0.4140625,0.0,-0.171875
0.4,2,0.40234375,0.40234375,0.40234375,0.0,-0.162109375
0.4,2,0.4130859375,0.412109375,0.4140625,0.0009765625,-0.1640625
0.4,2,0.421875,0.421875,0.421875,0.0,-0.173828125
0.4,2,0.4169921875,0.416015625,0.41796875,0.0009765625,-0.173828125
0.4,2,0.4130859375,0.412109375,0.4140625,0.0009765625,-0.21484375
0.4,2,0.4072265625,0.40625,0.408203125,0.0009765625,-0.20703125
0.4,1,0.419921875,0.419921875,0.419921875,0.0,-0.16796875
0.4,2,0.4130859375,0.41015625,0.416015625,0.0029296875,-0.123046875
0.4,2,0.4052734375,0.40234375,0.408203125,0.0029296875,-0.171875
0.4,2,0.4130859375,0.412109375,0.4140625,0.0009765625,-0.1796875
0.4,2,0.419921875,0.419921875,0.419921875,0.0,-0.201171875
0.4,2,0.4091796875,0.408203125,0.41015625,0.0009765625,-0.142578125
0.4,1,0.41015625,0.41015625,0.41015625,0.0,-0.1796875
0.4,2,0.4208984375,0.419921875,0.421875,0.0009765625,-0.162109375
0.4,2,0.4189453125,0.41796875,0.419921875,0.0009765625,-0.1640625
0.4,2,0.4130859375,0.41015625,0.416015625,0.0029296875,-0.18359375
0.4,2,0.416015625,0.416015625,0.416015625,0.0,-0.154296875
0.4,2,0.4052734375,0.404296875,0.40625,0.0009765625,-0.1796875
0.4,2,0.423828125,0.423828125,0.423828125,0.0,-0.15625
0.4,2,0.4111328125,0.408203125,0.4140625,0.0029296875,-0.16015625
0.4,2,0.4208984375,0.419921875,0.421875,0.0009765625,-0.166015625
0.4,2,0.412109375,0.412109375,0.412109375,0.0,-0.173828125
0.4,2,0.4150390625,0.4140625,0.416015625,0.0009765625,-0.197265625
0.4,2,0.4140625,0.412109375,0.416015625,0.001953125,-0.1875
0.4,1,0.421875,0.421875,0.421875,0.0,-0.201171875
0.4,2,0.4072265625,0.40625,0.408203125,0.0009765625,-0.158203125
0.4,2,0.41796875,0.41796875,0.41796875,0.0,-0.181640625
0.4,2,0.4150390625,0.4140625,0.416015625,0.0009765625,-0.185546875
0.4,2,0.412109375,0.412109375,0.412109375,0.0,-0.181640625
0.4,2,0.41015625,0.41015625,0.41015625,0.0,-0.1640625
0.4,2,0.4052734375,0.404296875,0.40625,0.0009765625,-0.16015625
0.4,2,0.41015625,0.41015625,0.41015625,0.0,-0.1875
0.4,2,0.408203125,0.408203125,0.408203125,0.0,-0.169921875
0.4,1,0.419921875,0.419921875,0.419921875,0.0,-0.1796875
0.4,2,0.4130859375,0.412109375,0.4140625,0.0009765625,-0.18359375
0.4,2,0.4150390625,0.4140625,0.416015625,0.0009765625,-0.1796875
0.4,2,0.408203125,0.408203125,0.408203125,0.0,-0.171875
0.4,2,0.4150390625,0.4140625,0.416015625,0.0009765625,-0.16015625
0.4,2,0.4208984375,0.419921875,0.421875,0.0009765625,-0.17578125
0.4,2,0.41015625,0.41015625,0.41015625,0.0,-0.193359375
0.4,2,0.40625,0.40234375,0.41015625,0.00390625,-0.162109375
0.4,2,0.4130859375,0.412109375,0.4140625,0.0009765625,-0.203125
0.4,2,0.408203125,0.408203125,0.408203125,0.0,-0.189453125
0.4,1,0.419921875,0.419921875,0.419921875,0.0,-0.158203125
0.4,2,0.423828125,0.421875,0.42578125,0.001953125,-0.19140625
0.4,2,0.404296875,0.40234375,0.40625,0.001953125,-0.177734375
0.4,2,0.4169921875,0.416015625,0.41796875,0.0009765625,-0.1875
0.4,2,0.4189453125,0.41796875,0.419921875,0.0009765625,-0.212890625
0.4,2,0.404296875,0.404296875,0.404296875,0.0,-0.201171875
0.4,2,0.4150390625,0.4140625,0.416015625,0.0009765625,-0.185546875
0.4,2,0.41015625,0.41015625,0.41015625,0.0,-0.146484375
0.4,1,0.412109375,0.412109375,0.412109375,0.0,-0.171875
0.4,2,0.4150390625,0.4140625,0.416015625,0.0009765625,-0.20703125
0.4,2,0.4130859375,0.41015625,0.416015625,0.0029296875,-0.1875
0.4,1,0.419921875,0.419921875,0.419921875,0.0,-0.236328125
0.4,2,0.4052734375,0.404296875,0.40625,0.0009765625,-0.20703125
0.4,2,0.4033203125,0.40234375,0.404296875,0.0009765625,-0.15234375
0.4,2,0.4130859375,0.412109375,0.4140625,0.0009765625,-0.15625
0.4,2,0.4091796875,0.408203125,0.41015625,0.0009765625,-0.1953125
0.4,2,0.4189453125,0.41796875,0.419921875,0.0009765625,-0.185546875
0.4,2,0.4072265625,0.404296875,0.41015625,0.0029296875,-0.208984375
0.4,2,0.408203125,0.40625,0.41015625,0.001953125,-0.201171875
0.4,2,0.41015625,0.408203125,0.412109375,0.001953125,-0.140625
0.4,2,0.4033203125,0.40234375,0.404296875,0.0009765625,-0.193359375
0.4,2,0.4208984375,0.419921875,0.421875,0.0009765625,-0.166015625
0.4,2,0.4130859375,0.412109375,0.4140625,0.0009765625,-0.1640625
0.4,2,0.41015625,0.408203125,0.412109375,0.001953125,-0.1796875
0.4,1,0.4140625,0.4140625,0.4140625,0.0,-0.154296875
0.4,1,0.421875,0.421875,0.421875,0.0,-0.197265625
0.4,2,0.41796875,0.41796875,0.41796875,0.0,-0.171875
0.4,2,0.4033203125,0.400390625,0.40625,0.0029296875,-0.14453125
0.4,2,0.404296875,0.40234375,0.40625,0.001953125,-0.177734375
0.4,2,0.4072265625,0.40625,0.408203125,0.0009765625,-0.166015625
0.4,2,0.4013671875,0.400390625,0.40234375,0.0009765625,-0.16015625
0.4,2,0.4150390625,0.4140625,0.416015625,0.0009765625,-0.203125
0.4,2,0.4111328125,0.41015625,0.412109375,0.0009765625,-0.19921875
0.4,1,0.421875,0.421875,0.421875,0.0,-0.181640625
0.4,2,0.4150390625,0.4140625,0.416015625,0.0009765625,-0.138671875
0.4,2,0.4169921875,0.416015625,0.41796875,0.0009765625,-0.1953125
0.4,2,0.416015625,0.4140625,0.41796875,0.001953125,-0.18359375
0.4,2,0.4228515625,0.421875,0.423828125,0.0009765625,-0.185546875
0.4,2,0.4189453125,0.416015625,0.421875,0.0029296875,-0.154296875
0.4,1,0.423828125,0.423828125,0.423828125,0.0,-0.1796875
0.4,2,0.41015625,0.408203125,0.412109375,0.001953125,-0.158203125
0.4,2,0.4091796875,0.408203125,0.41015625,0.0009765625,-0.1484375
0.4,2,0.4130859375,0.412109375,0.4140625,0.0009765625,-0.16796875
0.4,2,0.4150390625,0.4140625,0.416015625,0.0009765625,-0.181640625
0.4,2,0.4091796875,0.408203125,0.41015625,0.0009765625,-0.177734375
0.4,2,0.419921875,0.41796875,0.421875,0.001953125,-0.173828125
0.4,2,0.4169921875,0.416015625,0.41796875,0.0009765625,-0.181640625
0.4,2,0.412109375,0.412109375,0.412109375,0.0,-0.181640625
0.4,1,0.41015625,0.41015625,0.41015625,0.0,-0.18359375
0.4,2,0.4189453125,0.41796875,0.419921875,0.0009765625,-0.21484375
0.4,2,0.4111328125,0.41015625,0.412109375,0.0009765625,-0.177734375
0.4,1,0.416015625,0.416015625,0.416015625,0.0,-0.138671875
0.4,2,0.4130859375,0.412109375,0.4140625,0.0009765625,-0.1875
0.4,2,0.4111328125,0.408203125,0.4140625,0.0029296875,-0.18359375
0.4,2,0.419921875,0.419921875,0.419921875,0.0,-0.1953125
0.4,2,0.4052734375,0.404296875,0.40625,0.0009765625,-0.185546875
0.4,1,0.419921875,0.419921875,0.419921875,0.0,-0.177734375
0.4,2,0.416015625,0.416015625,0.416015625,0.0,-0.20703125
0.4,2,0.41015625,0.41015625,0.41015625,0.0,-0.154296875
0.4,2,0.404296875,0.40234375,0.40625,0.001953125,-0.181640625
0.4,2,0.41015625,0.408203125,0.412109375,0.001953125,-0.181640625
0.4,2,0.4169921875,0.416015625,0.41796875,0.0009765625,-0.1796875
0.4,2,0.4052734375,0.40234375,0.408203125,0.0029296875,-0.1953125
0.4,1,0.41796875,0.41796875,0.41796875,0.0,-0.193359375
0.4,2,0.41015625,0.408203125,0.412109375,0.001953125,-0.154296875
0.4,2,0.400390625,0.400390625,0.400390625,0.0,-0.15234375
0.4,2,0.4013671875,0.3984375,0.404296875,0.0029296875,-0.1796875
0.4,2,0.4072265625,0.40625,0.408203125,0.0009765625,-0.158203125
0.4,2,0.4111328125,0.41015625,0.412109375,0.0009765625,-0.189453125
0.4,1,0.4140625,0.4140625,0.4140625,0.0,-0.16015625
0.4,2,0.4033203125,0.40234375,0.404296875,0.0009765625,-0.16015625
0.4,2,0.4140625,0.4140625,0.4140625,0.0,-0.205078125
0.4,2,0.412109375,0.41015625,0.4140625,0.001953125,-0.15234375
0.4,2,0.4111328125,0.41015625,0.412109375,0.0009765625,-0.19921875
0.4,2,0.40625,0.404296875,0.408203125,0.001953125,-0.205078125
0.4,2,0.404296875,0.404296875,0.404296875,0.0,-0.166015625
0.4,2,0.4140625,0.412109375,0.416015625,0.001953125,-0.19140625
0.4,1,0.419921875,0.419921875,0.419921875,0.0,-0.16796875
0.4,2,0.4033203125,0.40234375,0.404296875,0.0009765625,-0.1796875
0.4,2,0.3994140625,0.3984375,0.400390625,0.0009765625,-0.18359375
0.4,2,0.41015625,0.41015625,0.41015625,0.0,-0.19140625
0.4,2,0.419921875,0.419921875,0.419921875,0.0,-0.208984375
0.4,2,0.4208984375,0.419921875,0.421875,0.0009765625,-0.185546875
0.4,2,0.4091796875,0.408203125,0.41015625,0.0009765625,-0.216796875
0.4,2,0.412109375,0.41015625,0.4140625,0.001953125,-0.15234375
0.4,2,0.4091796875,0.408203125,0.41015625,0.0009765625,-0.162109375
0.4,2,0.416015625,0.416015625,0.416015625,0.0,-0.1796875
0.4,2,0.4130859375,0.41015625,0.416015625,0.0029296875,-0.189453125
0.4,2,0.41015625,0.40625,0.4140625,0.00390625,-0.201171875
0.4,1,0.40625,0.40625,0.40625,0.0,-0.1640625
0.4,2,0.4248046875,0.423828125,0.42578125,0.0009765625,-0.166015625
0.4,2,0.4169921875,0.416015625,0.41796875,0.0009765625,-0.20703125
0.4,2,0.4052734375,0.40234375,0.408203125,0.0029296875,-0.18359375
0.4,2,0.4228515625,0.421875,0.423828125,0.0009765625,-0.216796875
0.4,2,0.4111328125,0.41015625,0.412109375,0.0009765625,-0.166015625
0.4,1,0.416015625,0.416015625,0.416015625,0.0,-0.154296875
0.4,2,0.41796875,0.41796875,0.41796875,0.0,-0.19140625
0.4,2,0.4111328125,0.41015625,0.412109375,0.0009765625,-0.1640625
0.4,2,0.41015625,0.41015625,0.41015625,0.0,-0.1953125
0.4,2,0.4150390625,0.412109375,0.41796875,0.0029296875,-0.171875
0.4,2,0.404296875,0.404296875,0.404296875,0.0,-0.201171875
0.4,2,0.4091796875,0.408203125,0.41015625,0.0009765625,-0.181640625
0.4,2,0.4072265625,0.404296875,0.41015625,0.0029296875,-0.15625
0.4,1,0.412109375,0.412109375,0.412109375,0.0,-0.16015625
0.4,1,0.416015625,0.416015625,0.416015625,0.0,-0.173828125
0.4,2,0.4111328125,0.41015625,0.412109375,0.0009765625,-0.17578125
0.4,1,0.423828125,0.423828125,0.423828125,0.0,-0.197265625
0.4,2,0.4111328125,0.41015625,0.412109375,0.0009765625,-0.189453125
0.4,2,0.4130859375,0.41015625,0.416015625,0.0029296875,-0.189453125
0.4,2,0.4130859375,0.41015625,0.416015625,0.0029296875,-0.17578125
0.4,2,0.4189453125,0.41796875,0.419921875,0.0009765625,-0.19921875
0.4,2,0.4052734375,0.404296875,0.40625,0.0009765625,-0.1796875
0.4,2,0.41015625,0.408203125,0.412109375,0.001953125,-0.193359375
0.4,1,0.419921875,0.419921875,0.419921875,0.0,-0.1640625
0.4,2,0.404296875,0.40234375,0.40625,0.001953125,-0.18359375
0.4,2,0.4140625,0.412109375,0.416015625,0.001953125,-0.19140625
0.4,2,0.404296875,0.400390625,0.408203125,0.00390625,-0.173828125
0.4,2,0.4072265625,0.40625,0.408203125,0.0009765625,-0.177734375
0.4,2,0.40625,0.404296875,0.408203125,0.001953125,-0.1640625
0.4,2,0.4111328125,0.41015625,0.412109375,0.0009765625,-0.181640625
0.4,2,0.4130859375,0.412109375,0.4140625,0.0009765625,-0.171875
0.4,2,0.4130859375,0.412109375,0.4140625,0.0009765625,-0.244140625
0.4,2,0.4052734375,0.40234375,0.408203125,0.0029296875,-0.1796875
0.4,2,0.408203125,0.40625,0.41015625,0.001953125,-0.1484375
0.4,1,0.4140625,0.4140625,0.4140625,0.0,-0.216796875
0.4,2,0.423828125,0.421875,0.42578125,0.001953125,-0.158203125
0.4,2,0.4111328125,0.41015625,0.412109375,0.0009765625,-0.189453125
0.4,2,0.412109375,0.41015625,0.4140625,0.001953125,-0.166015625
0.4,1,0.41015625,0.41015625,0.41015625,0.0,-0.15234375
0.4,2,0.412109375,0.412109375,0.412109375,0.0,-0.15625
0.4,2,0.404296875,0.400390625,0.408203125,0.00390625,-0.17578125
0.4,2,0.408203125,0.408203125,0.408203125,0.0,-0.1796875
0.4,1,0.408203125,0.408203125,0.408203125,0.0,-0.177734375
0.4,2,0.419921875,0.41796875,0.421875,0.001953125,-0.216796875
0.4,1,0.421875,0.421875,0.421875,0.0,-0.171875
0.6,1,0.609375,0.609375,0.609375,0.0,-0.375
0.6,1,0.611328125,0.611328125,0.611328125,0.0,-0.390625
0.6,2,0.60546875,0.60546875,0.60546875,0.0,-0.400390625
0.6,1,0.62109375,0.62109375,0.62109375,0.0,-0.390625
0.6,2,0.6123046875,0.611328125,0.61328125,0.0009765625,-0.373046875
0.6,2,0.6123046875,0.611328125,0.61328125,0.0009765625,-0.39453125
0.6,1,0.609375,0.609375,0.609375,0.0,-0.361328125
0.6,2,0.6083984375,0.607421875,0.609375,0.0009765625,-0.365234375
0.6,1,0.609375,0.609375,0.609375,0.0,-0.359375
0.6,2,0.6064453125,0.60546875,0.607421875,0.0009765625,-0.380859375
0.6,2,0.6015625,0.6015625,0.6015625,0.0,-0.3515625
0.6,1,0.619140625,0.619140625,0.619140625,0.0,-0.390625
0.6,2,0.6123046875,0.611328125,0.61328125,0.0009765625,-0.35546875
0.6,1,0.607421875,0.607421875,0.607421875,0.0,-0.349609375
0.6,2,0.6142578125,0.61328125,0.615234375,0.0009765625,-0.37890625
0.6,1,0.60546875,0.60546875,0.60546875,0.0,-0.373046875
0.6,1,0.611328125,0.611328125,0.611328125,0.0,-0.3828125
0.6,2,0.603515625,0.6015625,0.60546875,0.001953125,-0.37890625
0.6,1,0.615234375,0.615234375,0.615234375,0.0,-0.390625
0.6,2,0.6103515625,0.609375,0.611328125,0.0009765625,-0.349609375
0.6,2,0.6064453125,0.60546875,0.607421875,0.0009765625,-0.40625
0.6,1,0.607421875,0.607421875,0.607421875,0.0,-0.365234375
0.6,2,0.607421875,0.607421875,0.607421875,0.0,-0.359375
0.6,2,0.6083984375,0.607421875,0.609375,0.0009765625,-0.373046875
0.6,1,0.61328125,0.61328125,0.61328125,0.0,-0.390625
0.6,2,0.6123046875,0.611328125,0.61328125,0.0009765625,-0.376953125
0.6,2,0.6083984375,0.607421875,0.609375,0.0009765625,-0.396484375
0.6,1,0.61328125,0.61328125,0.61328125,0.0,-0.3828125
0.6,1,0.611328125,0.611328125,0.611328125,0.0,-0.392578125
0.6,1,0.62109375,0.62109375,0.62109375,0.0,-0.396484375
0.6,1,0.609375,0.609375,0.609375,0.0,-0.384765625
0.6,2,0.611328125,0.609375,0.61328125,0.001953125,-0.373046875
0.6,2,0.6064453125,0.60546875,0.607421875,0.0009765625,-0.361328125
0.6,1,0.607421875,0.607421875,0.607421875,0.0,-0.341796875
0.6,1,0.6015625,0.6015625,0.6015625,0.0,-0.3671875
0.6,2,0.615234375,0.615234375,0.615234375,0.0,-0.384765625
0.6,1,0.607421875,0.607421875,0.607421875,0.0,-0.34765625
0.6,2,0.6064453125,0.60546875,0.607421875,0.0009765625,-0.392578125
0.6,2,0.5986328125,0.595703125,0.6015625,0.0029296875,-0.37890625
0.6,1,0.6171875,0.6171875,0.6171875,0.0,-0.3828125
0.6,1,0.6015625,0.6015625,0.6015625,0.0,-0.3828125
0.6,2,0.609375,0.607421875,0.611328125,0.001953125,-0.37109375
0.6,2,0.603515625,0.603515625,0.603515625,0.0,-0.39453125
0.6,1,0.615234375,0.615234375,0.615234375,0.0,-0.375
0.6,1,0.6171875,0.6171875,0.6171875,0.0,-0.37109375
0.6,1,0.623046875,0.623046875,0.623046875,0.0,-0.388671875
0.6,1,0.611328125,0.611328125,0.611328125,0.0,-0.36328125
0.6,1,0.6171875,0.6171875,0.6171875,0.0,-0.388671875
0.6,1,0.607421875,0.607421875,0.607421875,0.0,-0.38671875
0.6,1,0.6171875,0.6171875,0.6171875,0.0,-0.39453125
0.6,2,0.6142578125,0.61328125,0.615234375,0.0009765625,-0.37109375
0.6,2,0.615234375,0.61328125,0.6171875,0.001953125,-0.375
0.6,1,0.611328125,0.611328125,0.611328125,0.0,-0.373046875
0.6,1,0.611328125,0.611328125,0.611328125,0.0,-0.375
0.6,1,0.611328125,0.611328125,0.611328125,0.0,-0.3671875
0.6,1,0.60546875,0.60546875,0.60546875,0.0,-0.341796875
0.6,1,0.6171875,0.6171875,0.6171875,0.0,-0.39453125
0.6,2,0.6123046875,0.611328125,0.61328125,0.0009765625,-0.373046875
0.6,1,0.60546875,0.60546875,0.60546875,0.0,-0.37890625
0.6,1,0.60546875,0.60546875,0.60546875,0.0,-0.3359375
0.6,2,0.607421875,0.60546875,0.609375,0.001953125,-0.361328125
0.6,2,0.6181640625,0.6171875,0.619140625,0.0009765625,-0.384765625
0.6,2,0.6064453125,0.60546875,0.607421875,0.0009765625,-0.361328125
0.6,2,0.6083984375,0.607421875,0.609375,0.0009765625,-0.34765625
0.6,2,0.603515625,0.603515625,0.603515625,0.0,-0.35546875
0.6,2,0.6083984375,0.607421875,0.609375,0.0009765625,-0.365234375
0.6,1,0.607421875,0.607421875,0.607421875,0.0,-0.37890625
0.6,1,0.611328125,0.611328125,0.611328125,0.0,-0.35546875
0.6,1,0.615234375,0.615234375,0.615234375,0.0,-0.375
0.6,1,0.61328125,0.61328125,0.61328125,0.0,-0.36328125
0.6,1,0.609375,0.609375,0.609375,0.0,-0.37109375
0.6,1,0.609375,0.609375,0.609375,0.0,-0.36328125
0.6,1,0.611328125,0.611328125,0.611328125,0.0,-0.3828125
0.6,2,0.6103515625,0.609375,0.611328125,0.0009765625,-0.36328125
0.6,1,0.611328125,0.611328125,0.611328125,0.0,-0.3671875
0.6,2,0.6025390625,0.6015625,0.603515625,0.0009765625,-0.373046875
0.6,2,0.6083984375,0.607421875,0.609375,0.0009765625,-0.38671875
0.6,2,0.6083984375,0.607421875,0.609375,0.0009765625,-0.365234375
0.6,2,0.6064453125,0.60546875,0.607421875,0.0009765625,-0.3828125
0.6,2,0.6123046875,0.611328125,0.61328125,0.0009765625,-0.388671875
0.6,2,0.6064453125,0.60546875,0.607421875,0.0009765625,-0.38671875
0.6,1,0.611328125,0.611328125,0.611328125,0.0,-0.3984375
0.6,1,0.615234375,0.615234375,0.615234375,0.0,-0.392578125
0.6,1,0.607421875,0.607421875,0.607421875,0.0,-0.390625
0.6,1,0.607421875,0.607421875,0.607421875,0.0,-0.361328125
0.6,1,0.6015625,0.6015625,0.6015625,0.0,-0.37109375
0.6,2,0.61328125,0.611328125,0.615234375,0.001953125,-0.380859375
0.6,2,0.607421875,0.60546875,0.609375,0.001953125,-0.365234375
0.6,1,0.607421875,0.607421875,0.607421875,0.0,-0.388671875
0.6,1,0.61328125,0.61328125,0.61328125,0.0,-0.39453125
0.6,1,0.619140625,0.619140625,0.619140625,0.0,-0.392578125
0.6,2,0.611328125,0.611328125,0.611328125,0.0,-0.380859375
0.6,2,0.6044921875,0.603515625,0.60546875,0.0009765625,-0.365234375
0.6,2,0.6142578125,0.61328125,0.615234375,0.0009765625,-0.380859375
0.6,2,0.6025390625,0.6015625,0.603515625,0.0009765625,-0.390625
0.6,1,0.611328125,0.611328125,0.611328125,0.0,-0.38671875
0.6,2,0.6064453125,0.60546875,0.607421875,0.0009765625,-0.3515625
0.6,2,0.6064453125,0.60546875,0.607421875,0.0009765625,-0.361328125
0.6,1,0.603515625,0.603515625,0.603515625,0.0,-0.396484375
0.6,1,0.607421875,0.607421875,0.607421875,0.0,-0.39453125
0.6,2,0.603515625,0.603515625,0.603515625,0.0,-0.37109375
0.6,2,0.6103515625,0.609375,0.611328125,0.0009765625,-0.390625
0.6,1,0.609375,0.609375,0.609375,0.0,-0.361328125
0.6,2,0.6162109375,0.615234375,0.6171875,0.0009765625,-0.412109375
0.6,1,0.607421875,0.607421875,0.607421875,0.0,-0.36328125
0.6,1,0.603515625,0.603515625,0.603515625,0.0,-0.38671875
0.6,2,0.6083984375,0.607421875,0.609375,0.0009765625,-0.40234375
0.6,1,0.619140625,0.619140625,0.619140625,0.0,-0.37890625
0.6,2,0.6083984375,0.607421875,0.609375,0.0009765625,-0.369140625
0.6,2,0.6103515625,0.609375,0.611328125,0.0009765625,-0.37890625
0.6,1,0.615234375,0.615234375,0.615234375,0.0,-0.37890625
0.6,2,0.6064453125,0.60546875,0.607421875,0.0009765625,-0.365234375
0.6,1,0.6015625,0.6015625,0.6015625,0.0,-0.376953125
0.6,1,0.607421875,0.607421875,0.607421875,0.0,-0.39453125
0.6,2,0.6083984375,0.60546875,0.611328125,0.0029296875,-0.375
0.6,1,0.603515625,0.603515625,0.603515625,0.0,-0.375
0.6,2,0.6142578125,0.611328125,0.6171875,0.0029296875,-0.36328125
0.6,2,0.6103515625,0.609375,0.611328125,0.0009765625,-0.37109375
0.6,2,0.6103515625,0.609375,0.611328125,0.0009765625,-0.369140625
0.6,1,0.609375,0.609375,0.609375,0.0,-0.38671875
0.6,1,0.61328125,0.61328125,0.61328125,0.0,-0.361328125
0.6,2,0.6044921875,0.603515625,0.60546875,0.0009765625,-0.361328125
0.6,2,0.603515625,0.603515625,0.603515625,0.0,-0.3515625
0.6,1,0.609375,0.609375,0.609375,0.0,-0.39453125
0.6,2,0.607421875,0.607421875,0.607421875,0.0,-0.37890625
0.6,2,0.607421875,0.607421875,0.607421875,0.0,-0.3515625
0.6,1,0.611328125,0.611328125,0.611328125,0.0,-0.365234375
0.6,1,0.607421875,0.607421875,0.607421875,0.0,-0.369140625
0.6,2,0.60546875,0.603515625,0.607421875,0.001953125,-0.384765625
0.6,2,0.595703125,0.595703125,0.595703125,0.0,-0.365234375
0.6,2,0.6083984375,0.607421875,0.609375,0.0009765625,-0.384765625
0.6,2,0.6103515625,0.609375,0.611328125,0.0009765625,-0.36328125
0.6,2,0.60546875,0.60546875,0.60546875,0.0,-0.365234375
0.6,1,0.6171875,0.6171875,0.6171875,0.0,-0.37890625
0.6,2,0.6064453125,0.60546875,0.607421875,0.0009765625,-0.353515625
0.6,1,0.615234375,0.615234375,0.615234375,0.0,-0.396484375
0.6,1,0.611328125,0.611328125,0.611328125,0.0,-0.3671875
0.6,1,0.615234375,0.615234375,0.615234375,0.0,-0.384765625
0.6,2,0.6064453125,0.60546875,0.607421875,0.0009765625,-0.34375
0.6,2,0.603515625,0.6015625,0.60546875,0.001953125,-0.365234375
0.6,1,0.60546875,0.60546875,0.60546875,0.0,-0.35546875
0.6,2,0.607421875,0.607421875,0.607421875,0.0,-0.3828125
0.6,2,0.611328125,0.607421875,0.615234375,0.00390625,-0.390625
0.6,1,0.611328125,0.611328125,0.611328125,0.0,-0.380859375
0.6,1,0.6171875,0.6171875,0.6171875,0.0,-0.376953125
0.6,2,0.6044921875,0.603515625,0.60546875,0.0009765625,-0.36328125
0.6,2,0.6083984375,0.607421875,0.609375,0.0009765625,-0.375
0.6,1,0.62109375,0.62109375,0.62109375,0.0,-0.35546875
0.6,1,0.60546875,0.60546875,0.60546875,0.0,-0.380859375
0.6,2,0.603515625,0.603515625,0.603515625,0.0,-0.36328125
0.6,2,0.60546875,0.603515625,0.607421875,0.001953125,-0.36328125
0.6,1,0.611328125,0.611328125,0.611328125,0.0,-0.3671875
0.6,1,0.61328125,0.61328125,0.61328125,0.0,-0.37890625
0.6,1,0.61328125,0.61328125,0.61328125,0.0,-0.375
0.6,2,0.6044921875,0.603515625,0.60546875,0.0009765625,-0.359375
0.6,1,0.607421875,0.607421875,0.607421875,0.0,-0.375
0.6,2,0.6005859375,0.599609375,0.6015625,0.0009765625,-0.345703125
0.6,2,0.603515625,0.603515625,0.603515625,0.0,-0.361328125
0.6,1,0.61328125,0.61328125,0.61328125,0.0,-0.369140625
0.6,1,0.609375,0.609375,0.609375,0.0,-0.375
0.6,2,0.609375,0.609375,0.609375,0.0,-0.37109375
0.6,1,0.60546875,0.60546875,0.60546875,0.0,-0.388671875
0.6,2,0.6064453125,0.60546875,0.607421875,0.0009765625,-0.361328125
0.6,2,0.6083984375,0.607421875,0.609375,0.0009765625,-0.35546875
0.6,2,0.6005859375,0.59765625,0.603515625,0.0029296875,-0.392578125
0.6,2,0.6181640625,0.6171875,0.619140625,0.0009765625,-0.361328125
0.6,1,0.611328125,0.611328125,0.611328125,0.0,-0.3828125
0.6,1,0.611328125,0.611328125,0.611328125,0.0,-0.380859375
0.6,2,0.6083984375,0.607421875,0.609375,0.0009765625,-0.388671875
0.6,2,0.6083984375,0.607421875,0.609375,0.0009765625,-0.384765625
0.6,2,0.6103515625,0.609375,0.611328125,0.0009765625,-0.36328125
0.6,1,0.609375,0.609375,0.609375,0.0,-0.34765625
0.6,2,0.6083984375,0.607421875,0.609375,0.0009765625,-0.37890625
0.6,2,0.6123046875,0.609375,0.615234375,0.0029296875,-0.388671875
0.6,2,0.6103515625,0.609375,0.611328125,0.0009765625,-0.35546875
0.6,1,0.611328125,0.611328125,0.611328125,0.0,-0.380859375
0.6,2,0.603515625,0.603515625,0.603515625,0.0,-0.3671875
0.6,1,0.603515625,0.603515625,0.603515625,0.0,-0.376953125
0.6,2,0.6103515625,0.609375,0.611328125,0.0009765625,-0.40234375
0.6,2,0.603515625,0.6015625,0.60546875,0.001953125,-0.37890625
0.6,1,0.607421875,0.607421875,0.607421875,0.0,-0.376953125
0.6,1,0.603515625,0.603515625,0.603515625,0.0,-0.392578125
0.6,2,0.6005859375,0.599609375,0.6015625,0.0009765625,-0.359375
0.6,2,0.6162109375,0.615234375,0.6171875,0.0009765625,-0.392578125
0.6,1,0.615234375,0.615234375,0.615234375,0.0,-0.392578125
0.6,2,0.603515625,0.6015625,0.60546875,0.001953125,-0.361328125
0.6,2,0.615234375,0.61328125,0.6171875,0.001953125,-0.404296875
0.6,1,0.611328125,0.611328125,0.611328125,0.0,-0.35546875
0.6,2,0.6025390625,0.6015625,0.603515625,0.0009765625,-0.376953125
0.6,2,0.6083984375,0.607421875,0.609375,0.0009765625,-0.365234375
0.6,1,0.609375,0.609375,0.609375,0.0,-0.388671875
0.6,2,0.6103515625,0.609375,0.611328125,0.0009765625,-0.3671875
0.6,1,0.61328125,0.61328125,0.61328125,0.0,-0.361328125
0.6,2,0.603515625,0.603515625,0.603515625,0.0,-0.390625
0.6,2,0.6083984375,0.607421875,0.609375,0.0009765625,-0.37890625
0.6,2,0.6005859375,0.599609375,0.6015625,0.0009765625,-0.375
0.6,1,0.611328125,0.611328125,0.611328125,0.0,-0.373046875
0.6,2,0.6103515625,0.609375,0.611328125,0.0009765625,-0.390625
0.6,2,0.6142578125,0.61328125,0.615234375,0.0009765625,-0.40625
0.6,1,0.607421875,0.607421875,0.607421875,0.0,-0.380859375
0.6,1,0.611328125,0.611328125,0.611328125,0.0,-0.390625
0.6,2,0.6123046875,0.611328125,0.61328125,0.0009765625,-0.396484375
0.6,2,0.6123046875,0.611328125,0.61328125,0.0009765625,-0.384765625
0.6,1,0.609375,0.609375,0.609375,0.0,-0.38671875
0.6,1,0.615234375,0.615234375,0.615234375,0.0,-0.376953125
0.6,2,0.6142578125,0.61328125,0.615234375,0.0009765625,-0.37890625
0.6,1,0.609375,0.609375,0.609375,0.0,-0.373046875
0.6,2,0.6083984375,0.607421875,0.609375,0.0009765625,-0.388671875
0.6,2,0.6123046875,0.611328125,0.61328125,0.0009765625,-0.376953125
0.6,2,0.6064453125,0.60546875,0.607421875,0.0009765625,-0.37890625
0.6,1,0.611328125,0.611328125,0.611328125,0.0,-0.365234375
0.6,2,0.6064453125,0.60546875,0.607421875,0.0009765625,-0.39453125
0.6,1,0.611328125,0.611328125,0.611328125,0.0,-0.37109375
0.6,1,0.607421875,0.607421875,0.607421875,0.0,-0.37890625
0.6,2,0.6142578125,0.61328125,0.615234375,0.0009765625,-0.384765625
0.6,1,0.61328125,0.61328125,0.61328125,0.0,-0.4140625
0.6,1,0.61328125,0.61328125,0.61328125,0.0,-0.380859375
0.6,1,0.60546875,0.60546875,0.60546875,0.0,-0.369140625
0.6,1,0.615234375,0.615234375,0.615234375,0.0,-0.375
0.6,2,0.6123046875,0.611328125,0.61328125,0.0009765625,-0.36328125
0.6,2,0.6123046875,0.611328125,0.61328125,0.0009765625,-0.373046875
0.6,1,0.609375,0.609375,0.609375,0.0,-0.361328125
0.6,2,0.5986328125,0.595703125,0.6015625,0.0029296875,-0.34765625
0.6,2,0.6083984375,0.607421875,0.609375,0.0009765625,-0.380859375
0.6,2,0.6142578125,0.61328125,0.615234375,0.0009765625,-0.380859375
0.6,2,0.6181640625,0.6171875,0.619140625,0.0009765625,-0.396484375
0.6,2,0.6064453125,0.60546875,0.607421875,0.0009765625,-0.373046875
0.6,2,0.6044921875,0.603515625,0.60546875,0.0009765625,-0.361328125
0.6,1,0.61328125,0.61328125,0.61328125,0.0,-0.396484375
0.6,1,0.611328125,0.611328125,0.611328125,0.0,-0.400390625
0.6,1,0.603515625,0.603515625,0.603515625,0.0,-0.328125
0.6,2,0.6083984375,0.607421875,0.609375,0.0009765625,-0.369140625
0.6,1,0.609375,0.609375,0.609375,0.0,-0.376953125
0.6,2,0.603515625,0.603515625,0.603515625,0.0,-0.376953125
0.6,1,0.619140625,0.619140625,0.619140625,0.0,-0.380859375
0.6,1,0.615234375,0.615234375,0.615234375,0.0,-0.388671875
0.6,2,0.6083984375,0.60546875,0.611328125,0.0029296875,-0.35546875
0.6,2,0.6083984375,0.607421875,0.609375,0.0009765625,-0.384765625
0.6,2,0.6064453125,0.60546875,0.607421875,0.0009765625,-0.40234375
0.6,2,0.6025390625,0.6015625,0.603515625,0.0009765625,-0.384765625
0.6,2,0.609375,0.609375,0.609375,0.0,-0.34375
0.6,2,0.6123046875,0.611328125,0.61328125,0.0009765625,-0.357421875
0.6,2,0.615234375,0.615234375,0.615234375,0.0,-0.3984375
0.6,1,0.615234375,0.615234375,0.615234375,0.0,-0.392578125
0.6,1,0.603515625,0.603515625,0.603515625,0.0,-0.37109375
0.6,1,0.615234375,0.615234375,0.615234375,0.0,-0.384765625
0.6,2,0.6162109375,0.615234375,0.6171875,0.0009765625,-0.38671875
0.6,1,0.619140625,0.619140625,0.619140625,0.0,-0.4140625
0.6,2,0.6103515625,0.609375,0.611328125,0.0009765625,-0.365234375
0.6,1,0.615234375,0.615234375,0.615234375,0.0,-0.353515625
0.6,1,0.611328125,0.611328125,0.611328125,0.0,-0.361328125
0.6,2,0.6064453125,0.60546875,0.607421875,0.0009765625,-0.361328125
0.6,2,0.5986328125,0.595703125,0.6015625,0.0029296875,-0.369140625
0.6,1,0.611328125,0.611328125,0.611328125,0.0,-0.369140625
0.6,1,0.609375,0.609375,0.609375,0.0,-0.35546875
0.6,2,0.6123046875,0.611328125,0.61328125,0.0009765625,-0.38671875
0.6,2,0.6064453125,0.60546875,0.607421875,0.0009765625,-0.353515625
0.6,2,0.6103515625,0.609375,0.611328125,0.0009765625,-0.392578125
0.6,2,0.6064453125,0.60546875,0.607421875,0.0009765625,-0.37890625
0.6,2,0.6044921875,0.603515625,0.60546875,0.0009765625,-0.373046875
0.6,1,0.607421875,0.607421875,0.607421875,0.0,-0.361328125
0.6,1,0.607421875,0.607421875,0.607421875,0.0,-0.376953125
0.6,1,0.609375,0.609375,0.609375,0.0,-0.361328125
0.6,2,0.6083984375,0.607421875,0.609375,0.0009765625,-0.36328125
0.6,2,0.6044921875,0.603515625,0.60546875,0.0009765625,-0.373046875
0.6,2,0.60546875,0.603515625,0.607421875,0.001953125,-0.376953125
0.6,2,0.6044921875,0.603515625,0.60546875,0.0009765625,-0.37109375
0.6,1,0.611328125,0.611328125,0.611328125,0.0,-0.369140625
0.6,1,0.61328125,0.61328125,0.61328125,0.0,-0.39453125
0.6,1,0.61328125,0.61328125,0.61328125,0.0,-0.380859375
0.6,2,0.6083984375,0.607421875,0.609375,0.0009765625,-0.384765625
0.6,1,0.607421875,0.607421875,0.607421875,0.0,-0.373046875
0.6,2,0.6015625,0.599609375,0.603515625,0.001953125,-0.34375
0.6,2,0.6025390625,0.6015625,0.603515625,0.0009765625,-0.37890625
0.6,1,0.615234375,0.615234375,0.615234375,0.0,-0.361328125
0.6,2,0.6083984375,0.607421875,0.609375,0.0009765625,-0.3984375
0.6,2,0.6064453125,0.60546875,0.607421875,0.0009765625,-0.359375
0.6,2,0.6181640625,0.6171875,0.619140625,0.0009765625,-0.36328125
0.6,2,0.6064453125,0.60546875,0.607421875,0.0009765625,-0.384765625
0.6,1,0.61328125,0.61328125,0.61328125,0.0,-0.369140625
0.6,2,0.6083984375,0.607421875,0.609375,0.0009765625,-0.380859375
0.6,1,0.60546875,0.60546875,0.60546875,0.0,-0.3671875
0.6,2,0.6044921875,0.603515625,0.60546875,0.0009765625,-0.359375
0.6,1,0.61328125,0.61328125,0.61328125,0.0,-0.37109375
0.6,2,0.6142578125,0.61328125,0.615234375,0.0009765625,-0.400390625
0.6,2,0.6005859375,0.599609375,0.6015625,0.0009765625,-0.380859375
0.6,2,0.6142578125,0.61328125,0.615234375,0.0009765625,-0.373046875
0.6,2,0.6142578125,0.61328125,0.615234375,0.0009765625,-0.375
0.6,1,0.615234375,0.615234375,0.615234375,0.0,-0.3671875
0.6,2,0.6025390625,0.6015625,0.603515625,0.0009765625,-0.365234375
0.6,2,0.6162109375,0.615234375,0.6171875,0.0009765625,-0.3828125
0.6,1,0.609375,0.609375,0.609375,0.0,-0.365234375
0.6,1,0.609375,0.609375,0.609375,0.0,-0.373046875
0.6,1,0.607421875,0.607421875,0.607421875,0.0,-0.37109375
0.6,2,0.61328125,0.611328125,0.615234375,0.001953125,-0.3828125
0.6,1,0.609375,0.609375,0.609375,0.0,-0.390625
0.6,1,0.61328125,0.61328125,0.61328125,0.0,-0.400390625
0.6,2,0.6083984375,0.607421875,0.609375,0.0009765625,-0.353515625
0.6,2,0.6123046875,0.611328125,0.61328125,0.0009765625,-0.37109375
0.6,1,0.61328125,0.61328125,0.61328125,0.0,-0.388671875
0.8,1,0.8046875,0.8046875,0.8046875,0.0,-0.6640625
0.8,1,0.80859375,0.80859375,0.80859375,0.0,-0.6484375
0.8,2,0.8056640625,0.8046875,0.806640625,0.0009765625,-0.65625
0.8,1,0.802734375,0.802734375,0.802734375,0.0,-0.634765625
0.8,2,0.8017578125,0.80078125,0.802734375,0.0009765625,-0.638671875
0.8,1,0.806640625,0.806640625,0.806640625,0.0,-0.640625
0.8,2,0.8095703125,0.80859375,0.810546875,0.0009765625,-0.654296875
0.8,1,0.806640625,0.806640625,0.806640625,0.0,-0.6484375
0.8,1,0.80859375,0.80859375,0.80859375,0.0,-0.658203125
0.8,1,0.80859375,0.80859375,0.80859375,0.0,-0.654296875
0.8,2,0.8076171875,0.806640625,0.80859375,0.0009765625,-0.666015625
0.8,1,0.80859375,0.80859375,0.80859375,0.0,-0.658203125
0.8,1,0.8046875,0.8046875,0.8046875,0.0,-0.64453125
0.8,1,0.80859375,0.80859375,0.80859375,0.0,-0.65234375
0.8,1,0.802734375,0.802734375,0.802734375,0.0,-0.63671875
0.8,1,0.810546875,0.810546875,0.810546875,0.0,-0.671875
0.8,1,0.80859375,0.80859375,0.80859375,0.0,-0.646484375
0.8,1,0.810546875,0.810546875,0.810546875,0.0,-0.6484375
0.8,2,0.8076171875,0.806640625,0.80859375,0.0009765625,-0.67578125
0.8,1,0.8046875,0.8046875,0.8046875,0.0,-0.646484375
0.8,1,0.802734375,0.802734375,0.802734375,0.0,-0.634765625
0.8,1,0.806640625,0.806640625,0.806640625,0.0,-0.662109375
0.8,1,0.802734375,0.802734375,0.802734375,0.0,-0.642578125
0.8,1,0.806640625,0.806640625,0.806640625,0.0,-0.638671875
0.8,1,0.806640625,0.806640625,0.806640625,0.0,-0.646484375
0.8,1,0.806640625,0.806640625,0.806640625,0.0,-0.646484375
0.8,1,0.80859375,0.80859375,0.80859375,0.0,-0.6640625
0.8,1,0.8046875,0.8046875,0.8046875,0.0,-0.65625
0.8,1,0.8046875,0.8046875,0.8046875,0.0,-0.6484375
0.8,1,0.80078125,0.80078125,0.80078125,0.0,-0.658203125
0.8,1,0.8046875,0.8046875,0.8046875,0.0,-0.65234375
0.8,1,0.810546875,0.810546875,0.810546875,0.0,-0.658203125
0.8,1,0.806640625,0.806640625,0.806640625,0.0,-0.63671875
0.8,1,0.806640625,0.806640625,0.806640625,0.0,-0.650390625
0.8,2,0.8037109375,0.802734375,0.8046875,0.0009765625,-0.654296875
0.8,1,0.806640625,0.806640625,0.806640625,0.0,-0.66015625
0.8,1,0.810546875,0.810546875,0.810546875,0.0,-0.654296875
0.8,1,0.806640625,0.806640625,0.806640625,0.0,-0.66796875
0.8,1,0.806640625,0.806640625,0.806640625,0.0,-0.63671875
0.8,1,0.806640625,0.806640625,0.806640625,0.0,-0.638671875
0.8,1,0.806640625,0.806640625,0.806640625,0.0,-0.650390625
0.8,2,0.8076171875,0.806640625,0.80859375,0.0009765625,-0.64453125
0.8,1,0.80859375,0.80859375,0.80859375,0.0,-0.67578125
0.8,1,0.806640625,0.806640625,0.806640625,0.0,-0.640625
0.8,1,0.810546875,0.810546875,0.810546875,0.0,-0.6484375
0.8,1,0.8046875,0.8046875,0.8046875,0.0,-0.654296875
0.8,1,0.80859375,0.80859375,0.80859375,0.0,-0.650390625
0.8,1,0.802734375,0.802734375,0.802734375,0.0,-0.62890625
0.8,1,0.8046875,0.8046875,0.8046875,0.0,-0.638671875
0.8,1,0.8046875,0.8046875,0.8046875,0.0,-0.64453125
0.8,1,0.806640625,0.806640625,0.806640625,0.0,-0.66015625
0.8,1,0.806640625,0.806640625,0.806640625,0.0,-0.65625
0.8,1,0.806640625,0.806640625,0.806640625,0.0,-0.658203125
0.8,1,0.80078125,0.80078125,0.80078125,0.0,-0.630859375
0.8,1,0.810546875,0.810546875,0.810546875,0.0,-0.65234375
0.8,1,0.80859375,0.80859375,0.80859375,0.0,-0.646484375
0.8,2,0.8076171875,0.806640625,0.80859375,0.0009765625,-0.662109375
0.8,1,0.806640625,0.806640625,0.806640625,0.0,-0.640625
0.8,1,0.8046875,0.8046875,0.8046875,0.0,-0.6484375
0.8,2,0.8046875,0.802734375,0.806640625,0.001953125,-0.646484375
0.8,1,0.8046875,0.8046875,0.8046875,0.0,-0.646484375
0.8,1,0.80859375,0.80859375,0.80859375,0.0,-0.65625
0.8,1,0.80859375,0.80859375,0.80859375,0.0,-0.658203125
0.8,1,0.806640625,0.806640625,0.806640625,0.0,-0.666015625
0.8,1,0.810546875,0.810546875,0.810546875,0.0,-0.662109375
0.8,1,0.802734375,0.802734375,0.802734375,0.0,-0.646484375
0.8,1,0.806640625,0.806640625,0.806640625,0.0,-0.650390625
0.8,1,0.802734375,0.802734375,0.802734375,0.0,-0.650390625
0.8,2,0.8095703125,0.80859375,0.810546875,0.0009765625,-0.67578125
0.8,1,0.806640625,0.806640625,0.806640625,0.0,-0.65234375
0.8,1,0.8046875,0.8046875,0.8046875,0.0,-0.650390625
0.8,1,0.8046875,0.8046875,0.8046875,0.0,-0.63671875
0.8,1,0.8046875,0.8046875,0.8046875,0.0,-0.65234375
0.8,1,0.80859375,0.80859375,0.80859375,0.0,-0.662109375
0.8,1,0.814453125,0.814453125,0.814453125,0.0,-0.66015625
0.8,1,0.806640625,0.806640625,0.806640625,0.0,-0.650390625
0.8,1,0.8046875,0.8046875,0.8046875,0.0,-0.65234375
0.8,1,0.810546875,0.810546875,0.810546875,0.0,-0.658203125
0.8,2,0.8017578125,0.80078125,0.802734375,0.0009765625,-0.6484375
0.8,1,0.8125,0.8125,0.8125,0.0,-0.66015625
0.8,1,0.80078125,0.80078125,0.80078125,0.0,-0.638671875
0.8,1,0.810546875,0.810546875,0.810546875,0.0,-0.662109375
0.8,1,0.8125,0.8125,0.8125,0.0,-0.666015625
0.8,1,0.806640625,0.806640625,0.806640625,0.0,-0.650390625
0.8,1,0.80859375,0.80859375,0.80859375,0.0,-0.66015625
0.8,2,0.8037109375,0.802734375,0.8046875,0.0009765625,-0.63671875
0.8,1,0.802734375,0.802734375,0.802734375,0.0,-0.6484375
0.8,1,0.802734375,0.802734375,0.802734375,0.0,-0.66015625
0.8,1,0.8046875,0.8046875,0.8046875,0.0,-0.6484375
0.8,1,0.802734375,0.802734375,0.802734375,0.0,-0.640625
0.8,1,0.8046875,0.8046875,0.8046875,0.0,-0.650390625
0.8,1,0.80859375,0.80859375,0.80859375,0.0,-0.65625
0.8,1,0.80078125,0.80078125,0.80078125,0.0,-0.63671875
0.8,1,0.814453125,0.814453125,0.814453125,0.0,-0.67578125
0.8,1,0.806640625,0.806640625,0.806640625,0.0,-0.654296875
0.8,1,0.8046875,0.8046875,0.8046875,0.0,-0.6484375
0.8,1,0.8046875,0.8046875,0.8046875,0.0,-0.642578125
0.8,2,0.8076171875,0.806640625,0.80859375,0.0009765625,-0.654296875
0.8,1,0.806640625,0.806640625,0.806640625,0.0,-0.63671875
0.8,2,0.7998046875,0.798828125,0.80078125,0.0009765625,-0.6328125
0.8,1,0.806640625,0.806640625,0.806640625,0.0,-0.650390625
0.8,2,0.8017578125,0.80078125,0.802734375,0.0009765625,-0.64453125
0.8,1,0.8046875,0.8046875,0.8046875,0.0,-0.654296875
0.8,1,0.802734375,0.802734375,0.802734375,0.0,-0.63671875
0.8,1,0.8046875,0.8046875,0.8046875,0.0,-0.646484375
0.8,1,0.806640625,0.806640625,0.806640625,0.0,-0.650390625
0.8,1,0.810546875,0.810546875,0.810546875,0.0,-0.662109375
0.8,1,0.806640625,0.806640625,0.806640625,0.0,-0.642578125
0.8,2,0.8056640625,0.8046875,0.806640625,0.0009765625,-0.6484375
0.8,2,0.8017578125,0.80078125,0.802734375,0.0009765625,-0.65234375
0.8,1,0.80859375,0.80859375,0.80859375,0.0,-0.65234375
0.8,1,0.810546875,0.810546875,0.810546875,0.0,-0.662109375
0.8,2,0.8037109375,0.802734375,0.8046875,0.0009765625,-0.642578125
0.8,1,0.806640625,0.806640625,0.806640625,0.0,-0.6484375
0.8,1,0.802734375,0.802734375,0.802734375,0.0,-0.64453125
0.8,1,0.80859375,0.80859375,0.80859375,0.0,-0.638671875
0.8,1,0.810546875,0.810546875,0.810546875,0.0,-0.650390625
0.8,1,0.810546875,0.810546875,0.810546875,0.0,-0.66015625
0.8,1,0.806640625,0.806640625,0.806640625,0.0,-0.654296875
0.8,1,0.810546875,0.810546875,0.810546875,0.0,-0.650390625
0.8,1,0.80078125,0.80078125,0.80078125,0.0,-0.634765625
0.8,1,0.814453125,0.814453125,0.814453125,0.0,-0.67578125
0.8,1,0.8125,0.8125,0.8125,0.0,-0.66796875
0.8,1,0.80859375,0.80859375,0.80859375,0.0,-0.66796875
0.8,1,0.8046875,0.8046875,0.8046875,0.0,-0.638671875
0.8,1,0.802734375,0.802734375,0.802734375,0.0,-0.650390625
0.8,1,0.806640625,0.806640625,0.806640625,0.0,-0.650390625
0.8,1,0.80859375,0.80859375,0.80859375,0.0,-0.671875
0.8,1,0.80859375,0.80859375,0.80859375,0.0,-0.66015625
0.8,1,0.80859375,0.80859375,0.80859375,0.0,-0.64453125
0.8,1,0.8046875,0.8046875,0.8046875,0.0,-0.630859375
0.8,1,0.806640625,0.806640625,0.806640625,0.0,-0.65234375
0.8,2,0.8056640625,0.8046875,0.806640625,0.0009765625,-0.646484375
0.8,1,0.8125,0.8125,0.8125,0.0,-0.669921875
0.8,1,0.806640625,0.806640625,0.806640625,0.0,-0.650390625
0.8,1,0.8046875,0.8046875,0.8046875,0.0,-0.6484375
0.8,1,0.80859375,0.80859375,0.80859375,0.0,-0.650390625
0.8,1,0.806640625,0.806640625,0.806640625,0.0,-0.63671875
0.8,1,0.8046875,0.8046875,0.8046875,0.0,-0.65625
0.8,2,0.7998046875,0.798828125,0.80078125,0.0009765625,-0.646484375
0.8,1,0.810546875,0.810546875,0.810546875,0.0,-0.666015625
0.8,1,0.8046875,0.8046875,0.8046875,0.0,-0.654296875
0.8,1,0.8046875,0.8046875,0.8046875,0.0,-0.650390625
0.8,1,0.806640625,0.806640625,0.806640625,0.0,-0.646484375
0.8,1,0.806640625,0.806640625,0.806640625,0.0,-0.66015625
0.8,1,0.8046875,0.8046875,0.8046875,0.0,-0.662109375
0.8,1,0.802734375,0.802734375,0.802734375,0.0,-0.642578125
0.8,1,0.8046875,0.8046875,0.8046875,0.0,-0.650390625
0.8,1,0.810546875,0.810546875,0.810546875,0.0,-0.66015625
0.8,2,0.8017578125,0.80078125,0.802734375,0.0009765625,-0.64453125
0.8,2,0.8017578125,0.80078125,0.802734375,0.0009765625,-0.642578125
0.8,1,0.80859375,0.80859375,0.80859375,0.0,-0.6484375
0.8,1,0.802734375,0.802734375,0.802734375,0.0,-0.640625
0.8,1,0.810546875,0.810546875,0.810546875,0.0,-0.6484375
0.8,2,0.8056640625,0.8046875,0.806640625,0.0009765625,-0.650390625
0.8,1,0.806640625,0.806640625,0.806640625,0.0,-0.65625
0.8,1,0.80859375,0.80859375,0.80859375,0.0,-0.66015625
0.8,1,0.802734375,0.802734375,0.802734375,0.0,-0.642578125
0.8,1,0.806640625,0.806640625,0.806640625,0.0,-0.654296875
0.8,1,0.80859375,0.80859375,0.80859375,0.0,-0.65234375
0.8,1,0.802734375,0.802734375,0.802734375,0.0,-0.650390625
0.8,1,0.80859375,0.80859375,0.80859375,0.0,-0.64453125
0.8,2,0.8017578125,0.80078125,0.802734375,0.0009765625,-0.62890625
0.8,1,0.80859375,0.80859375,0.80859375,0.0,-0.650390625
0.8,1,0.8046875,0.8046875,0.8046875,0.0,-0.634765625
0.8,1,0.80859375,0.80859375,0.80859375,0.0,-0.669921875
0.8,1,0.802734375,0.802734375,0.802734375,0.0,-0.654296875
0.8,1,0.810546875,0.810546875,0.810546875,0.0,-0.671875
0.8,1,0.80859375,0.80859375,0.80859375,0.0,-0.650390625
0.8,1,0.8125,0.8125,0.8125,0.0,-0.66015625
0.8,1,0.8046875,0.8046875,0.8046875,0.0,-0.654296875
0.8,2,0.8095703125,0.80859375,0.810546875,0.0009765625,-0.658203125
0.8,1,0.8046875,0.8046875,0.8046875,0.0,-0.65234375
0.8,2,0.8076171875,0.806640625,0.80859375,0.0009765625,-0.65625
0.8,1,0.810546875,0.810546875,0.810546875,0.0,-0.64453125
0.8,1,0.810546875,0.810546875,0.810546875,0.0,-0.666015625
0.8,1,0.80859375,0.80859375,0.80859375,0.0,-0.642578125
0.8,1,0.806640625,0.806640625,0.806640625,0.0,-0.658203125
0.8,1,0.8046875,0.8046875,0.8046875,0.0,-0.6796875
0.8,1,0.8046875,0.8046875,0.8046875,0.0,-0.654296875
0.8,1,0.810546875,0.810546875,0.810546875,0.0,-0.666015625
0.8,1,0.806640625,0.806640625,0.806640625,0.0,-0.66015625
0.8,2,0.8037109375,0.802734375,0.8046875,0.0009765625,-0.63671875
0.8,1,0.806640625,0.806640625,0.806640625,0.0,-0.654296875
0.8,1,0.806640625,0.806640625,0.806640625,0.0,-0.646484375
0.8,1,0.80859375,0.80859375,0.80859375,0.0,-0.654296875
0.8,1,0.802734375,0.802734375,0.802734375,0.0,-0.63671875
0.8,1,0.806640625,0.806640625,0.806640625,0.0,-0.6484375
0.8,1,0.806640625,0.806640625,0.806640625,0.0,-0.650390625
0.8,1,0.810546875,0.810546875,0.810546875,0.0,-0.66015625
0.8,1,0.810546875,0.810546875,0.810546875,0.0,-0.650390625
0.8,1,0.80078125,0.80078125,0.80078125,0.0,-0.630859375
0.8,1,0.8046875,0.8046875,0.8046875,0.0,-0.65625
0.8,1,0.814453125,0.814453125,0.814453125,0.0,-0.666015625
0.8,1,0.806640625,0.806640625,0.806640625,0.0,-0.654296875
0.8,2,0.802734375,0.80078125,0.8046875,0.001953125,-0.650390625
0.8,1,0.8046875,0.8046875,0.8046875,0.0,-0.658203125
0.8,1,0.80859375,0.80859375,0.80859375,0.0,-0.6484375
0.8,1,0.806640625,0.806640625,0.806640625,0.0,-0.65625
0.8,1,0.806640625,0.806640625,0.806640625,0.0,-0.66015625
0.8,1,0.802734375,0.802734375,0.802734375,0.0,-0.640625
0.8,1,0.802734375,0.802734375,0.802734375,0.0,-0.650390625
0.8,1,0.8046875,0.8046875,0.8046875,0.0,-0.64453125
0.8,1,0.806640625,0.806640625,0.806640625,0.0,-0.642578125
0.8,1,0.806640625,0.806640625,0.806640625,0.0,-0.650390625
0.8,1,0.806640625,0.806640625,0.806640625,0.0,-0.662109375
0.8,1,0.806640625,0.806640625,0.806640625,0.0,-0.650390625
0.8,1,0.802734375,0.802734375,0.802734375,0.0,-0.64453125
0.8,1,0.80078125,0.80078125,0.80078125,0.0,-0.640625
0.8,1,0.80859375,0.80859375,0.80859375,0.0,-0.65234375
0.8,2,0.8134765625,0.8125,0.814453125,0.0009765625,-0.6640625
0.8,1,0.80859375,0.80859375,0.80859375,0.0,-0.65625
0.8,1,0.806640625,0.806640625,0.806640625,0.0,-0.646484375
0.8,1,0.8046875,0.8046875,0.8046875,0.0,-0.65234375
0.8,1,0.8125,0.8125,0.8125,0.0,-0.654296875
0.8,1,0.802734375,0.802734375,0.802734375,0.0,-0.65625
0.8,1,0.8046875,0.8046875,0.8046875,0.0,-0.63671875
0.8,1,0.80859375,0.80859375,0.80859375,0.0,-0.6484375
0.8,1,0.81640625,0.81640625,0.81640625,0.0,-0.669921875
0.8,1,0.80078125,0.80078125,0.80078125,0.0,-0.64453125
0.8,1,0.806640625,0.806640625,0.806640625,0.0,-0.64453125
0.8,1,0.802734375,0.802734375,0.802734375,0.0,-0.64453125
0.8,1,0.80859375,0.80859375,0.80859375,0.0,-0.65234375
0.8,1,0.80859375,0.80859375,0.80859375,0.0,-0.66015625
0.8,2,0.8076171875,0.806640625,0.80859375,0.0009765625,-0.654296875
0.8,1,0.810546875,0.810546875,0.810546875,0.0,-0.666015625
0.8,1,0.8046875,0.8046875,0.8046875,0.0,-0.65234375
0.8,1,0.8046875,0.8046875,0.8046875,0.0,-0.650390625
0.8,1,0.8046875,0.8046875,0.8046875,0.0,-0.6484375
0.8,1,0.8046875,0.8046875,0.8046875,0.0,-0.65234375
0.8,1,0.80078125,0.80078125,0.80078125,0.0,-0.626953125
0.8,1,0.8046875,0.8046875,0.8046875,0.0,-0.669921875
0.8,1,0.8125,0.8125,0.8125,0.0,-0.65625
0.8,1,0.8046875,0.8046875,0.8046875,0.0,-0.640625
0.8,1,0.8046875,0.8046875,0.8046875,0.0,-0.658203125
0.8,1,0.80859375,0.80859375,0.80859375,0.0,-0.662109375
0.8,2,0.8017578125,0.80078125,0.802734375,0.0009765625,-0.65625
0.8,1,0.806640625,0.806640625,0.806640625,0.0,-0.662109375
0.8,1,0.80859375,0.80859375,0.80859375,0.0,-0.654296875
0.8,2,0.8017578125,0.80078125,0.802734375,0.0009765625,-0.6328125
0.8,1,0.806640625,0.806640625,0.806640625,0.0,-0.646484375
0.8,1,0.8046875,0.8046875,0.8046875,0.0,-0.654296875
0.8,1,0.80078125,0.80078125,0.80078125,0.0,-0.65625
0.8,1,0.806640625,0.806640625,0.806640625,0.0,-0.650390625
0.8,1,0.80859375,0.80859375,0.80859375,0.0,-0.654296875
0.8,1,0.806640625,0.806640625,0.806640625,0.0,-0.65625
0.8,2,0.8056640625,0.8046875,0.806640625,0.0009765625,-0.6484375
0.8,2,0.8037109375,0.802734375,0.8046875,0.0009765625,-0.6484375
0.8,1,0.8046875,0.8046875,0.8046875,0.0,-0.650390625
0.8,1,0.8046875,0.8046875,0.8046875,0.0,-0.646484375
0.8,2,0.8076171875,0.806640625,0.80859375,0.0009765625,-0.640625
0.8,1,0.806640625,0.806640625,0.806640625,0.0,-0.642578125
0.8,2,0.8056640625,0.8046875,0.806640625,0.0009765625,-0.64453125
0.8,1,0.8046875,0.8046875,0.8046875,0.0,-0.638671875
0.8,2,0.8017578125,0.80078125,0.802734375,0.0009765625,-0.63671875
0.8,1,0.802734375,0.802734375,0.802734375,0.0,-0.62890625
0.8,1,0.80859375,0.80859375,0.80859375,0.0,-0.6640625
0.8,1,0.8125,0.8125,0.8125,0.0,-0.666015625
0.8,1,0.806640625,0.806640625,0.806640625,0.0,-0.642578125
0.8,1,0.8046875,0.8046875,0.8046875,0.0,-0.666015625
0.8,1,0.806640625,0.806640625,0.806640625,0.0,-0.63671875
0.8,1,0.8125,0.8125,0.8125,0.0,-0.658203125
0.8,1,0.80859375,0.80859375,0.80859375,0.0,-0.64453125
0.8,2,0.8037109375,0.802734375,0.8046875,0.0009765625,-0.638671875
0.8,2,0.802734375,0.80078125,0.8046875,0.001953125,-0.650390625
0.8,1,0.810546875,0.810546875,0.810546875,0.0,-0.654296875
0.8,1,0.806640625,0.806640625,0.806640625,0.0,-0.654296875
0.8,1,0.806640625,0.806640625,0.806640625,0.0,-0.666015625
0.8,1,0.8125,0.8125,0.8125,0.0,-0.662109375
0.8,1,0.806640625,0.806640625,0.806640625,0.0,-0.640625
0.8,1,0.8046875,0.8046875,0.8046875,0.0,-0.64453125
0.8,1,0.8046875,0.8046875,0.8046875,0.0,-0.650390625
0.8,2,0.8076171875,0.806640625,0.80859375,0.0009765625,-0.65625
0.8,1,0.806640625,0.806640625,0.806640625,0.0,-0.64453125
0.8,1,0.8046875,0.8046875,0.8046875,0.0,-0.650390625
0.8,2,0.8017578125,0.80078125,0.802734375,0.0009765625,-0.6484375
0.8,1,0.80859375,0.80859375,0.80859375,0.0,-0.642578125
0.8,1,0.80859375,0.80859375,0.80859375,0.0,-0.638671875
0.8,1,0.806640625,0.806640625,0.806640625,0.0,-0.65234375
0.8,2,0.8076171875,0.806640625,0.80859375,0.0009765625,-0.654296875
0.8,1,0.8046875,0.8046875,0.8046875,0.0,-0.650390625
0.8,1,0.802734375,0.802734375,0.802734375,0.0,-0.640625
0.8,2,0.8056640625,0.8046875,0.806640625,0.0009765625,-0.662109375
0.8,1,0.80078125,0.80078125,0.80078125,0.0,-0.640625
0.8,1,0.806640625,0.806640625,0.806640625,0.0,-0.658203125
0.8,1,0.810546875,0.810546875,0.810546875,0.0,-0.6640625
0.8,1,0.8046875,0.8046875,0.8046875,0.0,-0.65234375
0.8,2,0.8037109375,0.802734375,0.8046875,0.0009765625,-0.646484375
0.8,1,0.806640625,0.806640625,0.806640625,0.0,-0.654296875
0.8,1,0.8046875,0.8046875,0.8046875,0.0,-0.66015625
0.8,1,0.8125,0.8125,0.8125,0.0,-0.66796875
0.8,1,0.810546875,0.810546875,0.810546875,0.0,-0.662109375
0.8,2,0.8076171875,0.806640625,0.80859375,0.0009765625,-0.662109375
0.8,2,0.802734375,0.80078125,0.8046875,0.001953125,-0.6484375
0.8,2,0.8095703125,0.80859375,0.810546875,0.0009765625,-0.66015625
0.8,1,0.806640625,0.806640625,0.806640625,0.0,-0.658203125
0.8,1,0.810546875,0.810546875,0.810546875,0.0,-0.65625
0.8,1,0.810546875,0.810546875,0.810546875,0.0,-0.650390625
0.8,2,0.8037109375,0.802734375,0.8046875,0.0009765625,-0.640625
0.8,1,0.8125,0.8125,0.8125,0.0,-0.671875
