length,$r_{stable}$,fct,Energy,Consensus
12002,0.19069767441860466,164,-0.9375,0.693359375
12002,0.19626168224299065,168,-0.861328125,0.0390625
12002,0.20187793427230047,172,-0.8828125,0.0625
12002,0.2075471698113208,176,-0.892578125,0.505859375
12002,0.2132701421800948,180,-0.8671875,0.04296875
12002,0.21904761904761905,184,-0.84765625,0.13671875
12002,0.2248803827751196,188,-0.900390625,0.177734375
12002,0.2307692307692308,192,-0.8984375,0.080078125
12002,0.23671497584541065,196,-0.900390625,0.671875
12,0.2427184466019417,200,-0.88671875,0.5234375
12002,0.24878048780487805,204,-0.892578125,0.39453125
12002,0.2549019607843137,208,-0.8515625,0.244140625
12002,0.2610837438423645,212,-0.875,0.490234375
12002,0.2673267326732673,216,-0.87890625,0.48046875
420,0.2736318407960199,220,-0.900390625,0.404296875
7800,0.28,224,-0.8828125,0.5072265625
756,0.2864321608040201,228,-0.87890625,0.2681749131944444
12002,0.2929292929292929,232,-0.849609375,0.28125
12002,0.29949238578680204,236,-0.857421875,0.0625
7560,0.30612244897959184,240,-0.89453125,0.4521019345238095
210,0.19069767441860466,164,-0.912109375,0.67578125
1500,0.19626168224299065,168,-0.92578125,0.781859375
12002,0.20187793427230047,172,-0.87109375,0.341796875
12002,0.2075471698113208,176,-0.841796875,0.056640625
12002,0.2132701421800948,180,-0.87890625,0.021484375
4620,0.21904761904761905,184,-0.927734375,0.6649819906655844
42,0.2248803827751196,188,-0.927734375,0.6819661458333334
12002,0.2307692307692308,192,-0.861328125,0.158203125
12002,0.23671497584541065,196,-0.853515625,0.271484375
12002,0.2427184466019417,200,-0.814453125,0.076171875
12002,0.24878048780487805,204,-0.8671875,0.31640625
12002,0.2549019607843137,208,-0.83203125,0.3125
12002,0.2610837438423645,212,-0.8984375,0.5
12002,0.2673267326732673,216,-0.84765625,0.02734375
8580,0.2736318407960199,220,-0.876953125,0.31706184440559443
1800,0.28,224,-0.861328125,0.3714431423611111
2856,0.2864321608040201,228,-0.857421875,0.2435278799019608
12002,0.2929292929292929,232,-0.841796875,0.021484375
12002,0.29949238578680204,236,-0.8671875,0.537109375
12002,0.30612244897959184,240,-0.833984375,0.31640625
12002,0.19069767441860466,164,-0.845703125,0.07421875
12002,0.19626168224299065,168,-0.890625,0.076171875
12002,0.20187793427230047,172,-0.900390625,0.052734375
1020,0.2075471698113208,176,-0.91015625,0.42750842524509797
12002,0.2132701421800948,180,-0.865234375,0.150390625
12002,0.21904761904761905,184,-0.853515625,0.064453125
12002,0.2248803827751196,188,-0.83984375,0.12890625
858,0.2307692307692308,192,-0.888671875,0.08578953598484848
12002,0.23671497584541065,196,-0.869140625,0.01171875
12002,0.2427184466019417,200,-0.880859375,0.181640625
12002,0.24878048780487805,204,-0.83984375,0.02734375
1530,0.2549019607843137,208,-0.861328125,0.20154462826797387
12002,0.2610837438423645,212,-0.873046875,0.15234375
12002,0.2673267326732673,216,-0.826171875,0.2578125
12002,0.2736318407960199,220,-0.869140625,0.16015625
12002,0.28,224,-0.853515625,0.130859375
12002,0.2864321608040201,228,-0.869140625,0.44921875
9348,0.2929292929292929,232,-0.861328125,0.292798676856012
240,0.29949238578680204,236,-0.884765625,0.2781982421875
12002,0.30612244897959184,240,-0.875,0.01171875
12002,0.19069767441860466,164,-0.923828125,0.640625
72,0.19626168224299065,168,-0.95703125,0.8020833333333334
12002,0.20187793427230047,172,-0.853515625,0.17578125
12002,0.2075471698113208,176,-0.88671875,0.41015625
420,0.2132701421800948,180,-0.865234375,0.5065569196428571
12002,0.21904761904761905,184,-0.869140625,0.091796875
1680,0.2248803827751196,188,-0.861328125,0.3508707682291667
12002,0.2307692307692308,192,-0.859375,0.505859375
6,0.23671497584541065,196,-0.966796875,0.94140625
12002,0.2427184466019417,200,-0.90234375,0.56640625
12002,0.24878048780487805,204,-0.904296875,0.45703125
104,0.2549019607843137,208,-0.9609375,0.8370830829326923
12002,0.2610837438423645,212,-0.912109375,0.5703125
12002,0.2673267326732673,216,-0.912109375,0.6796875
2940,0.2736318407960199,220,-0.8359375,0.09820830676020408
1320,0.28,224,-0.89453125,0.5490411931818182
360,0.2864321608040201,228,-0.923828125,0.7377387152777778
12002,0.2929292929292929,232,-0.875,0.3984375
12002,0.29949238578680204,236,-0.861328125,0.39453125
168,0.30612244897959184,240,-0.923828125,0.5654296875
12002,0.19069767441860466,164,-0.880859375,0.25
12002,0.19626168224299065,168,-0.880859375,0.09765625
12002,0.20187793427230047,172,-0.8984375,0.58203125
6960,0.2075471698113208,176,-0.900390625,0.5768776378412356
12002,0.2132701421800948,180,-0.8671875,0.2578125
12002,0.21904761904761905,184,-0.900390625,0.2578125
12002,0.2248803827751196,188,-0.841796875,0.12109375
90,0.2307692307692308,192,-0.91796875,0.734375
12002,0.23671497584541065,196,-0.896484375,0.482421875
12002,0.2427184466019417,200,-0.900390625,0.31640625
12002,0.24878048780487805,204,-0.8828125,0.49609375
12002,0.2549019607843137,208,-0.845703125,0.15234375
12002,0.2610837438423645,212,-0.845703125,0.103515625
12002,0.2673267326732673,216,-0.86328125,0.1640625
390,0.2736318407960199,220,-0.8984375,0.6209685496794872
12002,0.28,224,-0.814453125,0.05859375
252,0.2864321608040201,228,-0.8671875,0.3968098958333333
12002,0.2929292929292929,232,-0.87890625,0.265625
12002,0.29949238578680204,236,-0.85546875,0.107421875
120,0.30612244897959184,240,-0.849609375,0.2860514322916667
12002,0.19069767441860466,164,-0.876953125,0.189453125
12002,0.19626168224299065,168,-0.875,0.03515625
12002,0.20187793427230047,172,-0.85546875,0.064453125
12002,0.2075471698113208,176,-0.861328125,0.06640625
3108,0.2132701421800948,180,-0.87109375,0.4140449042792793
12,0.21904761904761905,184,-0.90625,0.75146484375
12002,0.2248803827751196,188,-0.86328125,0.271484375
615,0.2307692307692308,192,-0.912109375,0.4008288871951219
12002,0.23671497584541065,196,-0.853515625,0.03125
12002,0.2427184466019417,200,-0.87109375,0.0234375
12002,0.24878048780487805,204,-0.890625,0.458984375
12002,0.2549019607843137,208,-0.87109375,0.087890625
12002,0.2610837438423645,212,-0.837890625,0.271484375
12002,0.2673267326732673,216,-0.83203125,0.423828125
10920,0.2736318407960199,220,-0.8515625,0.3874613667582418
12002,0.28,224,-0.87890625,0.30078125
12002,0.2864321608040201,228,-0.857421875,0.16015625
12002,0.2929292929292929,232,-0.83984375,0.0
12002,0.29949238578680204,236,-0.84765625,0.078125
8640,0.30612244897959184,240,-0.84765625,0.06965693721064815
12002,0.19069767441860466,164,-0.86328125,0.208984375
12002,0.19626168224299065,168,-0.875,0.31640625
12002,0.20187793427230047,172,-0.888671875,0.41796875
4620,0.2075471698113208,176,-0.8828125,0.3151515151515151
12002,0.2132701421800948,180,-0.875,0.091796875
168,0.21904761904761905,184,-0.904296875,0.0827055431547619
12002,0.2248803827751196,188,-0.87109375,0.232421875
12002,0.2307692307692308,192,-0.85546875,0.0390625
12002,0.23671497584541065,196,-0.880859375,0.1328125
12002,0.2427184466019417,200,-0.865234375,0.0234375
12002,0.24878048780487805,204,-0.87109375,0.2734375
12002,0.2549019607843137,208,-0.8515625,0.126953125
12002,0.2610837438423645,212,-0.8125,0.095703125
12002,0.2673267326732673,216,-0.84375,0.30078125
12002,0.2736318407960199,220,-0.869140625,0.009765625
12002,0.28,224,-0.908203125,0.123046875
180,0.2864321608040201,228,-0.865234375,0.1564670138888889
12002,0.2929292929292929,232,-0.857421875,0.208984375
12002,0.29949238578680204,236,-0.83984375,0.228515625
12002,0.30612244897959184,240,-0.83203125,0.291015625
12002,0.19069767441860466,164,-0.859375,0.1640625
12002,0.19626168224299065,168,-0.89453125,0.318359375
12002,0.20187793427230047,172,-0.896484375,0.35546875
12002,0.2075471698113208,176,-0.919921875,0.5703125
12002,0.2132701421800948,180,-0.857421875,0.119140625
12002,0.21904761904761905,184,-0.865234375,0.41796875
12002,0.2248803827751196,188,-0.86328125,0.14453125
12002,0.2307692307692308,192,-0.873046875,0.107421875
12002,0.23671497584541065,196,-0.822265625,0.021484375
1260,0.2427184466019417,200,-0.869140625,0.2015438988095238
12002,0.24878048780487805,204,-0.873046875,0.0390625
12002,0.2549019607843137,208,-0.837890625,0.005859375
12002,0.2610837438423645,212,-0.841796875,0.060546875
12002,0.2673267326732673,216,-0.8671875,0.203125
12002,0.2736318407960199,220,-0.861328125,0.0390625
12002,0.28,224,-0.845703125,0.046875
12002,0.2864321608040201,228,-0.841796875,0.16015625
12002,0.2929292929292929,232,-0.845703125,0.095703125
12002,0.29949238578680204,236,-0.845703125,0.0390625
12002,0.30612244897959184,240,-0.849609375,0.193359375
12002,0.19069767441860466,164,-0.892578125,0.640625
12002,0.19626168224299065,168,-0.8671875,0.0703125
7140,0.20187793427230047,172,-0.904296875,0.32891500350140057
12002,0.2075471698113208,176,-0.849609375,0.23046875
12002,0.2132701421800948,180,-0.87109375,0.14453125
12002,0.21904761904761905,184,-0.86328125,0.451171875
12002,0.2248803827751196,188,-0.83984375,0.23828125
12002,0.2307692307692308,192,-0.85546875,0.189453125
12002,0.23671497584541065,196,-0.873046875,0.216796875
12002,0.2427184466019417,200,-0.841796875,0.232421875
6300,0.24878048780487805,204,-0.83203125,0.13652808779761905
12002,0.2549019607843137,208,-0.853515625,0.22265625
12002,0.2610837438423645,212,-0.8359375,0.04296875
12002,0.2673267326732673,216,-0.837890625,0.248046875
12002,0.2736318407960199,220,-0.83984375,0.267578125
12002,0.28,224,-0.83984375,0.115234375
12002,0.2864321608040201,228,-0.888671875,0.5546875
12002,0.2929292929292929,232,-0.873046875,0.09765625
12002,0.29949238578680204,236,-0.853515625,0.3125
12002,0.30612244897959184,240,-0.85546875,0.0546875
12002,0.19069767441860466,164,-0.900390625,0.298828125
12002,0.19626168224299065,168,-0.90625,0.310546875
12002,0.20187793427230047,172,-0.9140625,0.583984375
12002,0.2075471698113208,176,-0.8671875,0.107421875
12002,0.2132701421800948,180,-0.853515625,0.076171875
12002,0.21904761904761905,184,-0.873046875,0.349609375
4620,0.2248803827751196,188,-0.876953125,0.26622953869047616
3480,0.2307692307692308,192,-0.880859375,0.4196188038793103
12002,0.23671497584541065,196,-0.87109375,0.208984375
12002,0.2427184466019417,200,-0.87890625,0.171875
2280,0.24878048780487805,204,-0.873046875,0.06986962033991229
12002,0.2549019607843137,208,-0.87890625,0.3671875
12002,0.2610837438423645,212,-0.841796875,0.193359375
12002,0.2673267326732673,216,-0.876953125,0.2890625
12002,0.2736318407960199,220,-0.8828125,0.203125
12002,0.28,224,-0.896484375,0.328125
12002,0.2864321608040201,228,-0.875,0.201171875
3990,0.2929292929292929,232,-0.87109375,0.13566141917293234
2016,0.29949238578680204,236,-0.84765625,0.4386451357886905
12002,0.30612244897959184,240,-0.8984375,0.52734375
12002,0.19069767441860466,164,-0.875,0.169921875
12002,0.19626168224299065,168,-0.892578125,0.271484375
12002,0.20187793427230047,172,-0.8671875,0.353515625
12002,0.2075471698113208,176,-0.865234375,0.095703125
12002,0.2132701421800948,180,-0.88671875,0.59765625
12002,0.21904761904761905,184,-0.87890625,0.16015625
840,0.2248803827751196,188,-0.86328125,0.25927734375
12002,0.2307692307692308,192,-0.91015625,0.5078125
12002,0.23671497584541065,196,-0.869140625,0.46875
12002,0.2427184466019417,200,-0.86328125,0.48828125
5460,0.24878048780487805,204,-0.8671875,0.05582074175824176
12002,0.2549019607843137,208,-0.869140625,0.33984375
4620,0.2610837438423645,212,-0.869140625,0.488479099025974
12002,0.2673267326732673,216,-0.869140625,0.44921875
12002,0.2736318407960199,220,-0.8828125,0.1640625
12002,0.28,224,-0.84765625,0.00390625
12002,0.2864321608040201,228,-0.859375,0.19140625
12002,0.2929292929292929,232,-0.861328125,0.36328125
36,0.29949238578680204,236,-0.90625,0.06179470486111111
12002,0.30612244897959184,240,-0.859375,0.021484375
12002,0.19069767441860466,164,-0.892578125,0.31640625
12002,0.19626168224299065,168,-0.888671875,0.203125
12002,0.20187793427230047,172,-0.880859375,0.14453125
12002,0.2075471698113208,176,-0.87109375,0.21875
2520,0.2132701421800948,180,-0.89453125,0.3170572916666667
1680,0.21904761904761905,184,-0.8515625,0.10018717447916667
12002,0.2248803827751196,188,-0.8828125,0.142578125
12002,0.2307692307692308,192,-0.87109375,0.015625
12002,0.23671497584541065,196,-0.890625,0.078125
12002,0.2427184466019417,200,-0.865234375,0.240234375
12002,0.24878048780487805,204,-0.884765625,0.1171875
12002,0.2549019607843137,208,-0.865234375,0.138671875
12002,0.2610837438423645,212,-0.88671875,0.048828125
12002,0.2673267326732673,216,-0.89453125,0.501953125
12002,0.2736318407960199,220,-0.84375,0.1015625
1596,0.28,224,-0.853515625,0.21348047854010024
12002,0.2864321608040201,228,-0.86328125,0.0
12002,0.2929292929292929,232,-0.861328125,0.1484375
5040,0.29949238578680204,236,-0.880859375,0.15874488467261905
12002,0.30612244897959184,240,-0.873046875,0.29296875
12002,0.19069767441860466,164,-0.900390625,0.552734375
12002,0.19626168224299065,168,-0.857421875,0.20703125
12002,0.20187793427230047,172,-0.91015625,0.369140625
12002,0.2075471698113208,176,-0.830078125,0.169921875
12002,0.2132701421800948,180,-0.865234375,0.177734375
12002,0.21904761904761905,184,-0.884765625,0.33984375
12002,0.2248803827751196,188,-0.91015625,0.44921875
12002,0.2307692307692308,192,-0.88671875,0.4296875
3780,0.23671497584541065,196,-0.8828125,0.07720114087301587
12002,0.2427184466019417,200,-0.861328125,0.1875
1932,0.24878048780487805,204,-0.8515625,0.3221877830615942
840,0.2549019607843137,208,-0.904296875,0.20736607142857144
12002,0.2610837438423645,212,-0.833984375,0.3671875
2100,0.2673267326732673,216,-0.84765625,0.2248921130952381
12002,0.2736318407960199,220,-0.861328125,0.16015625
12002,0.28,224,-0.845703125,0.021484375
12002,0.2864321608040201,228,-0.87109375,0.123046875
12002,0.2929292929292929,232,-0.87890625,0.212890625
12002,0.29949238578680204,236,-0.806640625,0.109375
12002,0.30612244897959184,240,-0.87890625,0.03515625
12002,0.19069767441860466,164,-0.859375,0.119140625
7308,0.19626168224299065,168,-0.896484375,0.07144781403940886
12002,0.20187793427230047,172,-0.904296875,0.650390625
7140,0.2075471698113208,176,-0.89453125,0.23897633272058824
12002,0.2132701421800948,180,-0.869140625,0.19140625
12002,0.21904761904761905,184,-0.91796875,0.177734375
12002,0.2248803827751196,188,-0.87109375,0.013671875
12002,0.2307692307692308,192,-0.849609375,0.064453125
12002,0.23671497584541065,196,-0.884765625,0.169921875
12002,0.2427184466019417,200,-0.8984375,0.216796875
12002,0.24878048780487805,204,-0.84765625,0.048828125
12002,0.2549019607843137,208,-0.869140625,0.060546875
12002,0.2610837438423645,212,-0.896484375,0.5859375
12002,0.2673267326732673,216,-0.837890625,0.078125
12002,0.2736318407960199,220,-0.845703125,0.015625
12002,0.28,224,-0.828125,0.07421875
300,0.2864321608040201,228,-0.890625,0.3999479166666667
12002,0.2929292929292929,232,-0.88671875,0.427734375
12002,0.29949238578680204,236,-0.86328125,0.275390625
12002,0.30612244897959184,240,-0.84375,0.2265625
12002,0.19069767441860466,164,-0.8828125,0.333984375
12002,0.19626168224299065,168,-0.89453125,0.150390625
12002,0.20187793427230047,172,-0.900390625,0.224609375
12002,0.2075471698113208,176,-0.896484375,0.353515625
12002,0.2132701421800948,180,-0.912109375,0.1015625
12002,0.21904761904761905,184,-0.89453125,0.07421875
12002,0.2248803827751196,188,-0.87890625,0.482421875
12002,0.2307692307692308,192,-0.89453125,0.103515625
12002,0.23671497584541065,196,-0.87109375,0.552734375
12002,0.2427184466019417,200,-0.90234375,0.662109375
12002,0.24878048780487805,204,-0.880859375,0.349609375
12002,0.2549019607843137,208,-0.859375,0.17578125
5040,0.2610837438423645,212,-0.892578125,0.27754138764880953
12002,0.2673267326732673,216,-0.87109375,0.263671875
12002,0.2736318407960199,220,-0.869140625,0.0625
3192,0.28,224,-0.83984375,0.03709591361215539
12002,0.2864321608040201,228,-0.8671875,0.04296875
924,0.2929292929292929,232,-0.89453125,0.20933948863636365
12002,0.29949238578680204,236,-0.873046875,0.080078125
12002,0.30612244897959184,240,-0.859375,0.28125
12002,0.19069767441860466,164,-0.87109375,0.1875
12002,0.19626168224299065,168,-0.859375,0.0859375
12002,0.20187793427230047,172,-0.8515625,0.134765625
12002,0.2075471698113208,176,-0.828125,0.0859375
12002,0.2132701421800948,180,-0.880859375,0.033203125
12002,0.21904761904761905,184,-0.8515625,0.353515625
12002,0.2248803827751196,188,-0.904296875,0.234375
12002,0.2307692307692308,192,-0.904296875,0.44921875
12002,0.23671497584541065,196,-0.876953125,0.33203125
12002,0.2427184466019417,200,-0.884765625,0.19921875
12002,0.24878048780487805,204,-0.85546875,0.056640625
12002,0.2549019607843137,208,-0.857421875,0.283203125
12002,0.2610837438423645,212,-0.857421875,0.17578125
630,0.2673267326732673,216,-0.873046875,0.4794921875
12002,0.2736318407960199,220,-0.84375,0.109375
12002,0.28,224,-0.857421875,0.025390625
12002,0.2864321608040201,228,-0.853515625,0.369140625
12002,0.2929292929292929,232,-0.8671875,0.060546875
12002,0.29949238578680204,236,-0.853515625,0.33984375
12002,0.30612244897959184,240,-0.87109375,0.060546875
336,0.19069767441860466,164,-0.888671875,0.13863699776785715
12002,0.19626168224299065,168,-0.87109375,0.02734375
2184,0.20187793427230047,172,-0.87890625,0.37216063558837
12002,0.2075471698113208,176,-0.884765625,0.330078125
12002,0.2132701421800948,180,-0.845703125,0.0859375
341,0.21904761904761905,184,-0.916015625,0.06676136363636362
12002,0.2248803827751196,188,-0.865234375,0.041015625
12002,0.2307692307692308,192,-0.83984375,0.115234375
12002,0.23671497584541065,196,-0.857421875,0.048828125
12002,0.2427184466019417,200,-0.87890625,0.0703125
12002,0.24878048780487805,204,-0.853515625,0.171875
12002,0.2549019607843137,208,-0.888671875,0.23828125
12002,0.2610837438423645,212,-0.880859375,0.12890625
12002,0.2673267326732673,216,-0.869140625,0.03515625
1932,0.2736318407960199,220,-0.923828125,0.5040255402432712
12002,0.28,224,-0.833984375,0.01953125
12002,0.2864321608040201,228,-0.87890625,0.052734375
12002,0.2929292929292929,232,-0.822265625,0.1484375
12002,0.29949238578680204,236,-0.85546875,0.23828125
12002,0.30612244897959184,240,-0.859375,0.0625
12002,0.19069767441860466,164,-0.8515625,0.140625
12002,0.19626168224299065,168,-0.88671875,0.01953125
9240,0.20187793427230047,172,-0.8984375,0.4674119825487013
12002,0.2075471698113208,176,-0.853515625,0.30078125
12002,0.2132701421800948,180,-0.85546875,0.228515625
12002,0.21904761904761905,184,-0.880859375,0.05859375
12002,0.2248803827751196,188,-0.87109375,0.02734375
12002,0.2307692307692308,192,-0.892578125,0.14453125
12002,0.23671497584541065,196,-0.865234375,0.33203125
12002,0.2427184466019417,200,-0.873046875,0.02734375
12002,0.24878048780487805,204,-0.859375,0.06640625
12002,0.2549019607843137,208,-0.888671875,0.59765625
7140,0.2610837438423645,212,-0.853515625,0.20109309348739496
630,0.2673267326732673,216,-0.873046875,0.01608072916666666
12002,0.2736318407960199,220,-0.859375,0.111328125
12002,0.28,224,-0.83203125,0.001953125
12002,0.2864321608040201,228,-0.83203125,0.205078125
12002,0.2929292929292929,232,-0.841796875,0.1328125
252,0.29949238578680204,236,-0.8515625,0.3229166666666667
12002,0.30612244897959184,240,-0.884765625,0.439453125
12002,0.19069767441860466,164,-0.87109375,0.283203125
12002,0.19626168224299065,168,-0.8984375,0.3359375
12002,0.20187793427230047,172,-0.8984375,0.51171875
12002,0.2075471698113208,176,-0.861328125,0.32421875
12002,0.2132701421800948,180,-0.87109375,0.48828125
12002,0.21904761904761905,184,-0.849609375,0.02734375
12002,0.2248803827751196,188,-0.853515625,0.13671875
12002,0.2307692307692308,192,-0.916015625,0.611328125
12002,0.23671497584541065,196,-0.8515625,0.109375
12002,0.2427184466019417,200,-0.91796875,0.625
12002,0.24878048780487805,204,-0.865234375,0.314453125
12002,0.2549019607843137,208,-0.85546875,0.138671875
420,0.2610837438423645,212,-0.91015625,0.4049479166666667
12002,0.2673267326732673,216,-0.85546875,0.26171875
12002,0.2736318407960199,220,-0.876953125,0.2421875
12002,0.28,224,-0.880859375,0.4921875
12002,0.2864321608040201,228,-0.859375,0.35546875
12002,0.2929292929292929,232,-0.853515625,0.216796875
12002,0.29949238578680204,236,-0.857421875,0.2734375
12002,0.30612244897959184,240,-0.849609375,0.220703125
12002,0.19069767441860466,164,-0.884765625,0.349609375
12002,0.19626168224299065,168,-0.8984375,0.29296875
12002,0.20187793427230047,172,-0.896484375,0.455078125
4284,0.2075471698113208,176,-0.876953125,0.017211572128851542
12002,0.2132701421800948,180,-0.869140625,0.3203125
12002,0.21904761904761905,184,-0.890625,0.025390625
12002,0.2248803827751196,188,-0.873046875,0.107421875
2340,0.2307692307692308,192,-0.904296875,0.44066256009615373
12002,0.23671497584541065,196,-0.8515625,0.04296875
2040,0.2427184466019417,200,-0.865234375,0.2521943933823529
3420,0.24878048780487805,204,-0.859375,0.3573761878654971
4620,0.2549019607843137,208,-0.869140625,0.11014356737012987
8268,0.2610837438423645,212,-0.87109375,0.32545327240566035
2640,0.2673267326732673,216,-0.8671875,0.3378617720170455
12002,0.2736318407960199,220,-0.837890625,0.126953125
12002,0.28,224,-0.83984375,0.029296875
12002,0.2864321608040201,228,-0.833984375,0.162109375
12002,0.2929292929292929,232,-0.853515625,0.126953125
12002,0.29949238578680204,236,-0.830078125,0.10546875
12002,0.30612244897959184,240,-0.81640625,0.048828125
720,0.19069767441860466,164,-0.876953125,0.19856770833333331
12002,0.19626168224299065,168,-0.87109375,0.142578125
12002,0.20187793427230047,172,-0.849609375,0.21484375
12002,0.2075471698113208,176,-0.861328125,0.0703125
12002,0.2132701421800948,180,-0.9375,0.6640625
12002,0.21904761904761905,184,-0.876953125,0.185546875
12002,0.2248803827751196,188,-0.888671875,0.35546875
12002,0.2307692307692308,192,-0.853515625,0.1015625
12002,0.23671497584541065,196,-0.865234375,0.09375
12002,0.2427184466019417,200,-0.908203125,0.634765625
12002,0.24878048780487805,204,-0.87890625,0.537109375
12002,0.2549019607843137,208,-0.84765625,0.04296875
12002,0.2610837438423645,212,-0.87109375,0.232421875
1428,0.2673267326732673,216,-0.86328125,0.4395639115021008
2310,0.2736318407960199,220,-0.890625,0.5786872632575758
12002,0.28,224,-0.865234375,0.5390625
840,0.2864321608040201,228,-0.83203125,0.13826497395833334
12002,0.2929292929292929,232,-0.8515625,0.283203125
12002,0.29949238578680204,236,-0.826171875,0.203125
12002,0.30612244897959184,240,-0.861328125,0.21875
84,0.19069767441860466,164,-0.921875,0.13267299107142858
10032,0.19626168224299065,168,-0.91015625,0.4713584498355263
12002,0.20187793427230047,172,-0.87890625,0.052734375
12002,0.2075471698113208,176,-0.896484375,0.330078125
12002,0.2132701421800948,180,-0.869140625,0.4140625
12002,0.21904761904761905,184,-0.869140625,0.01953125
12002,0.2248803827751196,188,-0.88671875,0.578125
12002,0.2307692307692308,192,-0.845703125,0.01953125
12002,0.23671497584541065,196,-0.875,0.240234375
420,0.2427184466019417,200,-0.888671875,0.24365234375
12002,0.24878048780487805,204,-0.8203125,0.087890625
12002,0.2549019607843137,208,-0.869140625,0.251953125
12002,0.2610837438423645,212,-0.8359375,0.12890625
12002,0.2673267326732673,216,-0.880859375,0.001953125
12002,0.2736318407960199,220,-0.865234375,0.41015625
12002,0.28,224,-0.849609375,0.197265625
12002,0.2864321608040201,228,-0.845703125,0.1640625
12002,0.2929292929292929,232,-0.884765625,0.390625
12002,0.29949238578680204,236,-0.814453125,0.240234375
12002,0.30612244897959184,240,-0.8515625,0.0546875
12002,0.19069767441860466,164,-0.865234375,0.03125
12002,0.19626168224299065,168,-0.892578125,0.1953125
12002,0.20187793427230047,172,-0.87890625,0.068359375
12002,0.2075471698113208,176,-0.91015625,0.255859375
12002,0.2132701421800948,180,-0.853515625,0.412109375
12002,0.21904761904761905,184,-0.87890625,0.48046875
12002,0.2248803827751196,188,-0.89453125,0.490234375
12002,0.2307692307692308,192,-0.837890625,0.154296875
12002,0.23671497584541065,196,-0.873046875,0.439453125
12002,0.2427184466019417,200,-0.87109375,0.07421875
12002,0.24878048780487805,204,-0.845703125,0.00390625
1176,0.2549019607843137,208,-0.876953125,0.5756935586734694
12002,0.2610837438423645,212,-0.8359375,0.1328125
12002,0.2673267326732673,216,-0.853515625,0.154296875
12002,0.2736318407960199,220,-0.83203125,0.208984375
12002,0.28,224,-0.822265625,0.12109375
336,0.2864321608040201,228,-0.869140625,0.25267973400297616
12002,0.2929292929292929,232,-0.837890625,0.15234375
12002,0.29949238578680204,236,-0.873046875,0.12109375
12002,0.30612244897959184,240,-0.841796875,0.11328125
12002,0.19069767441860466,164,-0.921875,0.52734375
12002,0.19626168224299065,168,-0.90234375,0.451171875
12002,0.20187793427230047,172,-0.875,0.248046875
12002,0.2075471698113208,176,-0.892578125,0.421875
12002,0.2132701421800948,180,-0.876953125,0.31640625
12002,0.21904761904761905,184,-0.88671875,0.427734375
5460,0.2248803827751196,188,-0.880859375,0.18467297676282046
3780,0.2307692307692308,192,-0.8828125,0.18388206845238092
12002,0.23671497584541065,196,-0.876953125,0.0859375
60,0.2427184466019417,200,-0.904296875,0.01904296875
462,0.24878048780487805,204,-0.892578125,0.1525974025974026
12002,0.2549019607843137,208,-0.884765625,0.0390625
12002,0.2610837438423645,212,-0.8671875,0.22265625
12002,0.2673267326732673,216,-0.869140625,0.09375
7980,0.2736318407960199,220,-0.892578125,0.3008683818922306
12002,0.28,224,-0.865234375,0.3515625
12002,0.2864321608040201,228,-0.876953125,0.12109375
12002,0.2929292929292929,232,-0.88671875,0.373046875
4620,0.29949238578680204,236,-0.85546875,0.007794321563852814
12002,0.30612244897959184,240,-0.853515625,0.107421875
12002,0.19069767441860466,164,-0.890625,0.462890625
8652,0.19626168224299065,168,-0.896484375,0.3547766231796117
12002,0.20187793427230047,172,-0.923828125,0.5078125
12002,0.2075471698113208,176,-0.896484375,0.50390625
12002,0.2132701421800948,180,-0.8984375,0.37890625
4140,0.21904761904761905,184,-0.90234375,0.5911543251811594
12002,0.2248803827751196,188,-0.8828125,0.41796875
2772,0.2307692307692308,192,-0.904296875,0.3477732120310245
12002,0.23671497584541065,196,-0.92578125,0.599609375
12002,0.2427184466019417,200,-0.896484375,0.228515625
12002,0.24878048780487805,204,-0.904296875,0.61328125
12002,0.2549019607843137,208,-0.892578125,0.318359375
12002,0.2610837438423645,212,-0.87890625,0.271484375
12002,0.2673267326732673,216,-0.869140625,0.1328125
12002,0.2736318407960199,220,-0.87109375,0.001953125
12002,0.28,224,-0.873046875,0.171875
12002,0.2864321608040201,228,-0.865234375,0.517578125
12002,0.2929292929292929,232,-0.888671875,0.513671875
12002,0.29949238578680204,236,-0.87109375,0.087890625
9660,0.30612244897959184,240,-0.884765625,0.34845893180641824
12002,0.19069767441860466,164,-0.892578125,0.279296875
3780,0.19626168224299065,168,-0.900390625,0.5046937003968254
480,0.20187793427230047,172,-0.916015625,0.6488606770833333
12002,0.2075471698113208,176,-0.9140625,0.552734375
12002,0.2132701421800948,180,-0.87890625,0.341796875
6600,0.21904761904761905,184,-0.896484375,0.4976704545454546
12002,0.2248803827751196,188,-0.896484375,0.380859375
12002,0.2307692307692308,192,-0.84375,0.078125
12002,0.23671497584541065,196,-0.890625,0.271484375
12002,0.2427184466019417,200,-0.865234375,0.17578125
420,0.24878048780487805,204,-0.9140625,0.6109095982142857
3420,0.2549019607843137,208,-0.89453125,0.6042951617324561
12002,0.2610837438423645,212,-0.85546875,0.01953125
12002,0.2673267326732673,216,-0.849609375,0.259765625
12002,0.2736318407960199,220,-0.873046875,0.208984375
12002,0.28,224,-0.865234375,0.16015625
12002,0.2864321608040201,228,-0.84765625,0.185546875
12002,0.2929292929292929,232,-0.865234375,0.216796875
12002,0.29949238578680204,236,-0.857421875,0.3671875
12002,0.30612244897959184,240,-0.853515625,0.49609375
12002,0.19069767441860466,164,-0.83984375,0.171875
12002,0.19626168224299065,168,-0.8828125,0.27734375
12002,0.20187793427230047,172,-0.865234375,0.259765625
12002,0.2075471698113208,176,-0.8671875,0.283203125
12002,0.2132701421800948,180,-0.830078125,0.111328125
12002,0.21904761904761905,184,-0.90625,0.501953125
12002,0.2248803827751196,188,-0.826171875,0.2109375
12002,0.2307692307692308,192,-0.8671875,0.076171875
12002,0.23671497584541065,196,-0.81640625,0.1640625
12002,0.2427184466019417,200,-0.861328125,0.251953125
360,0.24878048780487805,204,-0.89453125,0.511474609375
12002,0.2549019607843137,208,-0.814453125,0.06640625
12002,0.2610837438423645,212,-0.8828125,0.37109375
660,0.2673267326732673,216,-0.857421875,0.33787286931818183
12002,0.2736318407960199,220,-0.83203125,0.23828125
4620,0.28,224,-0.87890625,0.5301698626893939
12002,0.2864321608040201,228,-0.845703125,0.14453125
2040,0.2929292929292929,232,-0.830078125,0.14151348039215686
5544,0.29949238578680204,236,-0.82421875,0.12121634875541125
12002,0.30612244897959184,240,-0.857421875,0.228515625
12002,0.19069767441860466,164,-0.8984375,0.00390625
11115,0.19626168224299065,168,-0.921875,0.4595501925888439
1680,0.20187793427230047,172,-0.900390625,0.18998209635416666
12002,0.2075471698113208,176,-0.876953125,0.009765625
12002,0.2132701421800948,180,-0.919921875,0.46875
8004,0.21904761904761905,184,-0.900390625,0.06164495877061469
12002,0.2248803827751196,188,-0.8671875,0.259765625
12002,0.2307692307692308,192,-0.853515625,0.140625
12002,0.23671497584541065,196,-0.884765625,0.0078125
12002,0.2427184466019417,200,-0.8515625,0.076171875
12002,0.24878048780487805,204,-0.8828125,0.384765625
140,0.2549019607843137,208,-0.888671875,0.2119140625
12002,0.2610837438423645,212,-0.904296875,0.267578125
12002,0.2673267326732673,216,-0.873046875,0.060546875
12002,0.2736318407960199,220,-0.87890625,0.37890625
12002,0.28,224,-0.888671875,0.240234375
12002,0.2864321608040201,228,-0.845703125,0.22265625
12002,0.2929292929292929,232,-0.896484375,0.048828125
12002,0.29949238578680204,236,-0.90234375,0.220703125
3360,0.30612244897959184,240,-0.869140625,0.037449428013392856
12002,0.19069767441860466,164,-0.86328125,0.421875
12002,0.19626168224299065,168,-0.830078125,0.126953125
12002,0.20187793427230047,172,-0.86328125,0.21484375
12002,0.2075471698113208,176,-0.90234375,0.466796875
12002,0.2132701421800948,180,-0.8671875,0.0546875
12002,0.21904761904761905,184,-0.8828125,0.068359375
420,0.2248803827751196,188,-0.890625,0.3920014880952381
12002,0.2307692307692308,192,-0.875,0.130859375
12002,0.23671497584541065,196,-0.87109375,0.11328125
12002,0.2427184466019417,200,-0.880859375,0.33203125
12002,0.24878048780487805,204,-0.87109375,0.03125
780,0.2549019607843137,208,-0.91015625,0.3923427483974359
12002,0.2610837438423645,212,-0.890625,0.005859375
12002,0.2673267326732673,216,-0.875,0.287109375
12002,0.2736318407960199,220,-0.888671875,0.15234375
12002,0.28,224,-0.85546875,0.1015625
12002,0.2864321608040201,228,-0.857421875,0.09375
12002,0.2929292929292929,232,-0.875,0.28125
2940,0.29949238578680204,236,-0.828125,0.0349968112244898
4440,0.30612244897959184,240,-0.857421875,0.16489125844594596
12002,0.19069767441860466,164,-0.904296875,0.4140625
12002,0.19626168224299065,168,-0.89453125,0.171875
12002,0.20187793427230047,172,-0.892578125,0.18359375
12002,0.2075471698113208,176,-0.892578125,0.298828125
12002,0.2132701421800948,180,-0.892578125,0.41796875
12002,0.21904761904761905,184,-0.89453125,0.341796875
12002,0.2248803827751196,188,-0.884765625,0.203125
12002,0.2307692307692308,192,-0.880859375,0.40625
12002,0.23671497584541065,196,-0.83984375,0.1171875
12002,0.2427184466019417,200,-0.87890625,0.265625
12002,0.24878048780487805,204,-0.87109375,0.3515625
12002,0.2549019607843137,208,-0.884765625,0.2265625
12002,0.2610837438423645,212,-0.90625,0.453125
12002,0.2673267326732673,216,-0.880859375,0.212890625
12002,0.2736318407960199,220,-0.876953125,0.033203125
12002,0.28,224,-0.86328125,0.291015625
12002,0.2864321608040201,228,-0.857421875,0.345703125
12002,0.2929292929292929,232,-0.85546875,0.40625
12002,0.29949238578680204,236,-0.869140625,0.23828125
12002,0.30612244897959184,240,-0.837890625,0.1328125
12002,0.19069767441860466,164,-0.861328125,0.060546875
12002,0.19626168224299065,168,-0.892578125,0.447265625
12002,0.20187793427230047,172,-0.861328125,0.142578125
168,0.2075471698113208,176,-0.880859375,0.11552501860119048
12002,0.2132701421800948,180,-0.859375,0.021484375
12002,0.21904761904761905,184,-0.890625,0.078125
12002,0.2248803827751196,188,-0.873046875,0.369140625
12002,0.2307692307692308,192,-0.830078125,0.10546875
12002,0.23671497584541065,196,-0.857421875,0.34375
12002,0.2427184466019417,200,-0.8515625,0.18359375
12002,0.24878048780487805,204,-0.826171875,0.009765625
12002,0.2549019607843137,208,-0.822265625,0.046875
12002,0.2610837438423645,212,-0.837890625,0.15234375
12002,0.2673267326732673,216,-0.861328125,0.388671875
12002,0.2736318407960199,220,-0.84375,0.2734375
840,0.28,224,-0.861328125,0.2216796875
4080,0.2864321608040201,228,-0.841796875,0.24021714154411766
12002,0.2929292929292929,232,-0.830078125,0.08984375
12002,0.29949238578680204,236,-0.875,0.25390625
12002,0.30612244897959184,240,-0.826171875,0.197265625
42,0.19069767441860466,164,-0.95703125,0.7919921875
12002,0.19626168224299065,168,-0.857421875,0.244140625
12002,0.20187793427230047,172,-0.8515625,0.03515625
12002,0.2075471698113208,176,-0.904296875,0.484375
12002,0.2132701421800948,180,-0.865234375,0.34375
990,0.21904761904761905,184,-0.8828125,0.5413707386363636
12002,0.2248803827751196,188,-0.845703125,0.29296875
12002,0.2307692307692308,192,-0.81640625,0.076171875
231,0.23671497584541065,196,-0.935546875,0.6661931818181818
12002,0.2427184466019417,200,-0.869140625,0.326171875
12002,0.24878048780487805,204,-0.841796875,0.20703125
12002,0.2549019607843137,208,-0.85546875,0.056640625
12002,0.2610837438423645,212,-0.822265625,0.15625
12002,0.2673267326732673,216,-0.837890625,0.173828125
12002,0.2736318407960199,220,-0.853515625,0.203125
12002,0.28,224,-0.86328125,0.466796875
12002,0.2864321608040201,228,-0.853515625,0.4296875
2508,0.2929292929292929,232,-0.857421875,0.27795819004186606
12002,0.29949238578680204,236,-0.83984375,0.12109375
8976,0.30612244897959184,240,-0.83984375,0.21055214077818624
12002,0.19069767441860466,164,-0.86328125,0.09375
12002,0.19626168224299065,168,-0.88671875,0.177734375
12002,0.20187793427230047,172,-0.876953125,0.05859375
2160,0.2075471698113208,176,-0.896484375,0.14487485532407407
1824,0.2132701421800948,180,-0.87890625,0.09537867495888158
12002,0.21904761904761905,184,-0.90234375,0.185546875
12002,0.2248803827751196,188,-0.880859375,0.228515625
2520,0.2307692307692308,192,-0.84375,0.03445560515873016
420,0.23671497584541065,196,-0.875,0.1417271205357143
3960,0.2427184466019417,200,-0.875,0.26075303819444445
7560,0.24878048780487805,204,-0.869140625,0.26862702546296297
12002,0.2549019607843137,208,-0.80859375,0.1796875
12002,0.2610837438423645,212,-0.876953125,0.130859375
624,0.2673267326732673,216,-0.904296875,0.22434645432692307
12002,0.2736318407960199,220,-0.880859375,0.146484375
12002,0.28,224,-0.87109375,0.3046875
5280,0.2864321608040201,228,-0.865234375,0.09288995916193182
12002,0.2929292929292929,232,-0.888671875,0.099609375
1680,0.29949238578680204,236,-0.8671875,0.2603352864583333
12002,0.30612244897959184,240,-0.822265625,0.17578125
12002,0.19069767441860466,164,-0.8671875,0.30078125
12002,0.19626168224299065,168,-0.876953125,0.18359375
12002,0.20187793427230047,172,-0.8671875,0.171875
12002,0.2075471698113208,176,-0.841796875,0.001953125
12002,0.2132701421800948,180,-0.857421875,0.30078125
12002,0.21904761904761905,184,-0.916015625,0.68359375
12002,0.2248803827751196,188,-0.8828125,0.0625
12002,0.2307692307692308,192,-0.83984375,0.20703125
12002,0.23671497584541065,196,-0.845703125,0.236328125
60,0.2427184466019417,200,-0.89453125,0.6748046875
12002,0.24878048780487805,204,-0.828125,0.14453125
12002,0.2549019607843137,208,-0.86328125,0.13671875
12002,0.2610837438423645,212,-0.826171875,0.05859375
12002,0.2673267326732673,216,-0.810546875,0.03125
12002,0.2736318407960199,220,-0.828125,0.125
12002,0.28,224,-0.85546875,0.185546875
12002,0.2864321608040201,228,-0.830078125,0.146484375
12002,0.2929292929292929,232,-0.861328125,0.1953125
12002,0.29949238578680204,236,-0.896484375,0.19921875
12002,0.30612244897959184,240,-0.8515625,0.32421875
12002,0.19069767441860466,164,-0.861328125,0.345703125
12002,0.19626168224299065,168,-0.8828125,0.078125
12002,0.20187793427230047,172,-0.884765625,0.048828125
12002,0.2075471698113208,176,-0.890625,0.53515625
12002,0.2132701421800948,180,-0.890625,0.40234375
2856,0.21904761904761905,184,-0.859375,0.10342535451680672
12002,0.2248803827751196,188,-0.84765625,0.1015625
12002,0.2307692307692308,192,-0.830078125,0.19140625
12002,0.23671497584541065,196,-0.86328125,0.033203125
12002,0.2427184466019417,200,-0.845703125,0.306640625
12002,0.24878048780487805,204,-0.849609375,0.095703125
12002,0.2549019607843137,208,-0.869140625,0.12890625
12002,0.2610837438423645,212,-0.857421875,0.048828125
2520,0.2673267326732673,216,-0.8515625,0.013854011656746032
12002,0.2736318407960199,220,-0.853515625,0.26171875
12002,0.28,224,-0.8828125,0.4921875
12002,0.2864321608040201,228,-0.84765625,0.3125
12002,0.2929292929292929,232,-0.845703125,0.251953125
12002,0.29949238578680204,236,-0.83203125,0.2578125
12002,0.30612244897959184,240,-0.845703125,0.23046875
12002,0.19069767441860466,164,-0.912109375,0.435546875
12002,0.19626168224299065,168,-0.873046875,0.203125
12002,0.20187793427230047,172,-0.8515625,0.025390625
2940,0.2075471698113208,176,-0.912109375,0.5523317920918367
12002,0.2132701421800948,180,-0.908203125,0.279296875
12002,0.21904761904761905,184,-0.888671875,0.0859375
6888,0.2248803827751196,188,-0.904296875,0.1441773736933798
12002,0.2307692307692308,192,-0.884765625,0.361328125
12002,0.23671497584541065,196,-0.904296875,0.029296875
12002,0.2427184466019417,200,-0.900390625,0.228515625
12002,0.24878048780487805,204,-0.86328125,0.337890625
12002,0.2549019607843137,208,-0.865234375,0.359375
12002,0.2610837438423645,212,-0.87109375,0.0546875
1260,0.2673267326732673,216,-0.87890625,0.02215091765873016
12002,0.2736318407960199,220,-0.873046875,0.201171875
12002,0.28,224,-0.904296875,0.400390625
12002,0.2864321608040201,228,-0.89453125,0.0546875
12002,0.2929292929292929,232,-0.875,0.177734375
924,0.29949238578680204,236,-0.869140625,0.15096134334415584
12002,0.30612244897959184,240,-0.86328125,0.173828125
12002,0.19069767441860466,164,-0.876953125,0.087890625
12002,0.19626168224299065,168,-0.84375,0.267578125
12002,0.20187793427230047,172,-0.880859375,0.201171875
12002,0.2075471698113208,176,-0.876953125,0.205078125
12002,0.2132701421800948,180,-0.890625,0.091796875
12002,0.21904761904761905,184,-0.87890625,0.083984375
12002,0.2248803827751196,188,-0.859375,0.08984375
12002,0.2307692307692308,192,-0.853515625,0.330078125
12002,0.23671497584541065,196,-0.830078125,0.314453125
12002,0.2427184466019417,200,-0.859375,0.09375
12002,0.24878048780487805,204,-0.873046875,0.025390625
12002,0.2549019607843137,208,-0.84765625,0.1171875
12002,0.2610837438423645,212,-0.869140625,0.27734375
12002,0.2673267326732673,216,-0.80859375,0.224609375
12002,0.2736318407960199,220,-0.859375,0.046875
12002,0.28,224,-0.841796875,0.15234375
12002,0.2864321608040201,228,-0.84765625,0.375
12002,0.2929292929292929,232,-0.861328125,0.140625
12002,0.29949238578680204,236,-0.833984375,0.087890625
12002,0.30612244897959184,240,-0.828125,0.115234375
12002,0.19069767441860466,164,-0.88671875,0.3125
12002,0.19626168224299065,168,-0.873046875,0.056640625
12002,0.20187793427230047,172,-0.88671875,0.193359375
12002,0.2075471698113208,176,-0.845703125,0.125
12002,0.2132701421800948,180,-0.880859375,0.171875
1260,0.21904761904761905,184,-0.8984375,0.3691871279761905
12002,0.2248803827751196,188,-0.845703125,0.05859375
12002,0.2307692307692308,192,-0.81640625,0.015625
12002,0.23671497584541065,196,-0.884765625,0.37890625
12002,0.2427184466019417,200,-0.908203125,0.587890625
12002,0.24878048780487805,204,-0.865234375,0.09765625
12002,0.2549019607843137,208,-0.828125,0.029296875
12002,0.2610837438423645,212,-0.880859375,0.40625
12002,0.2673267326732673,216,-0.8515625,0.1640625
12002,0.2736318407960199,220,-0.861328125,0.3984375
12002,0.28,224,-0.841796875,0.01953125
12002,0.2864321608040201,228,-0.857421875,0.21484375
12002,0.2929292929292929,232,-0.849609375,0.021484375
12002,0.29949238578680204,236,-0.833984375,0.083984375
12002,0.30612244897959184,240,-0.810546875,0.275390625
12002,0.19069767441860466,164,-0.884765625,0.099609375
12002,0.19626168224299065,168,-0.90625,0.25390625
12002,0.20187793427230047,172,-0.892578125,0.16015625
12002,0.2075471698113208,176,-0.888671875,0.22265625
12002,0.2132701421800948,180,-0.86328125,0.1015625
5040,0.21904761904761905,184,-0.85546875,0.2774960472470238
4620,0.2248803827751196,188,-0.873046875,0.1575901312229437
12002,0.2307692307692308,192,-0.884765625,0.560546875
12002,0.23671497584541065,196,-0.90234375,0.357421875
1320,0.2427184466019417,200,-0.904296875,0.10818536931818183
12002,0.24878048780487805,204,-0.837890625,0.0078125
12002,0.2549019607843137,208,-0.888671875,0.166015625
12002,0.2610837438423645,212,-0.8515625,0.083984375
12002,0.2673267326732673,216,-0.86328125,0.03125
12002,0.2736318407960199,220,-0.8359375,0.025390625
12002,0.28,224,-0.841796875,0.271484375
12002,0.2864321608040201,228,-0.841796875,0.01171875
12002,0.2929292929292929,232,-0.8671875,0.05859375
12002,0.29949238578680204,236,-0.837890625,0.3046875
12002,0.30612244897959184,240,-0.853515625,0.099609375
12002,0.19069767441860466,164,-0.8984375,0.357421875
12002,0.19626168224299065,168,-0.90625,0.087890625
12002,0.20187793427230047,172,-0.890625,0.111328125
12002,0.2075471698113208,176,-0.888671875,0.470703125
12002,0.2132701421800948,180,-0.830078125,0.025390625
12002,0.21904761904761905,184,-0.869140625,0.265625
12002,0.2248803827751196,188,-0.884765625,0.126953125
12002,0.2307692307692308,192,-0.859375,0.056640625
12002,0.23671497584541065,196,-0.8671875,0.001953125
12002,0.2427184466019417,200,-0.87890625,0.173828125
12002,0.24878048780487805,204,-0.87890625,0.353515625
12002,0.2549019607843137,208,-0.880859375,0.16796875
1632,0.2610837438423645,212,-0.89453125,0.5587541168811274
12002,0.2673267326732673,216,-0.8359375,0.0625
12002,0.2736318407960199,220,-0.87890625,0.134765625
780,0.28,224,-0.857421875,0.10819811698717947
12002,0.2864321608040201,228,-0.84765625,0.03515625
1260,0.2929292929292929,232,-0.8515625,0.0634765625
12002,0.29949238578680204,236,-0.85546875,0.001953125
9660,0.30612244897959184,240,-0.86328125,0.025646189182194617
12002,0.19069767441860466,164,-0.865234375,0.01171875
12002,0.19626168224299065,168,-0.912109375,0.33203125
12002,0.20187793427230047,172,-0.896484375,0.154296875
660,0.2075471698113208,176,-0.904296875,0.23959517045454545
204,0.2132701421800948,180,-0.876953125,0.3789636948529412
12002,0.21904761904761905,184,-0.90234375,0.294921875
12002,0.2248803827751196,188,-0.900390625,0.068359375
12002,0.2307692307692308,192,-0.841796875,0.091796875
12002,0.23671497584541065,196,-0.8828125,0.228515625
12002,0.2427184466019417,200,-0.900390625,0.58203125
12002,0.24878048780487805,204,-0.873046875,0.1328125
4620,0.2549019607843137,208,-0.890625,0.2231255073051948
12002,0.2610837438423645,212,-0.87109375,0.1796875
12002,0.2673267326732673,216,-0.837890625,0.11328125
12002,0.2736318407960199,220,-0.873046875,0.154296875
12002,0.28,224,-0.85546875,0.35546875
12002,0.2864321608040201,228,-0.84765625,0.224609375
420,0.2929292929292929,232,-0.890625,0.053548177083333336
12002,0.29949238578680204,236,-0.896484375,0.59375
1260,0.30612244897959184,240,-0.873046875,0.3402312748015873
60,0.19069767441860466,164,-0.931640625,0.7218424479166666
12002,0.19626168224299065,168,-0.919921875,0.49609375
12002,0.20187793427230047,172,-0.865234375,0.044921875
12002,0.2075471698113208,176,-0.892578125,0.3828125
12002,0.2132701421800948,180,-0.85546875,0.283203125
12002,0.21904761904761905,184,-0.865234375,0.337890625
132,0.2248803827751196,188,-0.8828125,0.0591116240530303
12002,0.2307692307692308,192,-0.88671875,0.205078125
12002,0.23671497584541065,196,-0.861328125,0.14453125
12002,0.2427184466019417,200,-0.84765625,0.03515625
2640,0.24878048780487805,204,-0.87109375,0.6356201171875
12002,0.2549019607843137,208,-0.869140625,0.37890625
12002,0.2610837438423645,212,-0.873046875,0.44921875
12002,0.2673267326732673,216,-0.861328125,0.189453125
12002,0.2736318407960199,220,-0.84375,0.017578125
1008,0.28,224,-0.861328125,0.16259765625
12002,0.2864321608040201,228,-0.818359375,0.072265625
9660,0.2929292929292929,232,-0.876953125,0.2441978438793996
12002,0.29949238578680204,236,-0.857421875,0.31640625
1260,0.30612244897959184,240,-0.833984375,0.34328497023809523
12002,0.19069767441860466,164,-0.87890625,0.203125
12002,0.19626168224299065,168,-0.869140625,0.279296875
12002,0.20187793427230047,172,-0.8984375,0.216796875
12002,0.2075471698113208,176,-0.876953125,0.025390625
12002,0.2132701421800948,180,-0.859375,0.0390625
11160,0.21904761904761905,184,-0.89453125,0.08131720430107528
12002,0.2248803827751196,188,-0.884765625,0.015625
12002,0.2307692307692308,192,-0.8515625,0.01953125
12002,0.23671497584541065,196,-0.857421875,0.072265625
12002,0.2427184466019417,200,-0.86328125,0.140625
12002,0.24878048780487805,204,-0.865234375,0.0078125
12002,0.2549019607843137,208,-0.8515625,0.078125
12002,0.2610837438423645,212,-0.861328125,0.111328125
12002,0.2673267326732673,216,-0.875,0.263671875
396,0.2736318407960199,220,-0.904296875,0.6619318181818182
12002,0.28,224,-0.857421875,0.07421875
12002,0.2864321608040201,228,-0.875,0.09765625
12002,0.2929292929292929,232,-0.841796875,0.123046875
12002,0.29949238578680204,236,-0.8203125,0.005859375
12002,0.30612244897959184,240,-0.83984375,0.107421875
12002,0.19069767441860466,164,-0.890625,0.126953125
12002,0.19626168224299065,168,-0.89453125,0.275390625
120,0.20187793427230047,172,-0.861328125,0.11443684895833335
12002,0.2075471698113208,176,-0.865234375,0.12109375
12002,0.2132701421800948,180,-0.9140625,0.39453125
12002,0.21904761904761905,184,-0.857421875,0.1328125
12002,0.2248803827751196,188,-0.90625,0.404296875
12002,0.2307692307692308,192,-0.900390625,0.388671875
12002,0.23671497584541065,196,-0.869140625,0.244140625
12002,0.2427184466019417,200,-0.845703125,0.095703125
12002,0.24878048780487805,204,-0.89453125,0.412109375
12002,0.2549019607843137,208,-0.880859375,0.232421875
12002,0.2610837438423645,212,-0.8671875,0.130859375
12002,0.2673267326732673,216,-0.873046875,0.380859375
12002,0.2736318407960199,220,-0.87890625,0.15234375
12002,0.28,224,-0.849609375,0.42578125
12002,0.2864321608040201,228,-0.8671875,0.1015625
12002,0.2929292929292929,232,-0.83984375,0.25
300,0.29949238578680204,236,-0.8515625,0.07621744791666668
12002,0.30612244897959184,240,-0.841796875,0.140625
12002,0.19069767441860466,164,-0.8828125,0.044921875
12002,0.19626168224299065,168,-0.892578125,0.33203125
12002,0.20187793427230047,172,-0.890625,0.4140625
12002,0.2075471698113208,176,-0.857421875,0.369140625
6720,0.2132701421800948,180,-0.86328125,0.4555201939174107
12002,0.21904761904761905,184,-0.83984375,0.05078125
12002,0.2248803827751196,188,-0.833984375,0.33203125
12002,0.2307692307692308,192,-0.88671875,0.298828125
12002,0.23671497584541065,196,-0.861328125,0.0546875
12002,0.2427184466019417,200,-0.84765625,0.166015625
12002,0.24878048780487805,204,-0.833984375,0.017578125
12002,0.2549019607843137,208,-0.87890625,0.154296875
12002,0.2610837438423645,212,-0.837890625,0.0546875
3960,0.2673267326732673,216,-0.8515625,0.07102765940656566
12002,0.2736318407960199,220,-0.841796875,0.33984375
12002,0.28,224,-0.865234375,0.333984375
12002,0.2864321608040201,228,-0.845703125,0.048828125
12002,0.2929292929292929,232,-0.83984375,0.05859375
12002,0.29949238578680204,236,-0.859375,0.234375
12002,0.30612244897959184,240,-0.841796875,0.017578125
12002,0.19069767441860466,164,-0.888671875,0.482421875
12002,0.19626168224299065,168,-0.859375,0.0390625
12002,0.20187793427230047,172,-0.87109375,0.466796875
12002,0.2075471698113208,176,-0.8984375,0.048828125
12002,0.2132701421800948,180,-0.845703125,0.1171875
12002,0.21904761904761905,184,-0.849609375,0.08203125
12002,0.2248803827751196,188,-0.88671875,0.37109375
12002,0.2307692307692308,192,-0.876953125,0.052734375
12002,0.23671497584541065,196,-0.857421875,0.275390625
12002,0.2427184466019417,200,-0.857421875,0.197265625
12002,0.24878048780487805,204,-0.86328125,0.265625
12002,0.2549019607843137,208,-0.859375,0.015625
12002,0.2610837438423645,212,-0.880859375,0.380859375
1020,0.2673267326732673,216,-0.853515625,0.17605124080882353
12002,0.2736318407960199,220,-0.888671875,0.421875
12002,0.28,224,-0.841796875,0.013671875
12002,0.2864321608040201,228,-0.8515625,0.2734375
12002,0.2929292929292929,232,-0.80078125,0.005859375
12002,0.29949238578680204,236,-0.833984375,0.1015625
12002,0.30612244897959184,240,-0.87109375,0.087890625
6594,0.19069767441860466,164,-0.884765625,0.29562682457537154
360,0.19626168224299065,168,-0.896484375,0.013910590277777777
10260,0.20187793427230047,172,-0.90234375,0.505773711622807
12002,0.2075471698113208,176,-0.892578125,0.271484375
12002,0.2132701421800948,180,-0.88671875,0.2109375
12002,0.21904761904761905,184,-0.88671875,0.3828125
12002,0.2248803827751196,188,-0.8515625,0.03515625
1638,0.2307692307692308,192,-0.90234375,0.05918398008241759
12002,0.23671497584541065,196,-0.875,0.1015625
7920,0.2427184466019417,200,-0.873046875,0.38156171085858587
3822,0.24878048780487805,204,-0.880859375,0.4305807659602303
9240,0.2549019607843137,208,-0.892578125,0.4883503703327922
12002,0.2610837438423645,212,-0.8828125,0.05859375
7140,0.2673267326732673,216,-0.82421875,0.07509902398459384
12002,0.2736318407960199,220,-0.861328125,0.216796875
96,0.28,224,-0.84765625,0.055989583333333336
12002,0.2864321608040201,228,-0.87109375,0.50390625
12002,0.2929292929292929,232,-0.892578125,0.14453125
12002,0.29949238578680204,236,-0.80078125,0.09765625
12002,0.30612244897959184,240,-0.86328125,0.041015625
12002,0.19069767441860466,164,-0.87890625,0.365234375
12002,0.19626168224299065,168,-0.890625,0.150390625
504,0.20187793427230047,172,-0.89453125,0.5442708333333334
12002,0.2075471698113208,176,-0.87890625,0.203125
12002,0.2132701421800948,180,-0.8828125,0.3828125
12002,0.21904761904761905,184,-0.861328125,0.07421875
12002,0.2248803827751196,188,-0.9140625,0.150390625
12002,0.2307692307692308,192,-0.833984375,0.013671875
12002,0.23671497584541065,196,-0.814453125,0.208984375
12002,0.2427184466019417,200,-0.86328125,0.28125
12002,0.24878048780487805,204,-0.828125,0.2265625
12002,0.2549019607843137,208,-0.88671875,0.234375
12002,0.2610837438423645,212,-0.884765625,0.2890625
12002,0.2673267326732673,216,-0.849609375,0.12890625
840,0.2736318407960199,220,-0.837890625,0.238916015625
12002,0.28,224,-0.853515625,0.30859375
12002,0.2864321608040201,228,-0.8515625,0.177734375
60,0.2929292929292929,232,-0.873046875,0.23388671875
12002,0.29949238578680204,236,-0.828125,0.07421875
9900,0.30612244897959184,240,-0.84765625,0.014914378156565657
9240,0.19069767441860466,164,-0.884765625,0.4517933238636364
7980,0.19626168224299065,168,-0.869140625,0.27788881383145364
4095,0.20187793427230047,172,-0.875,0.03681318681318682
12002,0.2075471698113208,176,-0.935546875,0.662109375
12002,0.2132701421800948,180,-0.896484375,0.3828125
120,0.21904761904761905,184,-0.91015625,0.7568359375
12002,0.2248803827751196,188,-0.861328125,0.4921875
12002,0.2307692307692308,192,-0.8671875,0.04296875
12002,0.23671497584541065,196,-0.861328125,0.060546875
12002,0.2427184466019417,200,-0.861328125,0.439453125
780,0.24878048780487805,204,-0.912109375,0.6567007211538461
12002,0.2549019607843137,208,-0.8515625,0.17578125
12002,0.2610837438423645,212,-0.876953125,0.072265625
1260,0.2673267326732673,216,-0.83984375,0.4286861359126984
12002,0.2736318407960199,220,-0.8671875,0.232421875
936,0.28,224,-0.92578125,0.7467948717948718
60,0.2864321608040201,228,-0.908203125,0.4779296875
12002,0.2929292929292929,232,-0.896484375,0.607421875
60,0.29949238578680204,236,-0.875,0.4848958333333334
840,0.30612244897959184,240,-0.84375,0.3448218936011905
12002,0.19069767441860466,164,-0.8984375,0.55859375
12002,0.19626168224299065,168,-0.90234375,0.25
12002,0.20187793427230047,172,-0.87890625,0.513671875
12002,0.2075471698113208,176,-0.884765625,0.251953125
1320,0.2132701421800948,180,-0.89453125,0.4607244318181818
12002,0.21904761904761905,184,-0.8671875,0.2421875
420,0.2248803827751196,188,-0.90625,0.43017578125
12002,0.2307692307692308,192,-0.916015625,0.583984375
12002,0.23671497584541065,196,-0.880859375,0.544921875
1560,0.2427184466019417,200,-0.869140625,0.5473795572916667
3960,0.24878048780487805,204,-0.921875,0.5649917140151515
12002,0.2549019607843137,208,-0.869140625,0.416015625
12002,0.2610837438423645,212,-0.83984375,0.123046875
12002,0.2673267326732673,216,-0.8515625,0.251953125
12002,0.2736318407960199,220,-0.908203125,0.5390625
12002,0.28,224,-0.892578125,0.052734375
12002,0.2864321608040201,228,-0.8515625,0.09765625
12002,0.2929292929292929,232,-0.82421875,0.046875
12002,0.29949238578680204,236,-0.830078125,0.240234375
12002,0.30612244897959184,240,-0.87109375,0.189453125
12002,0.19069767441860466,164,-0.88671875,0.05859375
12002,0.19626168224299065,168,-0.900390625,0.525390625
12002,0.20187793427230047,172,-0.892578125,0.228515625
12002,0.2075471698113208,176,-0.869140625,0.029296875
12002,0.2132701421800948,180,-0.869140625,0.087890625
12002,0.21904761904761905,184,-0.84375,0.138671875
12002,0.2248803827751196,188,-0.849609375,0.04296875
12002,0.2307692307692308,192,-0.900390625,0.474609375
12002,0.23671497584541065,196,-0.83984375,0.142578125
12002,0.2427184466019417,200,-0.87109375,0.2578125
12002,0.24878048780487805,204,-0.857421875,0.021484375
12002,0.2549019607843137,208,-0.85546875,0.154296875
12002,0.2610837438423645,212,-0.87109375,0.359375
12002,0.2673267326732673,216,-0.83984375,0.04296875
12002,0.2736318407960199,220,-0.857421875,0.0390625
12002,0.28,224,-0.875,0.052734375
12002,0.2864321608040201,228,-0.853515625,0.388671875
12002,0.2929292929292929,232,-0.83984375,0.111328125
12002,0.29949238578680204,236,-0.83203125,0.091796875
12002,0.30612244897959184,240,-0.841796875,0.068359375
12002,0.19069767441860466,164,-0.87890625,0.201171875
12002,0.19626168224299065,168,-0.89453125,0.130859375
12002,0.20187793427230047,172,-0.8828125,0.337890625
4440,0.2075471698113208,176,-0.884765625,0.5163200309684685
12002,0.2132701421800948,180,-0.8671875,0.505859375
12002,0.21904761904761905,184,-0.8515625,0.259765625
12002,0.2248803827751196,188,-0.904296875,0.5625
12002,0.2307692307692308,192,-0.861328125,0.099609375
3672,0.23671497584541065,196,-0.87890625,0.20132027420343135
12002,0.2427184466019417,200,-0.859375,0.28125
12002,0.24878048780487805,204,-0.837890625,0.2109375
12002,0.2549019607843137,208,-0.87890625,0.025390625
12002,0.2610837438423645,212,-0.857421875,0.177734375
12002,0.2673267326732673,216,-0.8515625,0.337890625
12002,0.2736318407960199,220,-0.837890625,0.07421875
12002,0.28,224,-0.8671875,0.26953125
420,0.2864321608040201,228,-0.892578125,0.3711635044642857
12002,0.2929292929292929,232,-0.859375,0.265625
280,0.29949238578680204,236,-0.830078125,0.2071428571428572
5460,0.30612244897959184,240,-0.880859375,0.2711491958562271
12002,0.19069767441860466,164,-0.87890625,0.369140625
12002,0.19626168224299065,168,-0.853515625,0.255859375
12002,0.20187793427230047,172,-0.857421875,0.087890625
12002,0.2075471698113208,176,-0.8359375,0.0703125
12002,0.2132701421800948,180,-0.892578125,0.38671875
1230,0.21904761904761905,184,-0.9296875,0.7690977515243902
2520,0.2248803827751196,188,-0.861328125,0.16044224330357146
12002,0.2307692307692308,192,-0.84765625,0.27734375
540,0.23671497584541065,196,-0.890625,0.1232638888888889
12002,0.2427184466019417,200,-0.83984375,0.013671875
12002,0.24878048780487805,204,-0.8515625,0.357421875
12002,0.2549019607843137,208,-0.85546875,0.037109375
12002,0.2610837438423645,212,-0.845703125,0.06640625
12002,0.2673267326732673,216,-0.8359375,0.052734375
12002,0.2736318407960199,220,-0.833984375,0.306640625
1260,0.28,224,-0.875,0.2945824032738095
12002,0.2864321608040201,228,-0.85546875,0.34375
12002,0.2929292929292929,232,-0.83984375,0.248046875
12002,0.29949238578680204,236,-0.857421875,0.32421875
1260,0.30612244897959184,240,-0.8515625,0.16902281746031747
12002,0.19069767441860466,164,-0.912109375,0.443359375
12002,0.19626168224299065,168,-0.923828125,0.478515625
12002,0.20187793427230047,172,-0.880859375,0.2265625
12002,0.2075471698113208,176,-0.859375,0.087890625
12002,0.2132701421800948,180,-0.8515625,0.275390625
4540,0.21904761904761905,184,-0.87109375,0.3010342098017621
2340,0.2248803827751196,188,-0.89453125,0.4462289663461538
4620,0.2307692307692308,192,-0.8984375,0.4474896847943723
12002,0.23671497584541065,196,-0.896484375,0.39453125
12002,0.2427184466019417,200,-0.8515625,0.181640625
12002,0.24878048780487805,204,-0.900390625,0.55859375
12002,0.2549019607843137,208,-0.873046875,0.17578125
12002,0.2610837438423645,212,-0.88671875,0.32421875
12002,0.2673267326732673,216,-0.875,0.4453125
180,0.2736318407960199,220,-0.90625,0.5763997395833333
12002,0.28,224,-0.8828125,0.3125
12002,0.2864321608040201,228,-0.861328125,0.302734375
12002,0.2929292929292929,232,-0.8359375,0.201171875
12002,0.29949238578680204,236,-0.87890625,0.35546875
12002,0.30612244897959184,240,-0.861328125,0.185546875
3480,0.19069767441860466,164,-0.908203125,0.6856815732758621
12002,0.19626168224299065,168,-0.875,0.048828125
12002,0.20187793427230047,172,-0.89453125,0.275390625
12002,0.2075471698113208,176,-0.884765625,0.236328125
12002,0.2132701421800948,180,-0.8515625,0.025390625
12002,0.21904761904761905,184,-0.861328125,0.203125
12002,0.2248803827751196,188,-0.875,0.013671875
12002,0.2307692307692308,192,-0.869140625,0.154296875
12002,0.23671497584541065,196,-0.875,0.31640625
12002,0.2427184466019417,200,-0.85546875,0.06640625
12002,0.24878048780487805,204,-0.859375,0.037109375
12002,0.2549019607843137,208,-0.8515625,0.1484375
12002,0.2610837438423645,212,-0.84375,0.166015625
12002,0.2673267326732673,216,-0.837890625,0.140625
12002,0.2736318407960199,220,-0.8671875,0.0390625
12002,0.28,224,-0.853515625,0.087890625
12002,0.2864321608040201,228,-0.845703125,0.419921875
12002,0.2929292929292929,232,-0.845703125,0.123046875
12002,0.29949238578680204,236,-0.84765625,0.236328125
12002,0.30612244897959184,240,-0.85546875,0.353515625
300,0.19069767441860466,164,-0.90625,0.52203125
12002,0.19626168224299065,168,-0.87890625,0.052734375
12002,0.20187793427230047,172,-0.89453125,0.001953125
12002,0.2075471698113208,176,-0.884765625,0.025390625
12002,0.2132701421800948,180,-0.87109375,0.087890625
4752,0.21904761904761905,184,-0.876953125,0.17344547361637205
12002,0.2248803827751196,188,-0.880859375,0.06640625
12002,0.2307692307692308,192,-0.8359375,0.1171875
12002,0.23671497584541065,196,-0.896484375,0.54296875
12002,0.2427184466019417,200,-0.900390625,0.294921875
12002,0.24878048780487805,204,-0.85546875,0.072265625
12002,0.2549019607843137,208,-0.85546875,0.029296875
12002,0.2610837438423645,212,-0.9140625,0.416015625
12002,0.2673267326732673,216,-0.884765625,0.072265625
12002,0.2736318407960199,220,-0.876953125,0.005859375
12002,0.28,224,-0.873046875,0.30078125
12002,0.2864321608040201,228,-0.861328125,0.302734375
12002,0.2929292929292929,232,-0.83203125,0.138671875
12002,0.29949238578680204,236,-0.84765625,0.005859375
12002,0.30612244897959184,240,-0.83984375,0.08203125
12002,0.19069767441860466,164,-0.875,0.16015625
12002,0.19626168224299065,168,-0.88671875,0.07421875
12002,0.20187793427230047,172,-0.853515625,0.1796875
12002,0.2075471698113208,176,-0.865234375,0.162109375
12002,0.2132701421800948,180,-0.8828125,0.1484375
12002,0.21904761904761905,184,-0.892578125,0.24609375
6600,0.2248803827751196,188,-0.857421875,0.19339044744318185
12002,0.2307692307692308,192,-0.875,0.146484375
12002,0.23671497584541065,196,-0.8359375,0.005859375
12002,0.2427184466019417,200,-0.841796875,0.10546875
12002,0.24878048780487805,204,-0.85546875,0.078125
12002,0.2549019607843137,208,-0.83984375,0.1171875
12002,0.2610837438423645,212,-0.876953125,0.283203125
12002,0.2673267326732673,216,-0.859375,0.091796875
12002,0.2736318407960199,220,-0.87109375,0.30078125
12002,0.28,224,-0.857421875,0.025390625
7980,0.2864321608040201,228,-0.87890625,0.08607284813596491
12002,0.2929292929292929,232,-0.8671875,0.3046875
420,0.29949238578680204,236,-0.876953125,0.3610863095238096
12002,0.30612244897959184,240,-0.830078125,0.078125
12002,0.19069767441860466,164,-0.84765625,0.09765625
12002,0.19626168224299065,168,-0.86328125,0.294921875
12002,0.20187793427230047,172,-0.90625,0.443359375
12002,0.2075471698113208,176,-0.884765625,0.06640625
12002,0.2132701421800948,180,-0.822265625,0.060546875
12002,0.21904761904761905,184,-0.90625,0.279296875
12002,0.2248803827751196,188,-0.873046875,0.1015625
12002,0.2307692307692308,192,-0.91015625,0.619140625
12002,0.23671497584541065,196,-0.8671875,0.041015625
12002,0.2427184466019417,200,-0.880859375,0.32421875
12002,0.24878048780487805,204,-0.859375,0.05078125
1320,0.2549019607843137,208,-0.875,0.5024340080492424
12002,0.2610837438423645,212,-0.890625,0.41796875
12002,0.2673267326732673,216,-0.87109375,0.125
12002,0.2736318407960199,220,-0.86328125,0.404296875
12002,0.28,224,-0.837890625,0.25390625
420,0.2864321608040201,228,-0.90234375,0.7347005208333334
12002,0.2929292929292929,232,-0.859375,0.162109375
420,0.29949238578680204,236,-0.875,0.5380859375
12002,0.30612244897959184,240,-0.81640625,0.146484375
12002,0.19069767441860466,164,-0.888671875,0.390625
12002,0.19626168224299065,168,-0.880859375,0.302734375
12002,0.20187793427230047,172,-0.888671875,0.107421875
12002,0.2075471698113208,176,-0.890625,0.359375
12002,0.2132701421800948,180,-0.8828125,0.33984375
12002,0.21904761904761905,184,-0.83984375,0.1640625
12002,0.2248803827751196,188,-0.849609375,0.16796875
12002,0.2307692307692308,192,-0.904296875,0.2109375
12002,0.23671497584541065,196,-0.84375,0.03515625
12002,0.2427184466019417,200,-0.83203125,0.037109375
12002,0.24878048780487805,204,-0.884765625,0.32421875
6090,0.2549019607843137,208,-0.884765625,0.11679463002873565
240,0.2610837438423645,212,-0.88671875,0.2071533203125
12002,0.2673267326732673,216,-0.8515625,0.337890625
12002,0.2736318407960199,220,-0.87109375,0.01953125
12002,0.28,224,-0.859375,0.181640625
12002,0.2864321608040201,228,-0.828125,0.009765625
360,0.2929292929292929,232,-0.86328125,0.1492241753472222
660,0.29949238578680204,236,-0.8828125,0.23468572443181815
12002,0.30612244897959184,240,-0.857421875,0.099609375
12002,0.19069767441860466,164,-0.87890625,0.134765625
12002,0.19626168224299065,168,-0.859375,0.298828125
12002,0.20187793427230047,172,-0.8671875,0.08984375
12002,0.2075471698113208,176,-0.869140625,0.078125
12002,0.2132701421800948,180,-0.8984375,0.154296875
5148,0.21904761904761905,184,-0.90234375,0.5521493480477856
420,0.2248803827751196,188,-0.900390625,0.3330543154761905
12002,0.2307692307692308,192,-0.876953125,0.28515625
12002,0.23671497584541065,196,-0.890625,0.001953125
12002,0.2427184466019417,200,-0.86328125,0.2578125
12002,0.24878048780487805,204,-0.837890625,0.009765625
12002,0.2549019607843137,208,-0.876953125,0.2109375
12002,0.2610837438423645,212,-0.869140625,0.298828125
280,0.2673267326732673,216,-0.884765625,0.34126674107142857
12002,0.2736318407960199,220,-0.845703125,0.25
12002,0.28,224,-0.859375,0.251953125
12002,0.2864321608040201,228,-0.830078125,0.056640625
2772,0.2929292929292929,232,-0.845703125,0.0981635551948052
240,0.29949238578680204,236,-0.857421875,0.12158203125
12002,0.30612244897959184,240,-0.88671875,0.65234375
12002,0.19069767441860466,164,-0.87109375,0.05859375
12002,0.19626168224299065,168,-0.849609375,0.376953125
12002,0.20187793427230047,172,-0.884765625,0.15234375
12002,0.2075471698113208,176,-0.8671875,0.158203125
12002,0.2132701421800948,180,-0.869140625,0.529296875
12002,0.21904761904761905,184,-0.890625,0.26953125
1680,0.2248803827751196,188,-0.884765625,0.014105515252976191
12002,0.2307692307692308,192,-0.880859375,0.056640625
12002,0.23671497584541065,196,-0.853515625,0.07421875
12002,0.2427184466019417,200,-0.833984375,0.1875
12002,0.24878048780487805,204,-0.845703125,0.212890625
2100,0.2549019607843137,208,-0.876953125,0.013742559523809523
12002,0.2610837438423645,212,-0.8828125,0.423828125
12002,0.2673267326732673,216,-0.845703125,0.208984375
2380,0.2736318407960199,220,-0.89453125,0.30665129332983193
12002,0.28,224,-0.826171875,0.259765625
12002,0.2864321608040201,228,-0.884765625,0.3203125
12002,0.2929292929292929,232,-0.83984375,0.171875
12002,0.29949238578680204,236,-0.853515625,0.271484375
12002,0.30612244897959184,240,-0.8203125,0.0546875
12002,0.19069767441860466,164,-0.93359375,0.5859375
12002,0.19626168224299065,168,-0.876953125,0.1640625
10500,0.20187793427230047,172,-0.923828125,0.6574001116071428
3,0.2075471698113208,176,-0.98046875,0.96875
12002,0.2132701421800948,180,-0.884765625,0.353515625
12002,0.21904761904761905,184,-0.876953125,0.3359375
12002,0.2248803827751196,188,-0.888671875,0.08203125
12002,0.2307692307692308,192,-0.8828125,0.265625
12002,0.23671497584541065,196,-0.875,0.048828125
12002,0.2427184466019417,200,-0.87109375,0.1171875
12002,0.24878048780487805,204,-0.865234375,0.03125
12002,0.2549019607843137,208,-0.83984375,0.0234375
12002,0.2610837438423645,212,-0.873046875,0.330078125
180,0.2673267326732673,216,-0.8828125,0.4602105034722222
12002,0.2736318407960199,220,-0.90625,0.1953125
1980,0.28,224,-0.87890625,0.3423847853535353
12002,0.2864321608040201,228,-0.8828125,0.1015625
12002,0.2929292929292929,232,-0.87109375,0.0390625
12002,0.29949238578680204,236,-0.81640625,0.0546875
12002,0.30612244897959184,240,-0.869140625,0.087890625
12002,0.19069767441860466,164,-0.861328125,0.041015625
84,0.19626168224299065,168,-0.923828125,0.396484375
12002,0.20187793427230047,172,-0.921875,0.54296875
12002,0.2075471698113208,176,-0.8984375,0.375
12002,0.2132701421800948,180,-0.84765625,0.04296875
7860,0.21904761904761905,184,-0.892578125,0.24230304747137404
3060,0.2248803827751196,188,-0.869140625,0.2486098345588235
12002,0.2307692307692308,192,-0.873046875,0.201171875
12002,0.23671497584541065,196,-0.880859375,0.1171875
7140,0.2427184466019417,200,-0.908203125,0.5999157475490197
12002,0.24878048780487805,204,-0.87890625,0.193359375
1980,0.2549019607843137,208,-0.89453125,0.22493489583333331
12002,0.2610837438423645,212,-0.869140625,0.234375
12002,0.2673267326732673,216,-0.857421875,0.01953125
12002,0.2736318407960199,220,-0.875,0.146484375
132,0.28,224,-0.873046875,0.024857954545454544
12002,0.2864321608040201,228,-0.841796875,0.03125
12002,0.2929292929292929,232,-0.841796875,0.02734375
12002,0.29949238578680204,236,-0.859375,0.267578125
420,0.30612244897959184,240,-0.875,0.18443080357142855
3720,0.19069767441860466,164,-0.830078125,0.16907919606854838
12002,0.19626168224299065,168,-0.88671875,0.3984375
12002,0.20187793427230047,172,-0.876953125,0.484375
12002,0.2075471698113208,176,-0.9140625,0.556640625
2244,0.2132701421800948,180,-0.892578125,0.3707090435606061
630,0.21904761904761905,184,-0.86328125,0.3599144345238095
12002,0.2248803827751196,188,-0.861328125,0.11328125
12002,0.2307692307692308,192,-0.845703125,0.201171875
12,0.23671497584541065,196,-0.94921875,0.90625
12002,0.2427184466019417,200,-0.890625,0.001953125
12002,0.24878048780487805,204,-0.828125,0.201171875
12002,0.2549019607843137,208,-0.85546875,0.267578125
12002,0.2610837438423645,212,-0.861328125,0.443359375
12002,0.2673267326732673,216,-0.84765625,0.00390625
12002,0.2736318407960199,220,-0.853515625,0.056640625
120,0.28,224,-0.869140625,0.38302408854166653
12002,0.2864321608040201,228,-0.828125,0.080078125
12002,0.2929292929292929,232,-0.845703125,0.28515625
660,0.29949238578680204,236,-0.875,0.3217862215909091
1260,0.30612244897959184,240,-0.837890625,0.4177517361111111
12002,0.19069767441860466,164,-0.849609375,0.0859375
12002,0.19626168224299065,168,-0.8671875,0.25
12002,0.20187793427230047,172,-0.8828125,0.564453125
12002,0.2075471698113208,176,-0.888671875,0.068359375
12002,0.2132701421800948,180,-0.837890625,0.234375
12002,0.21904761904761905,184,-0.86328125,0.19921875
12002,0.2248803827751196,188,-0.873046875,0.01953125
12002,0.2307692307692308,192,-0.84765625,0.126953125
12002,0.23671497584541065,196,-0.85546875,0.09765625
12002,0.2427184466019417,200,-0.8515625,0.177734375
12002,0.24878048780487805,204,-0.865234375,0.216796875
12002,0.2549019607843137,208,-0.857421875,0.0234375
12002,0.2610837438423645,212,-0.876953125,0.08984375
12002,0.2673267326732673,216,-0.830078125,0.181640625
12002,0.2736318407960199,220,-0.849609375,0.1640625
12002,0.28,224,-0.828125,0.279296875
12002,0.2864321608040201,228,-0.841796875,0.044921875
7458,0.2929292929292929,232,-0.875,0.16365919985250738
1260,0.29949238578680204,236,-0.84375,0.13492838541666666
12002,0.30612244897959184,240,-0.849609375,0.103515625
12002,0.19069767441860466,164,-0.86328125,0.080078125
12002,0.19626168224299065,168,-0.888671875,0.462890625
312,0.20187793427230047,172,-0.916015625,0.7628455528846154
5740,0.2075471698113208,176,-0.939453125,0.6747570503048781
12002,0.2132701421800948,180,-0.8515625,0.076171875
1260,0.21904761904761905,184,-0.89453125,0.619140625
12002,0.2248803827751196,188,-0.87109375,0.107421875
3360,0.2307692307692308,192,-0.884765625,0.3332420712425595
12002,0.23671497584541065,196,-0.84375,0.001953125
12002,0.2427184466019417,200,-0.85546875,0.09375
4050,0.24878048780487805,204,-0.869140625,0.3511197916666667
12002,0.2549019607843137,208,-0.8671875,0.384765625
12002,0.2610837438423645,212,-0.861328125,0.158203125
9240,0.2673267326732673,216,-0.837890625,0.2919547737418831
12002,0.2736318407960199,220,-0.853515625,0.16015625
12002,0.28,224,-0.837890625,0.00390625
12002,0.2864321608040201,228,-0.84375,0.1015625
12002,0.2929292929292929,232,-0.826171875,0.07421875
12002,0.29949238578680204,236,-0.8046875,0.001953125
7980,0.30612244897959184,240,-0.86328125,0.4018860628132832
12002,0.19069767441860466,164,-0.90234375,0.10546875
12002,0.19626168224299065,168,-0.89453125,0.265625
12002,0.20187793427230047,172,-0.900390625,0.234375
12002,0.2075471698113208,176,-0.8984375,0.111328125
12002,0.2132701421800948,180,-0.876953125,0.1640625
12002,0.21904761904761905,184,-0.8828125,0.37109375
12002,0.2248803827751196,188,-0.875,0.150390625
12002,0.2307692307692308,192,-0.888671875,0.025390625
12002,0.23671497584541065,196,-0.8671875,0.044921875
12002,0.2427184466019417,200,-0.873046875,0.130859375
12002,0.24878048780487805,204,-0.88671875,0.158203125
312,0.2549019607843137,208,-0.91796875,0.23929537259615385
12002,0.2610837438423645,212,-0.8828125,0.353515625
4200,0.2673267326732673,216,-0.875,0.1238857886904762
12002,0.2736318407960199,220,-0.849609375,0.076171875
12002,0.28,224,-0.8828125,0.263671875
12002,0.2864321608040201,228,-0.888671875,0.439453125
12002,0.2929292929292929,232,-0.87109375,0.298828125
12002,0.29949238578680204,236,-0.861328125,0.103515625
12002,0.30612244897959184,240,-0.8359375,0.28515625
1092,0.19069767441860466,164,-0.8984375,0.531409183264652
12002,0.19626168224299065,168,-0.8984375,0.451171875
12002,0.20187793427230047,172,-0.90234375,0.111328125
12002,0.2075471698113208,176,-0.8984375,0.060546875
12002,0.2132701421800948,180,-0.869140625,0.05859375
12002,0.21904761904761905,184,-0.890625,0.4921875
12002,0.2248803827751196,188,-0.865234375,0.138671875
12002,0.2307692307692308,192,-0.869140625,0.310546875
12002,0.23671497584541065,196,-0.859375,0.490234375
12002,0.2427184466019417,200,-0.869140625,0.240234375
12002,0.24878048780487805,204,-0.8515625,0.34375
12002,0.2549019607843137,208,-0.90234375,0.48046875
12002,0.2610837438423645,212,-0.908203125,0.361328125
9660,0.2673267326732673,216,-0.873046875,0.0362106544384058
12002,0.2736318407960199,220,-0.875,0.30859375
8190,0.28,224,-0.88671875,0.4986628605769231
12002,0.2864321608040201,228,-0.8828125,0.015625
12002,0.2929292929292929,232,-0.880859375,0.041015625
36,0.29949238578680204,236,-0.869140625,0.48974609375
12002,0.30612244897959184,240,-0.880859375,0.07421875
5040,0.19069767441860466,164,-0.921875,0.5396654885912698
12002,0.19626168224299065,168,-0.853515625,0.1953125
12002,0.20187793427230047,172,-0.888671875,0.109375
12002,0.2075471698113208,176,-0.861328125,0.326171875
12002,0.2132701421800948,180,-0.861328125,0.130859375
12002,0.21904761904761905,184,-0.84765625,0.35546875
2520,0.2248803827751196,188,-0.88671875,0.3364397321428572
11760,0.2307692307692308,192,-0.90234375,0.3486995774872449
12002,0.23671497584541065,196,-0.833984375,0.095703125
2304,0.2427184466019417,200,-0.9453125,0.7650494045681424
8400,0.24878048780487805,204,-0.88671875,0.04407831101190477
12002,0.2549019607843137,208,-0.82421875,0.009765625
3660,0.2610837438423645,212,-0.888671875,0.20651575307377049
168,0.2673267326732673,216,-0.876953125,0.4809337797619048
1740,0.2736318407960199,220,-0.85546875,0.010838721264367815
12002,0.28,224,-0.84765625,0.373046875
12002,0.2864321608040201,228,-0.826171875,0.3125
12002,0.2929292929292929,232,-0.873046875,0.01171875
12002,0.29949238578680204,236,-0.859375,0.5390625
12002,0.30612244897959184,240,-0.84375,0.23828125
12002,0.19069767441860466,164,-0.875,0.337890625
12002,0.19626168224299065,168,-0.904296875,0.080078125
6240,0.20187793427230047,172,-0.904296875,0.29180720402644234
12002,0.2075471698113208,176,-0.857421875,0.0546875
12002,0.2132701421800948,180,-0.865234375,0.36328125
12002,0.21904761904761905,184,-0.841796875,0.080078125
12002,0.2248803827751196,188,-0.892578125,0.515625
12002,0.2307692307692308,192,-0.853515625,0.443359375
12002,0.23671497584541065,196,-0.908203125,0.16796875
12002,0.2427184466019417,200,-0.845703125,0.232421875
12002,0.24878048780487805,204,-0.84765625,0.087890625
12002,0.2549019607843137,208,-0.876953125,0.181640625
12002,0.2610837438423645,212,-0.845703125,0.0546875
12002,0.2673267326732673,216,-0.845703125,0.3125
12002,0.2736318407960199,220,-0.826171875,0.2890625
12002,0.28,224,-0.84765625,0.08203125
12002,0.2864321608040201,228,-0.85546875,0.201171875
12002,0.2929292929292929,232,-0.822265625,0.1796875
12002,0.29949238578680204,236,-0.876953125,0.078125
12002,0.30612244897959184,240,-0.83984375,0.248046875
12002,0.19069767441860466,164,-0.900390625,0.302734375
4620,0.19626168224299065,168,-0.884765625,0.318846810741342
3240,0.20187793427230047,172,-0.90234375,0.4719883294753087
12002,0.2075471698113208,176,-0.873046875,0.115234375
12002,0.2132701421800948,180,-0.87109375,0.03125
12002,0.21904761904761905,184,-0.888671875,0.453125
12002,0.2248803827751196,188,-0.876953125,0.287109375
12002,0.2307692307692308,192,-0.875,0.19921875
12002,0.23671497584541065,196,-0.888671875,0.2734375
12002,0.2427184466019417,200,-0.873046875,0.021484375
12002,0.24878048780487805,204,-0.86328125,0.13671875
11760,0.2549019607843137,208,-0.8671875,0.16163703762755102
12002,0.2610837438423645,212,-0.85546875,0.123046875
3828,0.2673267326732673,216,-0.912109375,0.180612019984326
12002,0.2736318407960199,220,-0.8671875,0.240234375
1170,0.28,224,-0.88671875,0.41576021634615373
12002,0.2864321608040201,228,-0.875,0.205078125
12002,0.2929292929292929,232,-0.875,0.4921875
12002,0.29949238578680204,236,-0.85546875,0.19921875
12002,0.30612244897959184,240,-0.8671875,0.31640625
12002,0.19069767441860466,164,-0.9296875,0.703125
12002,0.19626168224299065,168,-0.9140625,0.638671875
12002,0.20187793427230047,172,-0.890625,0.51953125
9204,0.2075471698113208,176,-0.896484375,0.2425403951406997
2130,0.2132701421800948,180,-0.9296875,0.6793711487676056
720,0.21904761904761905,184,-0.912109375,0.2362060546875
12002,0.2248803827751196,188,-0.8671875,0.212890625
12002,0.2307692307692308,192,-0.892578125,0.5859375
12002,0.23671497584541065,196,-0.84375,0.248046875
2472,0.2427184466019417,200,-0.875,0.4908372206209547
12002,0.24878048780487805,204,-0.904296875,0.671875
3480,0.2549019607843137,208,-0.873046875,0.016631869612068962
3276,0.2610837438423645,212,-0.857421875,0.2929079384157509
12002,0.2673267326732673,216,-0.8203125,0.427734375
6300,0.2736318407960199,220,-0.8984375,0.6495138888888888
12002,0.28,224,-0.845703125,0.34375
12002,0.2864321608040201,228,-0.8828125,0.220703125
12002,0.2929292929292929,232,-0.91015625,0.6796875
2520,0.29949238578680204,236,-0.830078125,0.031998697916666666
1140,0.30612244897959184,240,-0.859375,0.5039833470394737
504,0.19069767441860466,164,-0.888671875,0.3662109375
12002,0.19626168224299065,168,-0.865234375,0.28515625
12002,0.20187793427230047,172,-0.837890625,0.017578125
12002,0.2075471698113208,176,-0.90625,0.6796875
12002,0.2132701421800948,180,-0.865234375,0.421875
12002,0.21904761904761905,184,-0.865234375,0.05078125
6384,0.2248803827751196,188,-0.91015625,0.2981186486724624
12002,0.2307692307692308,192,-0.8828125,0.056640625
12002,0.23671497584541065,196,-0.859375,0.021484375
12002,0.2427184466019417,200,-0.83203125,0.228515625
2100,0.24878048780487805,204,-0.8515625,0.091484375
12002,0.2549019607843137,208,-0.83984375,0.041015625
12002,0.2610837438423645,212,-0.8203125,0.140625
12002,0.2673267326732673,216,-0.830078125,0.33203125
12002,0.2736318407960199,220,-0.83203125,0.0234375
12002,0.28,224,-0.857421875,0.240234375
12002,0.2864321608040201,228,-0.81640625,0.271484375
12002,0.2929292929292929,232,-0.818359375,0.12109375
4620,0.29949238578680204,236,-0.85546875,0.059161931818181815
12002,0.30612244897959184,240,-0.84375,0.0234375
12002,0.19069767441860466,164,-0.875,0.23046875
12002,0.19626168224299065,168,-0.91015625,0.32421875
12002,0.20187793427230047,172,-0.88671875,0.205078125
7560,0.2075471698113208,176,-0.87890625,0.2510850694444444
12002,0.2132701421800948,180,-0.876953125,0.205078125
840,0.21904761904761905,184,-0.908203125,0.466796875
420,0.2248803827751196,188,-0.91015625,0.5359933035714286
12002,0.2307692307692308,192,-0.87890625,0.248046875
12002,0.23671497584541065,196,-0.857421875,0.11328125
1008,0.2427184466019417,200,-0.904296875,0.3789992559523809
12002,0.24878048780487805,204,-0.857421875,0.060546875
24,0.2549019607843137,208,-0.88671875,0.5703125
2184,0.2610837438423645,212,-0.859375,0.3523414248511905
1224,0.2673267326732673,216,-0.84765625,0.12103630514705882
12002,0.2736318407960199,220,-0.86328125,0.296875
240,0.28,224,-0.869140625,0.020182291666666668
12002,0.2864321608040201,228,-0.8671875,0.091796875
1380,0.2929292929292929,232,-0.859375,0.16435688405797105
660,0.29949238578680204,236,-0.859375,0.19576526988636364
12002,0.30612244897959184,240,-0.8671875,0.3203125
12002,0.19069767441860466,164,-0.869140625,0.005859375
12002,0.19626168224299065,168,-0.83984375,0.08984375
12002,0.20187793427230047,172,-0.88671875,0.052734375
12002,0.2075471698113208,176,-0.88671875,0.232421875
12002,0.2132701421800948,180,-0.853515625,0.205078125
12002,0.21904761904761905,184,-0.833984375,0.16015625
12002,0.2248803827751196,188,-0.8671875,0.04296875
12002,0.2307692307692308,192,-0.865234375,0.208984375
10920,0.23671497584541065,196,-0.853515625,0.369631589114011
12002,0.2427184466019417,200,-0.88671875,0.501953125
12002,0.24878048780487805,204,-0.830078125,0.06640625
12002,0.2549019607843137,208,-0.876953125,0.0234375
12002,0.2610837438423645,212,-0.830078125,0.255859375
12002,0.2673267326732673,216,-0.90625,0.44921875
12002,0.2736318407960199,220,-0.802734375,0.015625
12002,0.28,224,-0.837890625,0.05078125
12002,0.2864321608040201,228,-0.8359375,0.041015625
12002,0.2929292929292929,232,-0.87109375,0.0546875
12002,0.29949238578680204,236,-0.8515625,0.259765625
84,0.30612244897959184,240,-0.8359375,0.23690941220238096
12002,0.19069767441860466,164,-0.880859375,0.03125
12002,0.19626168224299065,168,-0.884765625,0.162109375
12002,0.20187793427230047,172,-0.85546875,0.25390625
12002,0.2075471698113208,176,-0.82421875,0.162109375
1020,0.2132701421800948,180,-0.8828125,0.1460248161764706
12002,0.21904761904761905,184,-0.8515625,0.33984375
12002,0.2248803827751196,188,-0.830078125,0.408203125
12002,0.2307692307692308,192,-0.884765625,0.302734375
12002,0.23671497584541065,196,-0.84765625,0.08984375
12002,0.2427184466019417,200,-0.849609375,0.435546875
12002,0.24878048780487805,204,-0.900390625,0.037109375
12002,0.2549019607843137,208,-0.84375,0.060546875
12002,0.2610837438423645,212,-0.869140625,0.248046875
12002,0.2673267326732673,216,-0.857421875,0.068359375
12002,0.2736318407960199,220,-0.822265625,0.111328125
12002,0.28,224,-0.884765625,0.439453125
12002,0.2864321608040201,228,-0.857421875,0.306640625
12002,0.2929292929292929,232,-0.861328125,0.052734375
4368,0.29949238578680204,236,-0.8125,0.009028731684981684
12002,0.30612244897959184,240,-0.873046875,0.482421875
12002,0.19069767441860466,164,-0.8984375,0.279296875
12002,0.19626168224299065,168,-0.892578125,0.224609375
12002,0.20187793427230047,172,-0.880859375,0.078125
12002,0.2075471698113208,176,-0.859375,0.142578125
12002,0.2132701421800948,180,-0.8828125,0.208984375
12002,0.21904761904761905,184,-0.869140625,0.16015625
12002,0.2248803827751196,188,-0.8671875,0.287109375
12002,0.2307692307692308,192,-0.87890625,0.37890625
12002,0.23671497584541065,196,-0.876953125,0.263671875
12002,0.2427184466019417,200,-0.873046875,0.220703125
12002,0.24878048780487805,204,-0.8515625,0.263671875
12002,0.2549019607843137,208,-0.84375,0.1171875
12002,0.2610837438423645,212,-0.86328125,0.05859375
12002,0.2673267326732673,216,-0.875,0.23828125
12002,0.2736318407960199,220,-0.888671875,0.232421875
12002,0.28,224,-0.83984375,0.03125
220,0.2864321608040201,228,-0.875,0.027787642045454544
12002,0.2929292929292929,232,-0.830078125,0.12890625
12002,0.29949238578680204,236,-0.84765625,0.056640625
12002,0.30612244897959184,240,-0.830078125,0.138671875
1140,0.19069767441860466,164,-0.95703125,0.8121744791666666
12002,0.19626168224299065,168,-0.873046875,0.224609375
3900,0.20187793427230047,172,-0.896484375,0.4316656650641026
12002,0.2075471698113208,176,-0.890625,0.470703125
12002,0.2132701421800948,180,-0.900390625,0.607421875
12002,0.21904761904761905,184,-0.880859375,0.443359375
12002,0.2248803827751196,188,-0.935546875,0.6640625
12002,0.2307692307692308,192,-0.88671875,0.263671875
12002,0.23671497584541065,196,-0.845703125,0.205078125
12002,0.2427184466019417,200,-0.869140625,0.197265625
12002,0.24878048780487805,204,-0.892578125,0.55078125
12002,0.2549019607843137,208,-0.875,0.41015625
12002,0.2610837438423645,212,-0.87890625,0.435546875
12002,0.2673267326732673,216,-0.87890625,0.580078125
12002,0.2736318407960199,220,-0.84765625,0.162109375
12002,0.28,224,-0.869140625,0.25390625
12002,0.2864321608040201,228,-0.859375,0.365234375
12002,0.2929292929292929,232,-0.869140625,0.38671875
12002,0.29949238578680204,236,-0.8515625,0.296875
12002,0.30612244897959184,240,-0.841796875,0.17578125
7344,0.19069767441860466,164,-0.912109375,0.025417219839324615
12002,0.19626168224299065,168,-0.880859375,0.09765625
12002,0.20187793427230047,172,-0.91015625,0.240234375
12002,0.2075471698113208,176,-0.89453125,0.169921875
12002,0.2132701421800948,180,-0.884765625,0.033203125
12002,0.21904761904761905,184,-0.904296875,0.201171875
1980,0.2248803827751196,188,-0.88671875,0.30664358428030297
12002,0.2307692307692308,192,-0.89453125,0.17578125
12002,0.23671497584541065,196,-0.85546875,0.01171875
1260,0.2427184466019417,200,-0.865234375,0.13665674603174602
12002,0.24878048780487805,204,-0.888671875,0.0390625
12002,0.2549019607843137,208,-0.890625,0.103515625
12002,0.2610837438423645,212,-0.888671875,0.01953125
12002,0.2673267326732673,216,-0.873046875,0.189453125
12002,0.2736318407960199,220,-0.890625,0.09375
12002,0.28,224,-0.875,0.052734375
12002,0.2864321608040201,228,-0.849609375,0.021484375
12002,0.2929292929292929,232,-0.896484375,0.083984375
420,0.29949238578680204,236,-0.896484375,0.04256417410714286
12002,0.30612244897959184,240,-0.86328125,0.103515625
12002,0.19069767441860466,164,-0.890625,0.03125
12002,0.19626168224299065,168,-0.900390625,0.48046875
12002,0.20187793427230047,172,-0.90234375,0.6015625
12002,0.2075471698113208,176,-0.8671875,0.32421875
12002,0.2132701421800948,180,-0.892578125,0.021484375
420,0.21904761904761905,184,-0.90625,0.5455031622023809
180,0.2248803827751196,188,-0.88671875,0.15364583333333334
12002,0.2307692307692308,192,-0.89453125,0.013671875
12002,0.23671497584541065,196,-0.869140625,0.337890625
12002,0.2427184466019417,200,-0.8984375,0.232421875
12002,0.24878048780487805,204,-0.8515625,0.1875
12002,0.2549019607843137,208,-0.86328125,0.171875
12002,0.2610837438423645,212,-0.880859375,0.08984375
12002,0.2673267326732673,216,-0.888671875,0.3203125
2292,0.2736318407960199,220,-0.875,0.02099950234511344
660,0.28,224,-0.853515625,0.22576349431818185
12002,0.2864321608040201,228,-0.890625,0.21484375
3060,0.2929292929292929,232,-0.84765625,0.18696448631535947
12002,0.29949238578680204,236,-0.84375,0.01171875
12002,0.30612244897959184,240,-0.826171875,0.00390625
240,0.19069767441860466,164,-0.91015625,0.73583984375
780,0.19626168224299065,168,-0.943359375,0.74609375
12002,0.20187793427230047,172,-0.853515625,0.01171875
12002,0.2075471698113208,176,-0.869140625,0.271484375
12002,0.2132701421800948,180,-0.880859375,0.12890625
12002,0.21904761904761905,184,-0.900390625,0.025390625
12002,0.2248803827751196,188,-0.84375,0.4296875
12002,0.2307692307692308,192,-0.85546875,0.25
12002,0.23671497584541065,196,-0.853515625,0.08984375
12002,0.2427184466019417,200,-0.890625,0.205078125
1188,0.24878048780487805,204,-0.927734375,0.6455900147306397
12002,0.2549019607843137,208,-0.859375,0.3203125
12002,0.2610837438423645,212,-0.873046875,0.015625
8610,0.2673267326732673,216,-0.88671875,0.365282012195122
12002,0.2736318407960199,220,-0.857421875,0.064453125
12002,0.28,224,-0.837890625,0.166015625
12002,0.2864321608040201,228,-0.90625,0.4609375
12002,0.2929292929292929,232,-0.83984375,0.470703125
12002,0.29949238578680204,236,-0.80078125,0.111328125
12002,0.30612244897959184,240,-0.78515625,0.119140625
12002,0.19069767441860466,164,-0.8984375,0.146484375
12002,0.19626168224299065,168,-0.86328125,0.03125
12002,0.20187793427230047,172,-0.861328125,0.04296875
228,0.2075471698113208,176,-0.90625,0.4939521655701754
12002,0.2132701421800948,180,-0.87890625,0.451171875
12002,0.21904761904761905,184,-0.8359375,0.048828125
12002,0.2248803827751196,188,-0.865234375,0.271484375
12002,0.2307692307692308,192,-0.91015625,0.453125
300,0.23671497584541065,196,-0.94921875,0.783359375
12002,0.2427184466019417,200,-0.84765625,0.146484375
12002,0.24878048780487805,204,-0.833984375,0.37109375
12002,0.2549019607843137,208,-0.869140625,0.447265625
12002,0.2610837438423645,212,-0.845703125,0.3359375
12002,0.2673267326732673,216,-0.814453125,0.08203125
12002,0.2736318407960199,220,-0.84375,0.240234375
12002,0.28,224,-0.857421875,0.13671875
12002,0.2864321608040201,228,-0.84765625,0.427734375
9240,0.2929292929292929,232,-0.830078125,0.22424369250541126
1260,0.29949238578680204,236,-0.849609375,0.42353515625
840,0.30612244897959184,240,-0.890625,0.564453125
12002,0.19069767441860466,164,-0.869140625,0.107421875
12002,0.19626168224299065,168,-0.884765625,0.326171875
12002,0.20187793427230047,172,-0.880859375,0.015625
12002,0.2075471698113208,176,-0.888671875,0.40625
4440,0.2132701421800948,180,-0.8828125,0.3993964667792793
12002,0.21904761904761905,184,-0.884765625,0.259765625
12002,0.2248803827751196,188,-0.896484375,0.40625
12002,0.2307692307692308,192,-0.8671875,0.177734375
12002,0.23671497584541065,196,-0.859375,0.0859375
12002,0.2427184466019417,200,-0.904296875,0.64453125
12002,0.24878048780487805,204,-0.87890625,0.37890625
12002,0.2549019607843137,208,-0.84375,0.193359375
12002,0.2610837438423645,212,-0.826171875,0.052734375
12002,0.2673267326732673,216,-0.845703125,0.189453125
1680,0.2736318407960199,220,-0.84765625,0.4853341238839286
12002,0.28,224,-0.857421875,0.083984375
12002,0.2864321608040201,228,-0.845703125,0.04296875
12002,0.2929292929292929,232,-0.86328125,0.27734375
12002,0.29949238578680204,236,-0.865234375,0.013671875
1680,0.30612244897959184,240,-0.8671875,0.25221354166666665
12002,0.19069767441860466,164,-0.8828125,0.1171875
12002,0.19626168224299065,168,-0.857421875,0.115234375
66,0.20187793427230047,172,-0.958984375,0.833984375
12002,0.2075471698113208,176,-0.857421875,0.146484375
12002,0.2132701421800948,180,-0.892578125,0.646484375
12002,0.21904761904761905,184,-0.85546875,0.140625
12002,0.2248803827751196,188,-0.8515625,0.033203125
12002,0.2307692307692308,192,-0.873046875,0.068359375
12002,0.23671497584541065,196,-0.86328125,0.23828125
12002,0.2427184466019417,200,-0.873046875,0.0859375
4620,0.24878048780487805,204,-0.890625,0.6798650568181818
12002,0.2549019607843137,208,-0.876953125,0.1640625
12002,0.2610837438423645,212,-0.84765625,0.341796875
12002,0.2673267326732673,216,-0.865234375,0.03125
12002,0.2736318407960199,220,-0.86328125,0.087890625
12002,0.28,224,-0.85546875,0.201171875
12002,0.2864321608040201,228,-0.880859375,0.037109375
12002,0.2929292929292929,232,-0.84375,0.15625
4620,0.29949238578680204,236,-0.875,0.2854225852272727
12002,0.30612244897959184,240,-0.845703125,0.0078125
12002,0.19069767441860466,164,-0.888671875,0.25
12002,0.19626168224299065,168,-0.859375,0.021484375
12002,0.20187793427230047,172,-0.8671875,0.02734375
12002,0.2075471698113208,176,-0.884765625,0.060546875
12002,0.2132701421800948,180,-0.876953125,0.18359375
7812,0.21904761904761905,184,-0.912109375,0.1738551267281106
12002,0.2248803827751196,188,-0.8671875,0.2421875
12002,0.2307692307692308,192,-0.8671875,0.0546875
12002,0.23671497584541065,196,-0.87890625,0.185546875
12002,0.2427184466019417,200,-0.8671875,0.080078125
12002,0.24878048780487805,204,-0.857421875,0.111328125
3420,0.2549019607843137,208,-0.896484375,0.020355902777777782
12002,0.2610837438423645,212,-0.8515625,0.15234375
1032,0.2673267326732673,216,-0.87890625,0.009837542393410852
12002,0.2736318407960199,220,-0.875,0.390625
12002,0.28,224,-0.865234375,0.0234375
12002,0.2864321608040201,228,-0.857421875,0.265625
12002,0.2929292929292929,232,-0.86328125,0.09375
1380,0.29949238578680204,236,-0.892578125,0.3392351675724637
12002,0.30612244897959184,240,-0.869140625,0.00390625
12002,0.19069767441860466,164,-0.853515625,0.18359375
2190,0.19626168224299065,168,-0.8984375,0.05864280108447489
396,0.20187793427230047,172,-0.888671875,0.011195943813131314
2772,0.2075471698113208,176,-0.90234375,0.15755208333333334
12002,0.2132701421800948,180,-0.880859375,0.1171875
12002,0.21904761904761905,184,-0.89453125,0.21875
12002,0.2248803827751196,188,-0.91015625,0.064453125
12002,0.2307692307692308,192,-0.88671875,0.27734375
12002,0.23671497584541065,196,-0.88671875,0.029296875
12002,0.2427184466019417,200,-0.87890625,0.1171875
12002,0.24878048780487805,204,-0.85546875,0.185546875
12002,0.2549019607843137,208,-0.865234375,0.0546875
12002,0.2610837438423645,212,-0.87890625,0.15625
12002,0.2673267326732673,216,-0.87890625,0.138671875
12002,0.2736318407960199,220,-0.873046875,0.052734375
12002,0.28,224,-0.87109375,0.13671875
5670,0.2864321608040201,228,-0.89453125,0.14227499448853614
12002,0.2929292929292929,232,-0.875,0.111328125
12002,0.29949238578680204,236,-0.84765625,0.078125
12002,0.30612244897959184,240,-0.87109375,0.16015625
12002,0.19069767441860466,164,-0.8984375,0.462890625
12002,0.19626168224299065,168,-0.80859375,0.1796875
12002,0.20187793427230047,172,-0.90234375,0.53125
12002,0.2075471698113208,176,-0.908203125,0.265625
12002,0.2132701421800948,180,-0.896484375,0.28125
12002,0.21904761904761905,184,-0.876953125,0.388671875
12002,0.2248803827751196,188,-0.880859375,0.220703125
12002,0.2307692307692308,192,-0.8671875,0.12109375
12002,0.23671497584541065,196,-0.890625,0.017578125
12002,0.2427184466019417,200,-0.8828125,0.119140625
12002,0.24878048780487805,204,-0.859375,0.259765625
12002,0.2549019607843137,208,-0.880859375,0.25390625
12002,0.2610837438423645,212,-0.865234375,0.123046875
420,0.2673267326732673,216,-0.8984375,0.03850446428571429
12002,0.2736318407960199,220,-0.865234375,0.19140625
8580,0.28,224,-0.865234375,0.013297639860139859
12002,0.2864321608040201,228,-0.8828125,0.048828125
12002,0.2929292929292929,232,-0.833984375,0.1796875
12002,0.29949238578680204,236,-0.92578125,0.669921875
12002,0.30612244897959184,240,-0.84765625,0.24609375
12002,0.19069767441860466,164,-0.87890625,0.10546875
12002,0.19626168224299065,168,-0.88671875,0.408203125
12002,0.20187793427230047,172,-0.892578125,0.451171875
12002,0.2075471698113208,176,-0.845703125,0.091796875
5850,0.2132701421800948,180,-0.90234375,0.5707451923076923
12002,0.21904761904761905,184,-0.87109375,0.119140625
12002,0.2248803827751196,188,-0.9140625,0.48046875
12002,0.2307692307692308,192,-0.8984375,0.466796875
12002,0.23671497584541065,196,-0.87109375,0.279296875
12002,0.2427184466019417,200,-0.853515625,0.046875
2730,0.24878048780487805,204,-0.87890625,0.42720853365384615
12002,0.2549019607843137,208,-0.861328125,0.02734375
12002,0.2610837438423645,212,-0.890625,0.181640625
12002,0.2673267326732673,216,-0.88671875,0.515625
4620,0.2736318407960199,220,-0.87109375,0.11896306818181818
12002,0.28,224,-0.87890625,0.099609375
12002,0.2864321608040201,228,-0.810546875,0.1953125
12002,0.2929292929292929,232,-0.814453125,0.16796875
8556,0.29949238578680204,236,-0.87109375,0.3867895153985507
12002,0.30612244897959184,240,-0.841796875,0.359375
12002,0.19069767441860466,164,-0.875,0.201171875
12002,0.19626168224299065,168,-0.859375,0.150390625
12002,0.20187793427230047,172,-0.859375,0.158203125
12002,0.2075471698113208,176,-0.873046875,0.193359375
12002,0.2132701421800948,180,-0.8515625,0.0625
588,0.21904761904761905,184,-0.888671875,0.09107940051020408
12002,0.2248803827751196,188,-0.853515625,0.01953125
12002,0.2307692307692308,192,-0.853515625,0.279296875
12002,0.23671497584541065,196,-0.8203125,0.05859375
12002,0.2427184466019417,200,-0.876953125,0.0546875
12002,0.24878048780487805,204,-0.873046875,0.123046875
3660,0.2549019607843137,208,-0.8984375,0.2568359375
12002,0.2610837438423645,212,-0.880859375,0.1328125
12002,0.2673267326732673,216,-0.85546875,0.201171875
1680,0.2736318407960199,220,-0.859375,0.30993071056547616
12002,0.28,224,-0.88671875,0.123046875
12002,0.2864321608040201,228,-0.8359375,0.041015625
12002,0.2929292929292929,232,-0.837890625,0.02734375
12002,0.29949238578680204,236,-0.830078125,0.0234375
540,0.30612244897959184,240,-0.82421875,0.09456380208333333
